timestamp,video_name,frame_idx,label,angle_knee_l,angle_knee_r,angle_hip_l,angle_hip_r,dist_hip_ankle_l,dist_hip_ankle_r
2026-10-06 16:22:27,kick_1.mp4,1,0,165.64595,169.4084,177.88344,177.10861,6.578076,6.410344
2026-10-06 16:22:27,kick_1.mp4,2,0,165.24341,168.3776,179.90933,179.30562,6.696642,6.544395
2026-10-06 16:22:27,kick_1.mp4,3,0,164.3529,165.89384,177.28825,177.37497,6.578043,6.4171276
2026-10-06 16:22:27,kick_1.mp4,4,0,163.78958,166.33492,177.82452,178.18091,6.508688,6.3186836
2026-10-06 16:22:27,kick_1.mp4,5,0,164.36719,167.66681,179.15141,179.43213,6.53069,6.2967234
2026-10-06 16:22:27,kick_1.mp4,6,0,163.46352,167.86525,179.34807,179.70457,6.6771073,6.3970685
2026-10-06 16:22:27,kick_1.mp4,7,0,160.82361,165.765,178.5685,179.70924,6.647925,6.345191
2026-10-06 16:22:27,kick_1.mp4,8,0,156.58379,160.55377,176.20197,176.64397,6.55258,6.251861
2026-10-06 16:22:27,kick_1.mp4,9,0,154.20409,157.99104,174.19478,174.90376,6.928082,6.605181
2026-10-06 16:22:27,kick_1.mp4,10,0,152.72415,155.70421,174.83844,174.37889,7.0930786,6.7612085
2026-10-06 16:22:27,kick_1.mp4,11,0,150.67891,153.27136,175.81715,173.97308,7.2060337,7.010799
2026-10-06 16:22:27,kick_1.mp4,12,0,145.73967,148.99739,175.86795,171.89262,8.391919,8.218787
2026-10-06 16:22:27,kick_1.mp4,13,0,150.25844,152.71666,179.16818,174.24956,8.69204,8.602127
2026-10-06 16:22:27,kick_1.mp4,14,0,145.11812,152.73993,176.10951,170.46156,14.017084,14.471876
2026-10-06 16:22:27,kick_1.mp4,15,0,144.13136,154.53452,177.64282,171.1991,20.356169,21.767311
2026-10-06 16:22:27,kick_1.mp4,16,0,142.05124,153.11273,177.25247,169.68642,32.077686,35.144238
2026-10-06 16:22:27,kick_1.mp4,17,0,144.6,153.72142,179.8601,169.15735,44.557495,48.683167
2026-10-06 16:22:27,kick_1.mp4,18,0,146.81593,153.62115,176.98434,167.06398,26.916698,28.662418
2026-10-06 16:22:27,kick_1.mp4,19,0,151.38332,152.07008,176.39629,167.37059,29.204544,29.701357
2026-10-06 16:22:27,kick_1.mp4,20,0,153.43568,159.2936,173.90466,166.42401,32.153946,31.350323
2026-10-06 16:22:27,kick_1.mp4,21,0,160.77286,162.58044,171.99034,165.03055,26.79711,24.887897
2026-10-06 16:22:28,kick_1.mp4,22,0,162.86871,159.9741,175.35437,158.8032,22.219145,20.401728
2026-10-06 16:22:28,kick_1.mp4,23,0,160.62993,158.33229,175.82181,159.5538,23.354767,20.801195
2026-10-06 16:22:28,kick_1.mp4,24,0,154.97066,145.57826,179.03145,155.39198,29.332373,24.862873
2026-10-06 16:22:28,kick_1.mp4,25,0,149.3224,141.02145,176.59502,159.18022,28.820393,23.66033
2026-10-06 16:22:28,kick_1.mp4,26,0,145.63889,139.25706,173.7139,161.03424,43.645744,36.869537
2026-10-06 16:22:28,kick_1.mp4,27,0,144.68433,142.5302,175.48332,168.397,57.877926,49.910156
2026-10-06 16:22:28,kick_1.mp4,28,0,148.7026,150.94318,175.13316,173.03941,21.92667,20.584637
2026-10-06 16:22:28,kick_1.mp4,29,0,143.03606,144.50809,172.82219,172.83551,17.418379,17.155478
2026-10-06 16:22:28,kick_1.mp4,30,0,144.93144,146.65765,164.4779,174.31941,14.791967,14.335744
2026-10-06 16:22:28,kick_1.mp4,31,0,144.8758,150.2689,155.51912,173.2652,11.235854,11.425172
2026-10-06 16:22:28,kick_1.mp4,32,0,138.51907,146.5699,147.43597,170.42639,9.104777,9.604253
2026-10-06 16:22:28,kick_1.mp4,33,0,134.81827,145.68636,138.62523,167.53194,8.994708,9.760975
2026-10-06 16:22:28,kick_1.mp4,34,0,134.30168,147.1688,134.45453,168.38658,8.266883,9.099217
2026-10-06 16:22:28,kick_1.mp4,35,0,142.43237,155.91968,137.83879,175.3104,7.660309,8.108229
2026-10-06 16:22:28,kick_1.mp4,36,0,148.46906,159.07796,137.88846,175.70299,10.308187,10.382684
2026-10-06 16:22:28,kick_1.mp4,37,0,148.97473,158.10733,142.28062,178.20027,11.808173,11.634521
2026-10-06 16:22:28,kick_1.mp4,38,1,144.25047,149.66393,146.81888,177.87605,12.392299,12.077084
2026-10-06 16:22:28,kick_1.mp4,39,1,142.37073,140.28905,154.52814,177.60672,21.385138,19.223864
2026-10-06 16:22:28,kick_1.mp4,40,1,154.85501,148.79602,160.20885,175.97377,23.605274,18.761929
2026-10-06 16:22:28,kick_1.mp4,41,1,158.61705,161.2205,163.60445,165.16547,18.910172,16.628635
2026-10-06 16:22:28,kick_1.mp4,42,1,159.41763,162.5597,167.51105,166.99776,16.198147,14.520647
2026-10-06 16:22:28,kick_1.mp4,43,1,156.01491,155.13776,167.79477,164.41412,12.320063,10.119457
2026-10-06 16:22:28,kick_1.mp4,44,1,156.24658,161.71416,167.53653,170.08835,15.473868,14.061219
2026-10-06 16:22:28,kick_1.mp4,45,1,147.44768,154.23737,165.12224,166.54552,13.062969,12.136545
2026-10-06 16:22:28,kick_1.mp4,46,1,145.53027,148.33855,166.94212,167.09427,14.436209,12.983936
2026-10-06 16:22:28,kick_1.mp4,47,1,141.08096,151.57443,165.50107,169.09036,21.139187,19.519268
2026-10-06 16:22:28,kick_1.mp4,48,1,150.02072,160.60887,170.72618,171.41452,20.53442,18.276962
2026-10-06 16:22:28,kick_1.mp4,49,1,148.58594,160.46078,168.92863,170.70038,18.491262,15.798864
2026-10-06 16:22:28,kick_1.mp4,50,1,144.8509,156.4462,172.64229,176.15741,22.66365,21.167013
2026-10-06 16:22:28,kick_1.mp4,51,1,141.9751,154.76418,174.92656,179.45212,10.471142,10.417307
2026-10-06 16:22:28,kick_1.mp4,52,0,149.21895,161.4025,174.46298,171.30927,8.757613,8.709286
2026-10-06 16:22:28,kick_1.mp4,53,0,150.18094,158.57288,172.0322,171.47704,9.611857,9.551518
2026-10-06 16:22:28,kick_1.mp4,54,0,150.77586,157.87369,170.02417,169.67938,9.3817,9.068413
2026-10-06 16:22:29,kick_1.mp4,55,0,159.4783,167.11824,163.21915,165.31422,7.1281567,6.4321427
2026-10-06 16:22:29,kick_1.mp4,56,0,161.73196,146.5727,162.34879,144.93698,4.1490455,3.7192519
2026-10-06 16:22:29,kick_1.mp4,57,0,164.02039,149.63684,161.72174,143.1374,4.200706,3.3467994
2026-10-06 16:22:29,kick_1.mp4,58,0,167.27438,161.01816,159.7264,153.37811,4.4956937,3.800108
2026-10-06 16:22:29,kick_1.mp4,59,0,167.64958,162.82112,160.45964,161.25865,4.5195446,4.0220737
2026-10-06 16:22:29,kick_1.mp4,60,0,168.40396,158.93806,162.02025,161.7598,4.2993917,4.051444
2026-10-06 16:22:29,kick_1.mp4,61,0,168.59901,162.2696,164.5201,165.59,4.4615164,4.1835947
2026-10-06 16:22:29,kick_1.mp4,62,0,166.70264,162.53636,167.96196,169.36864,4.4572663,4.188206
2026-10-06 16:22:29,kick_1.mp4,63,0,166.36505,162.11163,169.34067,171.43044,4.3560996,4.072353
2026-10-06 16:22:29,kick_1.mp4,64,0,164.51965,160.27078,169.92871,174.86273,4.2493463,4.0090914
2026-10-06 16:22:29,kick_1.mp4,65,0,162.1764,158.22252,169.866,177.95396,4.11718,3.8433273
2026-10-06 16:22:29,kick_1.mp4,66,0,160.31335,154.54808,171.25967,177.6327,3.9823701,3.6345882
2026-10-06 16:22:29,kick_1.mp4,67,0,158.27028,151.71388,172.65976,177.786,3.8878715,3.5446668
2026-10-06 16:22:29,kick_1.mp4,68,0,158.87871,152.97359,172.29556,179.93439,3.9022312,3.581652
2026-10-06 16:22:29,kick_1.mp4,69,0,157.70026,151.15361,174.41835,178.19658,3.8843536,3.5862606
2026-10-06 16:22:29,kick_1.mp4,70,0,154.54407,146.40685,175.65128,176.7894,3.8057044,3.396069
2026-10-06 16:22:29,kick_1.mp4,71,0,154.04063,143.92465,176.23354,176.0958,3.7585611,3.2404346
2026-10-06 16:22:29,kick_1.mp4,72,0,152.72832,141.51076,177.28465,175.18878,3.7012656,3.1292439
2026-10-06 16:22:29,kick_10.mp4,1,0,135.46869,109.38806,166.39835,150.34273,3.7358165,2.3827424
2026-10-06 16:22:29,kick_10.mp4,2,0,141.20729,119.016396,168.84785,170.32625,3.3745513,2.4696639
2026-10-06 16:22:29,kick_10.mp4,3,0,150.20096,135.04387,171.18138,176.96635,3.2747085,2.5967221
2026-10-06 16:22:29,kick_10.mp4,4,0,146.24287,135.39993,163.32915,176.20738,3.593202,2.9831152
2026-10-06 16:22:29,kick_10.mp4,5,0,149.49377,133.07442,166.26202,179.42221,3.7652488,3.2044704
2026-10-06 16:22:29,kick_10.mp4,6,0,148.4522,135.36993,162.16917,177.5278,3.8806353,3.5460424
2026-10-06 16:22:29,kick_10.mp4,7,0,148.94751,143.75732,157.75018,173.15233,4.231367,3.9915786
2026-10-06 16:22:29,kick_10.mp4,8,0,149.51903,147.34795,153.8101,179.53102,5.296915,4.878016
2026-10-06 16:22:29,kick_10.mp4,9,0,151.75568,163.6268,155.04376,174.84079,6.242071,5.6979012
2026-10-06 16:22:29,kick_10.mp4,10,0,149.30305,170.3583,149.81096,177.32628,6.915796,6.1259856
2026-10-06 16:22:29,kick_10.mp4,11,0,148.23943,172.57005,149.23715,176.42137,8.384038,7.4503727
2026-10-06 16:22:29,kick_10.mp4,12,0,142.48633,156.44554,141.7452,169.73029,9.591763,8.938838
2026-10-06 16:22:29,kick_10.mp4,13,0,147.78888,175.71399,143.9522,178.98259,36.197388,33.002674
2026-10-06 16:22:29,kick_10.mp4,14,0,145.43999,170.52284,140.0907,174.4103,10.223591,9.456123
2026-10-06 16:22:30,kick_10.mp4,15,0,141.07257,164.77043,132.77867,167.19577,6.69647,5.845931
2026-10-06 16:22:30,kick_10.mp4,16,0,132.63928,147.32591,122.89809,154.15176,5.357901,4.766828
2026-10-06 16:22:30,kick_10.mp4,17,0,124.19741,146.14203,114.36964,153.85245,5.27653,4.708811
2026-10-06 16:22:30,kick_10.mp4,18,0,119.11714,137.87389,108.40974,146.76912,4.876173,4.2317085
2026-10-06 16:22:30,kick_10.mp4,19,0,123.2498,139.76543,116.79139,152.31905,4.587341,3.87429
2026-10-06 16:22:30,kick_10.mp4,20,0,131.05681,147.86937,127.68273,163.98685,4.6297994,3.8372033
2026-10-06 16:22:30,kick_10.mp4,21,0,133.41335,150.81778,134.37292,171.27101,6.2088876,5.137825
2026-10-06 16:22:30,kick_10.mp4,22,0,140.81071,155.04012,148.49223,175.29417,12.323965,9.822583
2026-10-06 16:22:30,kick_10.mp4,23,0,148.363,154.26128,159.31583,168.67456,17.45438,14.283801
2026-10-06 16:22:30,kick_10.mp4,24,0,152.10847,149.32912,168.3435,165.78658,11.395221,8.333932
2026-10-06 16:22:30,kick_10.mp4,25,1,153.15823,143.27109,168.00209,168.99643,7.733877,5.0503483
2026-10-06 16:22:30,kick_10.mp4,26,1,148.93784,148.74306,170.00502,168.58893,6.4893117,4.639036
2026-10-06 16:22:30,kick_10.mp4,27,1,140.87627,86.69944,172.49657,126.44316,4.5311294,1.7346797
2026-10-06 16:22:30,kick_10.mp4,28,1,145.91652,79.38638,172.91295,118.830956,4.2126665,1.402918
2026-10-06 16:22:30,kick_10.mp4,29,1,146.24911,79.26712,175.3673,115.03802,4.620123,1.5697268
2026-10-06 16:22:30,kick_10.mp4,30,1,171.20654,149.03421,176.2174,118.34186,5.8232727,4.3169518
2026-10-06 16:22:30,kick_10.mp4,31,1,172.84592,166.8449,167.67148,143.31352,12.841622,9.563
2026-10-06 16:22:30,kick_10.mp4,32,1,165.7444,159.65685,165.15097,141.47952,9.022386,8.111655
2026-10-06 16:22:30,kick_10.mp4,33,1,171.47336,166.1627,168.2398,146.50378,10.370108,8.264285
2026-10-06 16:22:30,kick_10.mp4,34,1,161.21883,140.66418,167.94958,119.803505,6.488065,5.2540994
2026-10-06 16:22:30,kick_10.mp4,35,1,167.1986,149.60236,172.5019,143.24811,6.742652,4.8106527
2026-10-06 16:22:30,kick_10.mp4,36,1,160.73804,143.3193,162.74033,138.25389,8.550268,6.342193
2026-10-06 16:22:30,kick_10.mp4,37,0,165.26517,136.89491,173.80276,125.63643,5.797973,4.338061
2026-10-06 16:22:30,kick_10.mp4,38,0,177.49266,133.73991,174.4718,117.81963,3.9424434,2.815995
2026-10-06 16:22:30,kick_10.mp4,39,0,174.85886,139.85214,179.15744,126.49906,3.7051177,2.607695
2026-10-06 16:22:30,kick_10.mp4,40,0,178.15909,139.42166,171.37183,129.65489,3.1768425,2.227892
2026-10-06 16:22:30,kick_10.mp4,41,0,179.48375,142.50165,171.79631,140.07764,3.1095014,2.4011428
2026-10-06 16:22:30,kick_10.mp4,42,0,176.9857,155.67342,169.36223,153.49086,3.306495,2.4866083
2026-10-06 16:22:30,kick_10.mp4,43,0,175.65044,172.76079,160.65866,168.1006,3.4032283,2.7924688
2026-10-06 16:22:30,kick_10.mp4,44,0,174.30522,170.54749,161.03189,170.56065,3.0358176,2.6696994
2026-10-06 16:22:30,kick_10.mp4,45,0,163.17673,173.14984,158.79237,179.66254,2.8108552,2.7786186
2026-10-06 16:22:30,kick_10.mp4,46,0,146.30655,160.69664,154.27696,174.92413,2.5003135,2.6230037
2026-10-06 16:22:30,kick_10.mp4,47,0,142.64883,153.34407,152.51419,173.27782,2.5355368,2.7131574
2026-10-06 16:22:30,kick_10.mp4,48,0,147.15149,162.12949,158.70444,179.91606,2.6461897,2.8167908
2026-10-06 16:22:30,kick_10.mp4,49,0,151.01315,166.65752,161.7072,177.8839,2.6687684,2.74975
2026-10-06 16:22:31,kick_10.mp4,50,0,159.97395,179.82306,169.33632,167.61581,2.8166637,2.8627074
2026-10-06 16:22:31,kick_10.mp4,51,0,170.91779,177.4566,176.91815,164.92474,3.0753274,2.8741884
2026-10-06 16:22:31,kick_10.mp4,52,0,174.79767,158.4411,177.01534,155.75012,3.624594,3.293777
2026-10-06 16:22:31,kick_10.mp4,53,0,150.38274,136.51189,169.51694,153.69069,4.96933,4.1981845
2026-10-06 16:22:31,kick_10.mp4,54,0,138.82394,121.61407,162.62982,148.73486,5.900705,4.423543
2026-10-06 16:22:31,kick_10.mp4,55,0,148.91554,136.52376,163.70555,163.74435,8.600407,6.1882596
2026-10-06 16:22:31,kick_10.mp4,56,0,156.9435,141.62827,161.05844,169.44035,9.825825,6.4411836
2026-10-06 16:22:31,kick_10.mp4,57,0,155.58612,136.58955,157.98708,173.25525,11.566897,7.176429
2026-10-06 16:22:31,kick_10.mp4,58,0,152.41592,144.33577,154.13083,176.11308,16.125042,10.829254
2026-10-06 16:22:31,kick_10.mp4,59,0,151.77936,148.05902,151.95627,175.79466,14.034044,9.857187
2026-10-06 16:22:31,kick_10.mp4,60,0,152.73712,146.49506,152.55511,174.28728,12.062275,8.04535
2026-10-06 16:22:31,kick_10.mp4,61,0,157.0878,150.18005,154.97849,175.42589,11.071083,7.4523787
2026-10-06 16:22:31,kick_10.mp4,62,0,159.73349,151.89879,157.35808,177.45331,10.423594,6.9863997
2026-10-06 16:22:31,kick_10.mp4,63,0,160.89543,152.98665,157.12451,177.98248,9.370887,6.2903676
2026-10-06 16:22:31,kick_10.mp4,64,0,162.29362,154.57082,159.35704,179.04529,11.086293,7.627318
2026-10-06 16:22:31,kick_10.mp4,65,0,159.37498,155.1079,156.8838,179.50981,8.749905,6.5546794
2026-10-06 16:22:31,kick_10.mp4,66,0,159.66267,155.23642,156.25613,178.89075,8.359262,6.350187
2026-10-06 16:22:31,kick_10.mp4,67,0,160.6001,155.39793,155.84874,178.15909,8.466223,6.385129
2026-10-06 16:22:31,kick_10.mp4,68,0,162.13321,157.53578,156.6349,178.83064,8.29924,6.3143697
2026-10-06 16:22:31,kick_10.mp4,69,0,163.2627,159.20294,157.62567,179.70724,8.180964,6.179504
2026-10-06 16:22:31,kick_10.mp4,70,0,164.00261,159.05756,157.8227,179.65451,8.06249,5.9931755
2026-10-06 16:22:31,kick_10.mp4,71,0,164.19804,159.0894,157.46857,179.25716,7.862196,5.8424907
2026-10-06 16:22:31,kick_10.mp4,72,0,164.41629,159.37398,157.35645,179.10211,7.4712553,5.6470256
2026-10-06 16:22:31,kick_10.mp4,73,0,164.8336,159.10194,156.98602,179.08914,7.8659296,5.9646115
2026-10-06 16:22:31,kick_10.mp4,74,0,163.82715,157.13533,156.46208,178.04865,7.5925093,5.722165
2026-10-06 16:22:31,kick_10.mp4,75,0,162.9669,155.41534,156.6928,175.90312,8.037271,5.830537
2026-10-06 16:22:31,kick_10.mp4,76,0,158.43665,150.63116,153.5479,173.96924,7.7098765,5.7910333
2026-10-06 16:22:31,kick_10.mp4,77,0,156.4778,151.42711,153.4628,174.45479,9.457956,6.6138153
2026-10-06 16:22:31,kick_10.mp4,78,0,157.46309,148.6591,154.00438,174.81506,10.487567,7.021904
2026-10-06 16:22:31,kick_10.mp4,79,0,155.06984,149.68689,152.01126,173.60995,10.819584,7.571397
2026-10-06 16:22:31,kick_10.mp4,80,0,158.61069,150.9451,151.90901,173.15431,7.8134303,5.5130453
2026-10-06 16:22:31,kick_10.mp4,81,0,161.00009,154.89937,152.75778,174.38953,7.1101575,5.1562476
2026-10-06 16:22:32,kick_11.mp4,1,0,155.1905,168.80736,162.97394,166.4745,14.92412,12.226833
2026-10-06 16:22:32,kick_11.mp4,2,0,157.6506,165.72743,164.15414,163.51578,13.929233,10.643871
2026-10-06 16:22:32,kick_11.mp4,3,0,154.37852,136.04762,158.21404,113.47919,7.1822023,6.3024125
2026-10-06 16:22:32,kick_11.mp4,4,0,161.67407,128.32455,172.82225,116.624435,6.296134,4.2013946
2026-10-06 16:22:32,kick_11.mp4,5,0,154.10707,111.526955,169.9276,122.20011,6.2400184,3.3995638
2026-10-06 16:22:32,kick_11.mp4,6,0,148.03653,108.625496,166.58847,134.141,6.481813,3.6438603
2026-10-06 16:22:32,kick_11.mp4,7,0,143.33218,115.774445,165.63992,143.2652,8.68495,5.6369534
2026-10-06 16:22:32,kick_11.mp4,8,0,139.27821,125.53554,168.521,157.86273,10.912164,8.2715435
2026-10-06 16:22:32,kick_11.mp4,9,0,140.57132,132.18843,161.93939,165.13622,16.085377,13.111638
2026-10-06 16:22:32,kick_11.mp4,10,0,144.87065,132.18362,160.79164,165.21227,11.742285,8.70701
2026-10-06 16:22:32,kick_11.mp4,11,0,145.5513,135.10594,162.0749,169.45627,16.95037,12.491816
2026-10-06 16:22:32,kick_11.mp4,12,0,141.67322,136.09654,158.80092,170.94075,16.381771,12.782316
2026-10-06 16:22:32,kick_11.mp4,13,0,144.67061,141.134,155.04955,169.70088,20.29615,16.36623
2026-10-06 16:22:32,kick_11.mp4,14,0,147.25967,147.44133,155.64455,170.86519,9.423775,7.9066687
2026-10-06 16:22:32,kick_11.mp4,15,0,152.05339,156.59927,151.52202,171.67038,5.8286996,5.22739
2026-10-06 16:22:32,kick_11.mp4,16,0,153.16391,149.54889,151.37608,168.22229,4.794053,3.9005747
2026-10-06 16:22:32,kick_11.mp4,17,0,158.52498,158.83627,148.88202,170.3791,5.276154,4.7110806
2026-10-06 16:22:32,kick_11.mp4,18,0,162.76848,160.2237,151.41747,174.0622,4.3448696,3.5842788
2026-10-06 16:22:32,kick_11.mp4,19,0,164.88316,159.69458,151.45618,179.7553,4.2070303,3.391368
2026-10-06 16:22:32,kick_11.mp4,20,0,167.76068,159.70221,150.36053,177.0955,3.605476,2.9608083
2026-10-06 16:22:32,kick_11.mp4,21,0,160.45656,159.61269,145.40112,177.81966,3.9694111,3.3973455
2026-10-06 16:22:32,kick_11.mp4,22,0,157.90973,160.62015,142.686,179.10124,3.8930626,3.3716066
2026-10-06 16:22:32,kick_11.mp4,23,0,152.66216,162.05858,137.12042,178.9876,3.71784,3.1937323
2026-10-06 16:22:32,kick_11.mp4,24,0,144.22914,158.92366,125.186035,172.00143,3.603528,3.2211585
2026-10-06 16:22:32,kick_11.mp4,25,0,142.66112,157.45346,123.97455,171.66245,3.391674,3.2044594
2026-10-06 16:22:32,kick_11.mp4,26,0,139.78847,153.43599,127.76285,174.05014,3.5560162,3.3833816
2026-10-06 16:22:32,kick_11.mp4,27,0,143.68178,156.78114,135.72017,177.6464,3.9320807,3.869569
2026-10-06 16:22:32,kick_11.mp4,28,0,144.21785,151.56763,140.38025,178.51825,5.0185623,4.9585347
2026-10-06 16:22:32,kick_11.mp4,29,0,145.9297,149.4773,151.8212,175.34987,6.8767104,6.3231335
2026-10-06 16:22:32,kick_11.mp4,30,0,155.69641,159.6987,161.5827,168.88544,12.857538,11.730211
2026-10-06 16:22:32,kick_11.mp4,31,1,153.57507,152.54646,163.94827,178.7219,23.368273,16.712004
2026-10-06 16:22:32,kick_11.mp4,32,1,143.46405,120.325836,161.35222,141.20926,11.357732,6.84446
2026-10-06 16:22:32,kick_11.mp4,33,1,148.63531,133.91219,165.93608,139.95787,12.585581,8.042539
2026-10-06 16:22:33,kick_11.mp4,34,1,145.21396,155.33327,161.62321,164.58495,17.786104,15.45763
2026-10-06 16:22:33,kick_11.mp4,35,1,144.25606,145.99867,138.32452,128.3268,10.801978,10.254361
2026-10-06 16:22:33,kick_11.mp4,36,1,150.98416,157.30026,164.22269,163.4358,14.291528,12.200358
2026-10-06 16:22:33,kick_11.mp4,37,1,153.36649,155.85147,167.2405,160.57692,14.546888,11.332942
2026-10-06 16:22:33,kick_11.mp4,38,1,158.45508,162.60841,160.09616,156.49876,10.443944,8.694724
2026-10-06 16:22:33,kick_11.mp4,39,0,157.9532,161.32036,145.18428,124.88257,11.567756,11.007796
2026-10-06 16:22:33,kick_11.mp4,40,0,154.99614,154.7224,147.38449,117.18335,12.32996,12.244559
2026-10-06 16:22:33,kick_11.mp4,41,0,147.82964,148.58115,145.57722,129.17494,10.967151,9.748759
2026-10-06 16:22:33,kick_11.mp4,42,0,151.90656,136.34627,164.79517,131.28235,7.756667,5.019841
2026-10-06 16:22:33,kick_11.mp4,43,0,153.28416,147.13376,155.59778,146.00566,11.358289,8.233644
2026-10-06 16:22:33,kick_11.mp4,44,0,159.46419,132.44969,158.94032,119.70548,5.4674287,3.4306521
2026-10-06 16:22:33,kick_11.mp4,45,0,155.97617,130.13852,155.4863,129.24947,5.720256,3.6788607
2026-10-06 16:22:33,kick_11.mp4,46,0,141.01617,128.54895,151.6305,140.75078,7.492577,5.868633
2026-10-06 16:22:33,kick_11.mp4,47,0,158.4976,148.46582,172.43773,165.95248,5.824015,4.454201
2026-10-06 16:22:33,kick_11.mp4,48,0,170.35818,167.72467,178.06427,178.62955,5.3479915,4.650067
2026-10-06 16:22:33,kick_11.mp4,49,0,173.55916,176.18433,176.2271,174.5631,4.515275,4.051129
2026-10-06 16:22:33,kick_11.mp4,50,0,173.39326,173.57205,178.85754,171.26085,4.754176,4.0312057
2026-10-06 16:22:33,kick_11.mp4,51,0,161.13799,157.91078,174.95915,175.43068,4.8982816,3.659008
2026-10-06 16:22:33,kick_11.mp4,52,0,158.19789,151.07324,170.8036,179.72876,5.299019,3.841975
2026-10-06 16:22:33,kick_11.mp4,53,0,157.45152,156.93059,169.65686,179.16162,8.56444,6.1578555
2026-10-06 16:22:33,kick_11.mp4,54,0,154.71294,150.05826,161.78754,167.14034,13.128494,9.641513
2026-10-06 16:22:33,kick_11.mp4,55,0,154.28752,148.91084,160.79073,166.78864,15.0880785,10.965911
2026-10-06 16:22:33,kick_11.mp4,56,0,157.74995,157.20326,160.09697,170.55435,13.66135,10.42343
2026-10-06 16:22:33,kick_11.mp4,57,0,157.44466,151.73228,158.23152,168.99426,9.437884,6.891623
2026-10-06 16:22:33,kick_11.mp4,58,0,160.15646,153.4651,158.64037,173.47298,7.528073,5.6294246
2026-10-06 16:22:33,kick_11.mp4,59,0,161.01073,154.75618,158.9851,175.3127,6.804712,5.102182
2026-10-06 16:22:33,kick_11.mp4,60,0,160.63246,155.06659,158.87016,175.5123,6.8682313,5.2007875
2026-10-06 16:22:33,kick_11.mp4,61,0,163.28937,159.6436,160.34055,176.72034,7.033944,5.4243283
2026-10-06 16:22:33,kick_11.mp4,62,0,164.81436,162.8713,161.22159,178.26031,7.794045,5.968908
2026-10-06 16:22:33,kick_11.mp4,63,0,165.86307,167.27118,161.87566,179.05954,9.069968,6.9361677
2026-10-06 16:22:33,kick_11.mp4,64,0,166.48761,169.56972,161.48938,177.801,11.255536,8.689991
2026-10-06 16:22:33,kick_11.mp4,65,0,164.6645,165.52805,158.4386,179.33382,15.540165,11.449423
2026-10-06 16:22:33,kick_11.mp4,66,0,166.91483,168.40755,158.51892,178.067,18.285126,13.744823
2026-10-06 16:22:33,kick_11.mp4,67,0,166.28471,168.84224,158.37735,176.02097,16.769417,12.546539
2026-10-06 16:22:34,kick_11.mp4,68,0,167.2465,170.80061,159.11386,174.62698,13.20691,9.445847
2026-10-06 16:22:34,kick_11.mp4,69,0,169.0088,171.13474,161.20319,172.0004,9.798704,6.9238315
2026-10-06 16:22:34,kick_11.mp4,70,0,168.11757,168.44778,161.91089,170.28009,7.265306,4.854132
2026-10-06 16:22:34,kick_11.mp4,71,0,170.31267,169.09233,166.45456,167.00482,6.1132207,4.2916794
2026-10-06 16:22:34,kick_12.mp4,1,0,176.43239,149.84027,147.68181,118.78163,3.0313976,2.7976484
2026-10-06 16:22:34,kick_12.mp4,2,0,178.1259,156.78065,157.73605,113.59128,2.6804492,2.8525856
2026-10-06 16:22:34,kick_12.mp4,3,0,177.16385,147.97365,154.96683,107.09338,2.5034297,2.6373298
2026-10-06 16:22:34,kick_12.mp4,4,0,173.2194,137.78996,142.37257,114.33795,2.6985316,2.4448295
2026-10-06 16:22:34,kick_12.mp4,5,0,178.31436,141.84483,150.3098,111.63548,2.558566,2.4752436
2026-10-06 16:22:34,kick_12.mp4,6,0,176.62083,141.94562,155.17671,113.37745,2.5764022,2.3565698
2026-10-06 16:22:34,kick_12.mp4,7,0,179.16725,138.68672,149.9494,117.84122,2.7247682,2.3790026
2026-10-06 16:22:34,kick_12.mp4,8,0,178.49635,141.43764,151.21213,121.79788,2.6920705,2.3553689
2026-10-06 16:22:34,kick_12.mp4,9,0,178.12831,140.15562,155.2943,127.861336,2.7959573,2.2548358
2026-10-06 16:22:34,kick_12.mp4,10,0,175.30717,139.55403,159.6081,132.87123,2.8046517,2.1312025
2026-10-06 16:22:34,kick_12.mp4,11,0,169.99352,131.9706,164.60313,133.13643,2.8308918,2.0512903
2026-10-06 16:22:34,kick_12.mp4,12,0,164.60936,130.78972,170.38815,137.8994,2.890315,1.9616455
2026-10-06 16:22:34,kick_12.mp4,13,0,159.21754,120.74427,174.6179,139.31729,2.9675744,1.8450732
2026-10-06 16:22:34,kick_12.mp4,14,0,155.78618,112.26044,178.20877,141.63657,3.0337546,1.8132893
2026-10-06 16:22:34,kick_12.mp4,15,0,152.47208,108.42912,179.87965,144.35638,3.0754466,1.790724
2026-10-06 16:22:34,kick_12.mp4,16,0,148.41855,103.183395,177.49742,144.91756,3.2151048,1.8685793
2026-10-06 16:22:34,kick_12.mp4,17,0,144.787,111.30879,178.55273,153.44365,3.3591,2.1572506
2026-10-06 16:22:34,kick_12.mp4,18,0,142.8766,102.852776,175.29247,150.63046,3.306848,1.9195039
2026-10-06 16:22:34,kick_12.mp4,19,0,141.66966,123.20785,174.67706,179.88295,3.7949471,3.0197065
2026-10-06 16:22:34,kick_12.mp4,20,0,141.52547,135.15556,173.88544,172.11362,4.535352,3.8679085
2026-10-06 16:22:34,kick_12.mp4,21,0,150.52524,137.02975,172.92572,168.2321,4.8316994,3.7741988
2026-10-06 16:22:34,kick_12.mp4,22,0,152.24307,141.50592,171.68617,163.0022,5.4782586,4.381726
2026-10-06 16:22:34,kick_12.mp4,23,0,154.80003,142.08105,169.7424,163.78548,5.8719172,4.6455894
2026-10-06 16:22:34,kick_12.mp4,24,0,157.31375,144.74585,166.63158,164.18134,7.056129,5.6611156
2026-10-06 16:22:34,kick_12.mp4,25,0,157.11177,143.5178,165.541,163.46431,7.7712536,6.3482113
2026-10-06 16:22:34,kick_12.mp4,26,0,160.13762,148.00066,163.84793,163.07854,8.508169,7.1050777
2026-10-06 16:22:34,kick_12.mp4,27,0,164.02296,156.7997,161.98868,160.65009,11.269299,9.6559
2026-10-06 16:22:34,kick_12.mp4,28,0,163.15865,162.08452,159.67984,159.744,14.06692,12.574535
2026-10-06 16:22:34,kick_12.mp4,29,0,164.2363,168.62169,156.71803,161.37265,17.077976,15.4767885
2026-10-06 16:22:35,kick_12.mp4,30,0,165.49623,166.46884,152.81682,167.97356,18.0731,15.9006405
2026-10-06 16:22:35,kick_12.mp4,31,0,162.46823,169.62767,149.1871,169.3001,15.653154,14.04228
2026-10-06 16:22:35,kick_12.mp4,32,0,163.72891,169.1899,145.45439,173.7256,13.494426,12.188684
2026-10-06 16:22:35,kick_12.mp4,33,0,164.47453,166.64578,139.01921,179.83098,11.136888,9.874717
2026-10-06 16:22:35,kick_12.mp4,34,0,164.89482,169.75446,135.38878,178.70848,9.053145,7.9896955
2026-10-06 16:22:35,kick_12.mp4,35,0,162.68028,169.11731,130.96175,176.37885,10.156785,8.917916
2026-10-06 16:22:35,kick_12.mp4,36,0,159.48372,167.66614,127.3954,172.13919,10.531254,9.129207
2026-10-06 16:22:35,kick_12.mp4,37,0,157.61604,165.80214,126.314995,171.33795,10.989583,9.442781
2026-10-06 16:22:35,kick_12.mp4,38,0,158.0362,164.53725,126.788315,171.2938,11.20059,9.659939
2026-10-06 16:22:35,kick_12.mp4,39,0,156.1374,162.20274,126.22122,169.56004,11.409784,9.619853
2026-10-06 16:22:35,kick_12.mp4,40,0,153.19943,160.33618,129.08223,172.3705,10.194181,8.944533
2026-10-06 16:22:35,kick_12.mp4,41,0,154.72195,154.81386,128.32704,169.42438,10.67477,9.162148
2026-10-06 16:22:35,kick_12.mp4,42,0,153.81355,155.01883,130.1497,173.0768,10.164716,8.9281225
2026-10-06 16:22:35,kick_12.mp4,43,0,151.98175,155.69432,130.87581,175.7639,13.416032,12.015687
2026-10-06 16:22:35,kick_12.mp4,44,0,147.84248,154.22707,130.21468,177.51163,12.086995,11.249651
2026-10-06 16:22:35,kick_12.mp4,45,0,144.29239,153.26521,127.50861,177.56586,14.309787,13.553223
2026-10-06 16:22:35,kick_12.mp4,46,0,146.4158,152.99596,132.31775,178.382,18.603144,17.6831
2026-10-06 16:22:35,kick_12.mp4,47,0,149.29198,153.28836,136.57858,178.43114,23.833529,22.62898
2026-10-06 16:22:35,kick_12.mp4,48,0,151.75604,152.20052,143.31465,173.82983,16.442858,15.630724
2026-10-06 16:22:35,kick_12.mp4,49,0,148.7425,149.63164,147.5244,170.369,8.504059,8.329443
2026-10-06 16:22:35,kick_12.mp4,50,0,152.68834,139.91632,155.90158,173.46686,6.3037868,5.1870227
2026-10-06 16:22:35,kick_12.mp4,51,0,149.37845,134.41902,158.66539,172.60112,4.7664604,3.8478281
2026-10-06 16:22:35,kick_12.mp4,52,0,149.25348,127.5089,163.29543,175.70367,4.2524076,2.9995873
2026-10-06 16:22:35,kick_12.mp4,53,1,150.878,142.5849,165.17522,165.09636,4.4639187,3.2947936
2026-10-06 16:22:35,kick_12.mp4,54,1,148.51263,119.13133,169.20923,138.58969,3.791518,2.2678282
2026-10-06 16:22:35,kick_12.mp4,55,1,144.12904,88.73176,170.98868,124.021164,3.6558597,1.5603824
2026-10-06 16:22:35,kick_12.mp4,56,1,141.51897,68.44012,173.74799,115.26528,3.7172217,1.1842871
2026-10-06 16:22:35,kick_12.mp4,57,1,145.48727,69.50488,178.73668,108.86494,3.491243,1.0673513
2026-10-06 16:22:35,kick_12.mp4,58,1,153.54178,100.0209,174.5613,109.95288,3.2554584,1.4959565
2026-10-06 16:22:35,kick_12.mp4,59,1,165.0899,132.05319,166.16444,113.68948,3.286639,2.0691607
2026-10-06 16:22:35,kick_12.mp4,60,1,176.33904,144.99971,157.64082,120.98567,3.1520312,2.6073167
2026-10-06 16:22:35,kick_12.mp4,61,1,173.81165,158.89003,158.26854,133.47464,3.0575519,2.775924
2026-10-06 16:22:35,kick_12.mp4,62,1,179.1729,159.11269,152.95898,128.59535,2.8880925,2.6028814
2026-10-06 16:22:35,kick_12.mp4,63,1,174.63855,163.32648,159.48701,128.99355,2.5101426,2.5023744
2026-10-06 16:22:36,kick_12.mp4,64,1,176.32779,164.06496,157.38773,128.81412,2.4415796,2.550295
2026-10-06 16:22:36,kick_12.mp4,65,1,168.38864,162.1884,159.11526,130.8723,2.6092942,2.488676
2026-10-06 16:22:36,kick_12.mp4,66,1,168.9648,158.7595,160.85005,128.45956,2.6475713,2.4508128
2026-10-06 16:22:36,kick_12.mp4,67,1,167.33124,156.68121,162.13605,126.95763,2.599591,2.4097323
2026-10-06 16:22:36,kick_12.mp4,68,0,165.0517,154.62422,165.08133,126.56157,2.52752,2.4038455
2026-10-06 16:22:36,kick_12.mp4,69,0,166.92905,157.32332,163.64818,129.2654,2.5416248,2.4425476
2026-10-06 16:22:36,kick_12.mp4,70,0,170.83882,157.0953,160.73952,130.37128,2.4844396,2.3737466
2026-10-06 16:22:36,kick_12.mp4,71,0,170.52339,158.58621,160.3292,135.02838,2.6270912,2.5072908
2026-10-06 16:22:36,kick_12.mp4,72,0,167.96593,157.86325,161.43571,138.06715,2.7573924,2.5539155
2026-10-06 16:22:36,kick_12.mp4,73,0,169.0072,154.92105,160.20824,140.3104,2.8021677,2.5804853
2026-10-06 16:22:36,kick_12.mp4,74,0,166.53178,148.93123,162.13058,140.18451,2.8100228,2.4742813
2026-10-06 16:22:36,kick_12.mp4,75,0,165.3613,144.19682,164.46404,140.0715,2.905037,2.517267
2026-10-06 16:22:36,kick_12.mp4,76,0,163.94975,143.03912,165.86052,143.01859,3.116472,2.6613421
2026-10-06 16:22:36,kick_12.mp4,77,0,163.96005,139.92607,167.42183,142.24669,3.1073759,2.6485944
2026-10-06 16:22:36,kick_12.mp4,78,0,167.42265,144.54674,166.19824,146.52878,3.25589,2.8039987
2026-10-06 16:22:36,kick_12.mp4,79,0,165.92729,139.8784,168.03204,147.53262,3.2150028,2.6519048
2026-10-06 16:22:36,kick_12.mp4,80,0,164.00264,133.01587,170.82564,147.21515,3.2256138,2.4238768
2026-10-06 16:22:36,kick_12.mp4,81,0,159.88623,124.046074,173.61484,145.29886,3.1751769,2.1790347
2026-10-06 16:22:36,kick_12.mp4,82,0,159.2853,123.56449,175.02176,147.79276,3.2649128,2.2544134
2026-10-06 16:22:36,kick_12.mp4,83,0,153.40413,121.34461,178.15347,148.59822,3.3791738,2.3040192
2026-10-06 16:22:36,kick_12.mp4,84,0,152.50604,120.27653,179.38994,151.55595,3.543354,2.5040221
2026-10-06 16:22:36,kick_12.mp4,85,0,149.84592,117.97224,179.13339,156.42622,3.603482,2.554179
2026-10-06 16:22:36,kick_12.mp4,86,0,145.95131,116.678734,176.57455,157.16434,3.8470004,2.8262951
2026-10-06 16:22:36,kick_12.mp4,87,0,149.11842,118.69497,178.84274,163.72748,3.7727294,2.6189313
2026-10-06 16:22:36,kick_13.mp4,1,0,172.9728,158.10403,167.29759,178.48184,5.989862,4.8299527
2026-10-06 16:22:36,kick_13.mp4,2,0,172.64735,158.35648,167.5611,178.62483,6.0528913,4.9673862
2026-10-06 16:22:36,kick_13.mp4,3,0,173.26172,159.78021,169.44035,178.63728,5.8961644,4.7618914
2026-10-06 16:22:36,kick_13.mp4,4,0,173.74423,159.80432,170.65146,177.71526,5.737558,4.571472
2026-10-06 16:22:36,kick_13.mp4,5,0,173.38899,161.38559,168.41415,178.87202,5.986568,4.8124166
2026-10-06 16:22:36,kick_13.mp4,6,0,174.05478,161.28513,167.8822,179.37598,6.081035,4.852044
2026-10-06 16:22:36,kick_13.mp4,7,0,173.974,161.88081,167.66736,178.9547,6.1475043,4.8847404
2026-10-06 16:22:36,kick_13.mp4,8,0,170.85913,160.49483,165.94331,179.69226,5.9876175,4.9058127
2026-10-06 16:22:37,kick_13.mp4,9,0,170.52797,160.31685,165.23563,178.98566,5.9218707,4.8240104
2026-10-06 16:22:37,kick_13.mp4,10,0,171.14697,161.55072,165.70473,179.90512,5.8718796,4.7070494
2026-10-06 16:22:37,kick_13.mp4,11,0,171.93996,160.80586,166.23412,179.80922,5.536799,4.5474315
2026-10-06 16:22:37,kick_13.mp4,12,0,172.9717,158.12587,166.0047,179.77357,5.8098392,4.5259347
2026-10-06 16:22:37,kick_13.mp4,13,0,172.43684,158.19621,164.8359,178.9872,5.669618,4.4307694
2026-10-06 16:22:37,kick_13.mp4,14,0,172.53262,158.6855,165.1283,179.6562,5.7938004,4.5291543
2026-10-06 16:22:37,kick_13.mp4,15,0,171.3524,159.51631,163.65125,178.85464,6.024414,4.7011404
2026-10-06 16:22:37,kick_13.mp4,16,0,169.03902,165.00449,163.45396,178.74695,6.006271,4.83466
2026-10-06 16:22:37,kick_13.mp4,17,0,169.61711,159.49748,164.00578,178.94258,5.8444014,4.5502615
2026-10-06 16:22:37,kick_13.mp4,18,0,171.11032,159.37985,165.81686,179.43213,5.884386,4.576816
2026-10-06 16:22:37,kick_13.mp4,19,0,171.27261,158.1533,166.40234,179.76097,5.648511,4.402248
2026-10-06 16:22:37,kick_13.mp4,20,0,169.8576,155.18735,165.70451,178.45389,5.5688953,4.348115
2026-10-06 16:22:37,kick_13.mp4,21,0,169.63316,155.66637,166.63196,179.40388,5.4676914,4.292727
2026-10-06 16:22:37,kick_13.mp4,22,0,168.53436,156.91888,166.48492,179.68163,5.400034,4.309818
2026-10-06 16:22:37,kick_13.mp4,23,0,166.45534,157.14194,164.99287,179.94064,5.3658156,4.339751
2026-10-06 16:22:37,kick_13.mp4,24,0,166.01552,156.71608,165.17917,179.55632,5.4208646,4.410474
2026-10-06 16:22:37,kick_13.mp4,25,0,164.83177,154.3317,164.33185,178.7135,5.3220344,4.313163
2026-10-06 16:22:37,kick_13.mp4,26,0,163.87614,152.97015,163.13794,177.05057,5.272594,4.2934046
2026-10-06 16:22:37,kick_13.mp4,27,0,163.26067,157.14653,160.36154,177.62132,5.5775948,4.5231996
2026-10-06 16:22:37,kick_13.mp4,28,0,162.87683,158.22406,160.4624,178.35991,5.612347,4.53077
2026-10-06 16:22:37,kick_13.mp4,29,0,162.70401,157.4446,160.41301,178.24129,5.742303,4.6639757
2026-10-06 16:22:37,kick_13.mp4,30,0,162.58415,157.61327,160.05046,178.27682,5.779939,4.7317243
2026-10-06 16:22:37,kick_13.mp4,31,0,162.5984,157.04065,160.56386,178.21808,5.955642,4.830078
2026-10-06 16:22:37,kick_13.mp4,32,0,162.48106,155.57892,159.76094,177.07603,5.7468076,4.683973
2026-10-06 16:22:37,kick_13.mp4,33,0,161.26591,153.97823,158.95934,176.12444,5.647926,4.595474
2026-10-06 16:22:37,kick_13.mp4,34,0,162.29712,155.28906,159.67567,176.81075,5.539726,4.417981
2026-10-06 16:22:37,kick_13.mp4,35,0,164.21545,156.80675,159.84052,176.89743,5.2547693,4.2451744
2026-10-06 16:22:37,kick_13.mp4,36,0,166.43816,163.95534,165.00049,175.81212,5.165004,4.2565184
2026-10-06 16:22:37,kick_13.mp4,37,0,164.92677,162.9784,162.35457,178.27023,5.0256987,4.114943
2026-10-06 16:22:37,kick_13.mp4,38,0,165.97246,163.43045,163.89539,177.69939,4.806857,4.0895476
2026-10-06 16:22:37,kick_13.mp4,39,0,167.24863,161.97876,164.20839,179.51988,4.5355673,3.872398
2026-10-06 16:22:37,kick_13.mp4,40,0,167.84561,162.22617,163.84645,179.82982,4.451951,3.8154202
2026-10-06 16:22:37,kick_13.mp4,41,0,168.49147,160.4156,165.18536,179.95575,4.332086,3.6316826
2026-10-06 16:22:37,kick_13.mp4,42,0,168.49397,161.00597,164.6528,179.86583,4.2718782,3.6774783
2026-10-06 16:22:38,kick_13.mp4,43,0,169.02956,157.6728,160.73317,175.49593,4.5653906,3.6254556
2026-10-06 16:22:38,kick_13.mp4,44,0,168.34686,157.45274,161.31969,176.78264,4.532591,3.5429718
2026-10-06 16:22:38,kick_13.mp4,45,0,170.60484,163.36635,163.53181,178.6821,4.2953644,3.4909003
2026-10-06 16:22:38,kick_13.mp4,46,0,172.6268,163.46611,164.86292,176.98395,4.487651,3.6118608
2026-10-06 16:22:38,kick_13.mp4,47,0,173.20708,164.438,166.89659,175.31897,4.335712,3.4930506
2026-10-06 16:22:38,kick_13.mp4,48,0,173.98747,170.38852,165.65813,175.63084,4.1980658,3.436706
2026-10-06 16:22:38,kick_13.mp4,49,0,176.62593,171.52809,166.79813,175.47903,4.1649218,3.4488876
2026-10-06 16:22:38,kick_13.mp4,50,0,178.72772,174.27039,168.5617,172.73555,4.067981,3.525052
2026-10-06 16:22:38,kick_13.mp4,51,0,179.90512,175.80338,169.80644,171.25987,4.0565343,3.485632
2026-10-06 16:22:38,kick_13.mp4,52,0,179.25636,176.47856,170.36636,170.723,4.073803,3.4814715
2026-10-06 16:22:38,kick_13.mp4,53,0,177.69954,178.59164,171.77246,169.437,4.059379,3.4995394
2026-10-06 16:22:38,kick_13.mp4,54,0,178.61519,179.89165,170.97978,169.57391,4.1068,3.470225
2026-10-06 16:22:38,kick_13.mp4,55,0,178.10616,179.40552,170.58119,170.18759,4.2143593,3.5204213
2026-10-06 16:22:38,kick_13.mp4,56,0,178.74289,179.79633,170.21484,170.27612,4.2530766,3.5729604
2026-10-06 16:22:38,kick_13.mp4,57,0,179.12843,179.79921,170.64127,169.73589,4.2561536,3.5817432
2026-10-06 16:22:38,kick_13.mp4,58,0,179.3003,178.8703,169.88516,169.30847,4.2996955,3.5944865
2026-10-06 16:22:38,kick_13.mp4,59,0,178.26054,179.81024,169.67857,169.7531,4.299884,3.5973039
2026-10-06 16:22:38,kick_13.mp4,60,0,178.96164,178.92497,170.78859,169.58154,4.2639036,3.6147647
2026-10-06 16:22:38,kick_13.mp4,61,0,176.4408,174.58502,171.08907,170.70369,4.055746,3.4918451
2026-10-06 16:22:38,kick_13.mp4,62,0,171.91737,168.85545,167.6466,175.91869,3.9874425,3.4212337
2026-10-06 16:22:38,kick_13.mp4,63,0,171.36627,165.02866,168.13113,177.40965,3.8145485,3.2226286
2026-10-06 16:22:38,kick_13.mp4,64,0,169.71965,161.60973,169.39061,177.87053,3.7219377,3.1956377
2026-10-06 16:22:38,kick_13.mp4,65,0,173.08116,163.75052,171.95572,175.16422,3.6831708,3.1517804
2026-10-06 16:22:38,kick_13.mp4,66,0,177.21385,168.45099,175.33871,170.42381,3.7926013,3.2741787
2026-10-06 16:22:38,kick_13.mp4,67,0,179.84422,169.25978,177.04057,166.86855,3.714585,3.1160603
2026-10-06 16:22:38,kick_13.mp4,68,0,179.31413,170.17744,176.27731,166.38927,3.8346713,3.2185743
2026-10-06 16:22:38,kick_13.mp4,69,0,179.3877,172.21695,177.28285,164.06921,4.012942,3.4017646
2026-10-06 16:22:38,kick_13.mp4,70,0,178.09729,176.54434,176.19553,161.7769,4.247164,3.619982
2026-10-06 16:22:38,kick_13.mp4,71,0,177.60706,177.3864,175.30322,161.25012,4.4276934,3.7280705
2026-10-06 16:22:38,kick_13.mp4,72,0,178.53499,178.00021,174.60373,161.42616,4.65692,3.9683824
2026-10-06 16:22:38,kick_13.mp4,73,0,178.13281,178.30383,174.0106,162.32968,4.990614,4.367952
2026-10-06 16:22:38,kick_13.mp4,74,0,179.91843,179.10977,173.38286,163.49109,5.046015,4.5412474
2026-10-06 16:22:38,kick_13.mp4,75,0,178.60533,179.3685,173.7883,163.55109,5.298051,4.734558
2026-10-06 16:22:39,kick_13.mp4,76,0,178.7797,179.69801,173.03409,164.01442,5.7289386,5.1033373
2026-10-06 16:22:39,kick_13.mp4,77,0,176.7279,179.0345,174.06908,163.81989,6.219355,5.6743283
2026-10-06 16:22:39,kick_13.mp4,78,0,177.83255,178.70245,172.06444,164.81499,5.588488,5.006378
2026-10-06 16:22:39,kick_13.mp4,79,0,179.83566,177.73401,170.19505,166.37987,5.822532,5.2750044
2026-10-06 16:22:39,kick_13.mp4,80,0,177.7103,176.02315,169.08864,167.90782,5.9260254,5.337473
2026-10-06 16:22:39,kick_13.mp4,81,0,177.55151,175.83711,168.4917,168.47171,5.758995,5.142889
2026-10-06 16:22:39,kick_13.mp4,82,0,175.56999,173.10422,167.87692,169.43384,5.7658215,5.0686316
2026-10-06 16:22:39,kick_13.mp4,83,0,174.60721,172.09357,166.99486,170.68924,6.0321236,5.3522315
2026-10-06 16:22:39,kick_13.mp4,84,0,171.99591,169.5518,166.02022,171.53233,6.2999325,5.483954
2026-10-06 16:22:39,kick_13.mp4,85,0,171.81277,170.41075,165.22566,171.87529,6.3875055,5.5326295
2026-10-06 16:22:39,kick_13.mp4,86,0,171.60844,170.78319,164.26884,171.63351,6.571089,5.584148
2026-10-06 16:22:39,kick_13.mp4,87,0,169.80533,169.12448,162.88489,172.76309,6.6519485,5.641184
2026-10-06 16:22:39,kick_13.mp4,88,0,168.30713,169.1539,161.58289,173.40208,6.8068867,5.7113414
2026-10-06 16:22:39,kick_13.mp4,89,0,170.01329,164.27348,163.41621,174.8558,6.7351403,5.547937
2026-10-06 16:22:39,kick_13.mp4,90,0,171.27095,166.05196,165.16446,172.39186,6.6455173,5.4673862
2026-10-06 16:22:39,kick_13.mp4,91,0,170.99538,165.74829,164.81996,171.94267,6.367725,5.25879
2026-10-06 16:22:39,kick_13.mp4,92,0,170.00877,163.45529,164.9032,172.77933,6.24088,5.026689
2026-10-06 16:22:39,kick_13.mp4,93,0,170.53726,164.66075,165.32907,172.72617,6.4595757,5.2520804
2026-10-06 16:22:39,kick_13.mp4,94,0,171.3094,166.15936,166.4549,171.27695,6.5213594,5.3340654
2026-10-06 16:22:39,kick_13.mp4,95,0,169.9972,164.51189,164.64925,171.48647,6.966666,5.398849
2026-10-06 16:22:39,kick_13.mp4,96,0,172.1611,166.08418,166.74448,170.58888,6.5787826,5.380813
2026-10-06 16:22:39,kick_13.mp4,97,0,172.10686,167.49854,166.71553,170.65709,6.712194,5.5038495
2026-10-06 16:22:39,kick_13.mp4,98,0,170.75832,166.09164,166.67287,171.528,6.5554533,5.3037977
2026-10-06 16:22:39,kick_13.mp4,99,0,171.99484,167.12018,167.70456,170.53001,6.723037,5.5153084
2026-10-06 16:22:39,kick_13.mp4,100,0,172.40927,165.34528,168.15636,170.60695,6.4170847,5.185316
2026-10-06 16:22:39,kick_13.mp4,101,0,172.93796,167.35104,167.62993,170.19571,6.4622574,5.363783
2026-10-06 16:22:39,kick_13.mp4,102,0,173.31824,167.0871,168.29642,170.53719,6.736111,5.6066394
2026-10-06 16:22:39,kick_13.mp4,103,0,173.72235,166.80852,168.64713,170.77126,6.692619,5.5137625
2026-10-06 16:22:39,kick_13.mp4,104,0,175.22807,168.24792,169.17484,169.94418,6.7753577,5.6505213
2026-10-06 16:22:39,kick_13.mp4,105,0,175.60675,168.38152,169.81538,169.19969,6.769542,5.6579003
2026-10-06 16:22:39,kick_13.mp4,106,0,175.31152,168.1981,169.83026,169.0738,6.6624093,5.512668
2026-10-06 16:22:39,kick_13.mp4,107,0,176.45926,170.82124,170.8722,167.11507,6.9334664,5.818989
2026-10-06 16:22:39,kick_13.mp4,108,0,175.95793,170.31012,169.97496,167.85796,6.8848505,5.7419105
2026-10-06 16:22:40,kick_13.mp4,109,0,176.60954,170.84851,169.7552,168.27881,6.9824176,5.869106
2026-10-06 16:22:40,kick_13.mp4,110,0,176.23744,171.11615,169.66118,168.0145,6.9215164,5.821475
2026-10-06 16:22:40,kick_13.mp4,111,0,175.9962,170.53596,169.32135,168.45839,6.7436514,5.5717
2026-10-06 16:22:40,kick_13.mp4,112,0,173.4514,169.98846,168.35884,167.55206,7.2595325,5.849662
2026-10-06 16:22:40,kick_13.mp4,113,0,175.1517,170.53003,168.88655,168.94685,7.137233,5.8610044
2026-10-06 16:22:40,kick_13.mp4,114,0,174.48679,170.42252,168.87479,169.10194,7.117245,5.8197875
2026-10-06 16:22:40,kick_13.mp4,115,0,171.7296,169.92284,168.18512,167.61946,7.4291105,5.9610887
2026-10-06 16:22:40,kick_13.mp4,116,0,171.6771,170.04161,168.13335,167.70482,7.3060303,5.8759327
2026-10-06 16:22:40,kick_13.mp4,117,0,171.96277,170.22571,167.96362,167.94734,7.313843,5.8655267
2026-10-06 16:22:40,kick_13.mp4,118,0,172.13577,169.70279,168.24385,167.11354,7.1841354,5.6439285
2026-10-06 16:22:40,kick_13.mp4,119,0,171.9585,170.68202,167.6016,167.84857,7.4882283,5.932845
2026-10-06 16:22:40,kick_13.mp4,120,0,171.64073,170.01242,167.67801,167.64386,7.3993025,5.765858
2026-10-06 16:22:40,kick_13.mp4,121,0,171.24352,169.46512,167.5406,167.35387,7.297161,5.7180643
2026-10-06 16:22:40,kick_13.mp4,122,0,171.90736,169.25429,167.90941,167.81702,7.68787,6.1067863
2026-10-06 16:22:40,kick_13.mp4,123,0,170.52185,167.6907,166.59612,169.4036,8.10027,6.5585093
2026-10-06 16:22:40,kick_13.mp4,124,0,168.75113,166.99544,165.57712,170.42656,7.9153957,6.449767
2026-10-06 16:22:40,kick_13.mp4,125,0,171.3597,164.24078,166.11606,173.06621,7.4412265,6.1721587
2026-10-06 16:22:40,kick_13.mp4,126,0,169.68884,161.88115,166.1048,170.15533,6.5457683,5.6169486
2026-10-06 16:22:40,kick_13.mp4,127,0,166.1323,156.20619,164.66466,173.70096,6.306349,5.4079185
2026-10-06 16:22:40,kick_13.mp4,128,0,162.7023,153.28166,165.01305,174.6159,5.7338467,4.8239675
2026-10-06 16:22:40,kick_13.mp4,129,0,159.91896,152.77997,165.59937,173.09126,5.0491757,4.361958
2026-10-06 16:22:40,kick_13.mp4,130,0,153.40091,153.24815,166.41054,171.34425,5.177306,4.791678
2026-10-06 16:22:40,kick_13.mp4,131,0,153.14963,150.66731,171.00757,169.71259,4.603984,4.228394
2026-10-06 16:22:40,kick_13.mp4,132,1,144.6569,141.00542,173.02779,173.06187,4.2512183,3.793042
2026-10-06 16:22:40,kick_13.mp4,133,1,145.0619,115.754295,172.6706,151.28795,3.7021422,2.2750876
2026-10-06 16:22:40,kick_13.mp4,134,1,148.0079,96.687614,176.72565,137.9313,3.3374524,1.4884024
2026-10-06 16:22:40,kick_13.mp4,135,1,146.08887,61.57418,172.25526,106.5677,3.1248775,0.8950079
2026-10-06 16:22:40,kick_13.mp4,136,1,150.03957,71.52995,177.1833,98.3546,3.2038891,0.9499048
2026-10-06 16:22:40,kick_13.mp4,137,1,158.32019,88.15317,173.78639,97.62535,3.3061597,1.1281664
2026-10-06 16:22:40,kick_13.mp4,138,1,169.81982,106.27372,166.40788,88.79675,3.020597,1.7614082
2026-10-06 16:22:40,kick_13.mp4,139,1,172.493,134.90596,161.31885,102.145065,2.6723428,2.337552
2026-10-06 16:22:40,kick_13.mp4,140,1,164.02203,157.45172,169.49095,119.9172,2.5899928,2.6148758
2026-10-06 16:22:40,kick_13.mp4,141,1,172.76567,166.82625,163.55847,127.79689,2.7837722,2.4980521
2026-10-06 16:22:41,kick_13.mp4,142,1,175.29596,159.7932,157.789,106.3528,2.0676665,2.279628
2026-10-06 16:22:41,kick_13.mp4,143,1,166.77881,159.39981,157.33502,117.0116,1.9922636,2.1741912
2026-10-06 16:22:41,kick_13.mp4,144,1,172.15407,146.73619,156.48433,100.51821,2.057979,2.034111
2026-10-06 16:22:41,kick_13.mp4,145,0,178.94778,130.37373,152.25621,96.64366,2.1961672,1.9249989
2026-10-06 16:22:41,kick_13.mp4,146,0,178.78275,111.69609,153.28178,88.42074,2.3683877,1.8161962
2026-10-06 16:22:41,kick_13.mp4,147,0,173.54854,111.242294,157.13716,92.741234,2.6275625,1.6581203
2026-10-06 16:22:41,kick_13.mp4,148,0,165.43051,109.92925,163.83325,104.405,2.7331276,1.4306571
2026-10-06 16:22:41,kick_13.mp4,149,0,160.47836,97.146095,164.84879,111.79818,2.7675214,1.0755308
2026-10-06 16:22:41,kick_13.mp4,150,0,153.25134,89.954056,173.2474,121.072556,2.8501105,1.1645977
2026-10-06 16:22:41,kick_13.mp4,151,0,149.7624,87.04585,176.11525,129.58612,2.9221938,1.2177355
2026-10-06 16:22:41,kick_13.mp4,152,0,146.79944,91.199455,178.6066,139.71748,3.0167186,1.448904
2026-10-06 16:22:41,kick_13.mp4,153,0,145.09436,99.57618,179.0956,147.34279,3.0711205,1.6832635
2026-10-06 16:22:41,kick_13.mp4,154,0,145.10837,111.62297,176.58269,153.3275,3.2065413,1.9819868
2026-10-06 16:22:41,kick_13.mp4,155,0,145.42262,131.48872,175.69983,175.10118,3.43624,2.7128801
2026-10-06 16:22:41,kick_13.mp4,156,0,145.12524,133.3305,174.20383,168.81554,3.506658,2.9283528
2026-10-06 16:22:41,kick_13.mp4,157,0,144.35275,135.94466,170.82996,166.33609,3.7544377,3.2666667
2026-10-06 16:22:41,kick_13.mp4,158,0,136.78151,139.57382,166.94649,160.44052,4.4153056,4.210683
2026-10-06 16:22:41,kick_13.mp4,159,0,136.0169,140.29156,162.43108,161.0308,4.7497644,4.660106
2026-10-06 16:22:41,kick_13.mp4,160,0,144.77412,141.2472,161.3648,162.75926,4.975669,4.48617
2026-10-06 16:22:41,kick_13.mp4,161,0,148.00299,147.4289,157.70824,163.07481,5.9273057,5.341161
2026-10-06 16:22:41,kick_13.mp4,162,0,153.31668,152.34486,158.11261,159.33069,6.863004,5.94954
2026-10-06 16:22:41,kick_13.mp4,163,0,156.39215,152.8084,156.10944,161.8476,8.200091,6.941067
2026-10-06 16:22:41,kick_13.mp4,164,0,158.29024,155.10635,154.18288,164.1626,10.465564,8.551919
2026-10-06 16:22:41,kick_13.mp4,165,0,159.89656,159.61684,151.1695,167.21912,13.719315,10.976066
2026-10-06 16:22:41,kick_13.mp4,166,0,161.32393,162.134,147.02213,172.91302,16.61406,13.056238
2026-10-06 16:22:41,kick_13.mp4,167,0,164.46573,164.85349,146.08594,173.90564,17.005997,13.437909
2026-10-06 16:22:41,kick_13.mp4,168,0,165.51572,169.24844,144.18338,176.36826,17.192572,13.523423
2026-10-06 16:22:41,kick_13.mp4,169,0,165.28795,169.04793,139.889,179.49953,16.171797,12.778355
2026-10-06 16:22:41,kick_13.mp4,170,0,164.83249,170.81253,137.65947,178.20299,15.66313,12.289278
2026-10-06 16:22:41,kick_13.mp4,171,0,163.9705,169.81462,135.02473,176.22336,21.412844,17.47264
2026-10-06 16:22:41,kick_13.mp4,172,0,165.90932,174.7449,134.0579,177.2249,18.77592,15.60587
2026-10-06 16:22:41,kick_13.mp4,173,0,164.7527,171.00885,133.84499,174.32365,19.894444,16.16846
2026-10-06 16:22:41,kick_13.mp4,174,0,162.6204,164.46242,133.8608,171.22311,24.672693,20.173473
2026-10-06 16:22:42,kick_13.mp4,175,0,164.17845,163.94012,135.22891,171.31102,25.655594,21.251516
2026-10-06 16:22:42,kick_13.mp4,176,0,165.94626,165.06326,136.7485,173.1085,21.364435,17.261778
2026-10-06 16:22:42,kick_13.mp4,177,0,166.43933,165.77907,137.21938,173.50703,21.308287,17.498657
2026-10-06 16:22:42,kick_13.mp4,178,0,166.26532,162.87779,134.21198,172.05066,18.758247,15.182751
2026-10-06 16:22:42,kick_13.mp4,179,0,162.79419,158.06493,133.88802,169.97945,19.639074,15.672027
2026-10-06 16:22:42,kick_13.mp4,180,0,163.46301,159.31453,135.45302,174.61761,16.900166,13.664474
2026-10-06 16:22:42,kick_13.mp4,181,0,160.59793,157.69608,133.90404,175.48473,17.530235,14.284501
2026-10-06 16:22:42,kick_13.mp4,182,0,160.83992,158.36461,138.75113,179.36603,12.725938,10.644099
2026-10-06 16:22:42,kick_13.mp4,183,0,158.98167,158.9974,141.17528,176.37317,11.044385,9.281477
2026-10-06 16:22:42,kick_13.mp4,184,0,158.12044,159.40782,144.50616,172.45692,10.472456,8.763044
2026-10-06 16:22:42,kick_13.mp4,185,0,161.40913,168.88326,151.42453,162.52562,9.108723,7.8210115
2026-10-06 16:22:42,kick_13.mp4,186,0,163.06493,169.39523,158.12132,157.42702,7.0048237,6.159691
2026-10-06 16:22:42,kick_13.mp4,187,0,160.86813,151.488,159.43916,166.0309,5.592629,4.684272
2026-10-06 16:22:42,kick_13.mp4,188,0,156.34247,137.60316,164.35895,170.2811,4.401798,3.4399173
2026-10-06 16:22:42,kick_13.mp4,189,0,152.64693,138.28862,170.24911,167.78702,3.763385,3.069251
2026-10-06 16:22:42,kick_13.mp4,190,0,148.99744,131.6384,171.82666,179.41449,3.6030514,2.6965108
2026-10-06 16:22:42,kick_13.mp4,191,1,159.13788,129.62729,177.5527,148.23164,3.2705688,2.0927873
2026-10-06 16:22:42,kick_13.mp4,192,1,152.0069,88.81079,176.72743,133.29004,2.9835873,1.2774992
2026-10-06 16:22:42,kick_13.mp4,193,1,156.30481,78.51693,179.50385,117.86335,2.9353526,0.9895743
2026-10-06 16:22:42,kick_13.mp4,194,1,161.38632,90.012726,175.04222,104.9788,2.8867044,1.0477016
2026-10-06 16:22:42,kick_13.mp4,195,1,167.26259,114.07427,171.28574,105.15156,2.812355,1.4715986
2026-10-06 16:22:42,kick_13.mp4,196,1,173.42056,139.92714,160.6199,110.29433,2.6491096,1.8664199
2026-10-06 16:22:42,kick_13.mp4,197,1,179.82085,146.06389,159.72232,113.219925,2.1254072,1.8947301
2026-10-06 16:22:42,kick_13.mp4,198,1,173.09424,150.40785,156.80081,109.41126,1.9707391,2.1025357
2026-10-06 16:22:42,kick_13.mp4,199,1,177.81322,158.49007,160.82805,108.05842,1.7624629,1.9524311
2026-10-06 16:22:42,kick_13.mp4,200,1,178.73204,153.5583,157.30824,113.93628,1.8374484,1.8498602
2026-10-06 16:22:42,kick_13.mp4,201,1,174.8347,154.19823,150.89633,120.498085,1.775519,1.6837901
2026-10-06 16:22:42,kick_13.mp4,202,1,172.72829,151.72545,145.44945,123.84355,1.823054,1.6340033
2026-10-06 16:22:42,kick_13.mp4,203,0,166.51682,149.49973,142.70279,122.59434,1.8623122,1.718837
2026-10-06 16:22:42,kick_13.mp4,204,0,160.02159,153.79697,140.54831,120.24966,1.8118496,1.7727164
2026-10-06 16:22:42,kick_13.mp4,205,0,160.13533,154.34354,141.02719,125.36343,1.9073997,1.8478805
2026-10-06 16:22:42,kick_13.mp4,206,0,160.32402,159.21687,143.0173,131.91306,2.0480182,1.9710025
2026-10-06 16:22:42,kick_13.mp4,207,0,158.69345,170.35449,142.63124,147.48741,2.3117988,2.3105502
2026-10-06 16:22:42,kick_13.mp4,208,0,160.48413,175.1109,143.34898,160.00226,2.524642,2.4713194
2026-10-06 16:22:43,kick_13.mp4,209,0,155.78146,179.01622,141.05026,165.52377,2.5305614,2.5998409
2026-10-06 16:22:43,kick_13.mp4,210,0,167.7623,168.70564,146.35263,167.63533,2.6455379,2.5703392
2026-10-06 16:22:43,kick_13.mp4,211,0,168.50246,165.1044,146.15558,174.92055,2.7182355,2.6204338
2026-10-06 16:22:43,kick_13.mp4,212,0,177.37132,154.68971,155.6401,173.34453,2.609204,2.550153
2026-10-06 16:22:43,kick_13.mp4,213,0,175.39085,162.45941,155.33109,176.83769,2.6896224,2.657242
2026-10-06 16:22:43,kick_13.mp4,214,0,172.81206,165.56342,157.38972,178.87221,2.8723695,3.14764
2026-10-06 16:22:43,kick_13.mp4,215,0,175.2666,166.21925,159.43187,179.94064,2.967709,3.256139
2026-10-06 16:22:43,kick_13.mp4,216,0,175.31277,165.0436,161.13055,177.07074,2.865203,3.1912258
2026-10-06 16:22:43,kick_13.mp4,217,0,173.5827,165.75308,162.86717,178.1408,2.8185265,3.1024048
2026-10-06 16:22:43,kick_13.mp4,218,0,173.45532,168.41232,163.3551,177.5128,2.844085,3.124584
2026-10-06 16:22:43,kick_13.mp4,219,0,172.80933,166.54868,166.7871,178.93227,2.8207655,3.0772789
2026-10-06 16:22:43,kick_13.mp4,220,0,174.98975,167.24654,166.56639,179.43248,2.806996,2.9912162
2026-10-06 16:22:43,kick_13.mp4,221,0,171.10345,166.35605,167.30698,177.09903,2.8000903,3.024888
2026-10-06 16:22:43,kick_13.mp4,222,0,168.04436,167.43736,165.28368,179.00377,2.7372262,2.9458432
2026-10-06 16:22:43,kick_14.mp4,1,0,175.91634,137.54826,160.67296,113.204735,2.490696,2.0777533
2026-10-06 16:22:43,kick_14.mp4,2,0,178.84123,128.76009,157.78261,100.81812,2.4919515,2.188228
2026-10-06 16:22:43,kick_14.mp4,3,0,174.54233,121.94709,162.5363,101.511345,2.2478662,1.9958353
2026-10-06 16:22:43,kick_14.mp4,4,0,160.0931,107.30175,178.53847,100.28192,2.4136589,2.006306
2026-10-06 16:22:43,kick_14.mp4,5,0,167.21297,111.066185,162.06337,117.33099,2.3853192,1.4856648
2026-10-06 16:22:43,kick_14.mp4,6,0,158.44455,107.61422,170.86209,122.25761,2.6609352,1.4465406
2026-10-06 16:22:43,kick_14.mp4,7,0,151.67604,81.32058,169.97926,122.37465,2.491281,1.0179921
2026-10-06 16:22:43,kick_14.mp4,8,1,154.80127,72.25813,166.95717,122.8466,2.4039268,0.79005384
2026-10-06 16:22:43,kick_14.mp4,9,1,155.58046,67.32046,168.31078,120.70176,2.3687186,0.76779735
2026-10-06 16:22:43,kick_14.mp4,10,1,159.96414,84.0058,166.61116,118.289116,2.530616,1.0379517
2026-10-06 16:22:43,kick_14.mp4,11,1,161.95372,92.115486,168.46764,116.08225,2.5179663,1.2414893
2026-10-06 16:22:43,kick_14.mp4,12,1,176.65016,112.387535,160.18016,111.60848,2.4522488,1.5862428
2026-10-06 16:22:43,kick_14.mp4,13,1,177.3664,114.41671,159.70674,104.78867,2.552841,1.5694338
2026-10-06 16:22:43,kick_14.mp4,14,1,173.34314,144.83644,152.6748,116.490974,2.7757368,2.3280842
2026-10-06 16:22:43,kick_14.mp4,15,1,172.60541,160.54437,154.59439,118.77754,2.6076045,2.7042522
2026-10-06 16:22:43,kick_14.mp4,16,1,179.83447,151.2726,147.98293,128.76755,2.7576294,2.13923
2026-10-06 16:22:43,kick_14.mp4,17,1,168.76324,172.13472,153.93378,118.42833,2.27234,2.8866122
2026-10-06 16:22:43,kick_14.mp4,18,1,170.88028,159.06433,152.72165,117.81744,2.7187777,3.002357
2026-10-06 16:22:44,kick_14.mp4,19,0,164.65813,149.77528,145.84879,116.3291,2.801873,2.8548422
2026-10-06 16:22:44,kick_14.mp4,20,0,170.05165,136.60199,148.98714,111.26378,3.102009,2.7413914
2026-10-06 16:22:44,kick_14.mp4,21,0,176.71501,130.43005,150.0573,117.11055,3.1381946,2.3482115
2026-10-06 16:22:44,kick_14.mp4,22,0,174.97577,131.62343,151.39732,126.10456,2.9283726,1.7976153
2026-10-06 16:22:44,kick_14.mp4,23,0,173.33629,129.0884,152.75565,131.46745,2.8146126,1.6744001
2026-10-06 16:22:44,kick_14.mp4,24,1,166.2145,94.512695,157.93222,122.67945,2.5614023,1.0741149
2026-10-06 16:22:44,kick_14.mp4,25,1,166.76013,80.73222,157.33995,108.88236,2.4784732,0.90784216
2026-10-06 16:22:44,kick_14.mp4,26,1,166.20709,84.24294,160.21304,106.01649,2.379944,1.0714016
2026-10-06 16:22:44,kick_14.mp4,27,1,168.70743,83.778145,160.92268,98.08471,2.2384617,1.1280837
2026-10-06 16:22:44,kick_14.mp4,28,1,170.2133,107.770676,155.10748,115.57073,2.3927417,1.6530696
2026-10-06 16:22:44,kick_14.mp4,29,1,160.85852,115.79144,171.13649,110.265625,2.3978581,2.0446956
2026-10-06 16:22:44,kick_14.mp4,30,1,164.62585,115.01172,178.19278,93.78388,1.9029524,2.08889
2026-10-06 16:22:44,kick_14.mp4,31,1,165.42635,137.8832,150.50352,104.407555,1.9255568,2.3612509
2026-10-06 16:22:44,kick_14.mp4,32,1,170.16666,150.64943,150.08028,110.95968,2.0806897,2.4933329
2026-10-06 16:22:44,kick_14.mp4,33,1,172.04298,159.09729,153.57527,113.97928,2.0558798,2.4976254
2026-10-06 16:22:44,kick_14.mp4,34,1,172.20033,152.12383,152.67172,110.8372,2.2093277,2.4336464
2026-10-06 16:22:44,kick_14.mp4,35,0,175.14532,142.07835,155.0784,120.6723,2.703658,2.375391
2026-10-06 16:22:44,kick_14.mp4,36,0,164.87825,137.11974,151.77118,102.36455,2.082908,2.1400945
2026-10-06 16:22:44,kick_14.mp4,37,0,173.54774,133.21776,153.64183,109.58398,2.333545,2.0961566
2026-10-06 16:22:44,kick_14.mp4,38,0,179.48947,108.27728,158.44083,98.53133,2.407039,1.4313767
2026-10-06 16:22:44,kick_14.mp4,39,0,179.49875,125.49349,154.20776,124.81147,2.4637933,1.4507986
2026-10-06 16:22:44,kick_14.mp4,40,0,175.66956,122.396996,157.88072,128.51062,2.4528668,1.3160655
2026-10-06 16:22:44,kick_14.mp4,41,1,169.60045,102.38965,159.8323,131.17368,2.4986172,1.0130968
2026-10-06 16:22:44,kick_14.mp4,42,1,168.42451,100.40007,159.46533,134.35785,2.5941749,1.0250629
2026-10-06 16:22:44,kick_14.mp4,43,1,172.449,112.68217,155.88824,135.59213,2.6078646,1.2524537
2026-10-06 16:22:44,kick_14.mp4,44,1,176.33386,126.84804,154.72952,138.41063,2.5881445,1.6161337
2026-10-06 16:22:44,kick_14.mp4,45,1,177.4543,129.4781,154.27188,128.14056,2.5721033,1.6580641
2026-10-06 16:22:44,kick_14.mp4,46,1,173.87881,132.55287,154.57692,116.77682,2.6378891,1.7623186
2026-10-06 16:22:44,kick_14.mp4,47,1,176.53636,137.93463,150.10185,122.64152,2.5058107,2.0648572
2026-10-06 16:22:44,kick_14.mp4,48,1,177.35475,132.09041,154.68495,121.01033,2.5104632,1.9526359
2026-10-06 16:22:44,kick_14.mp4,49,1,164.92807,156.0867,152.55074,113.01486,2.134838,2.0366757
2026-10-06 16:22:44,kick_14.mp4,50,1,161.57944,162.40752,157.71136,112.27066,1.9323412,2.0183933
2026-10-06 16:22:44,kick_14.mp4,51,1,163.56696,163.9754,155.37244,115.08211,2.0711277,2.0077972
2026-10-06 16:22:45,kick_14.mp4,52,1,159.39734,170.40869,161.4037,112.96049,1.8419088,2.257968
2026-10-06 16:22:45,kick_14.mp4,53,1,172.29306,161.63496,165.33305,119.717674,2.0847096,1.8893201
2026-10-06 16:22:45,kick_14.mp4,54,1,168.47424,163.19908,172.74019,117.64468,2.012673,2.2631702
2026-10-06 16:22:45,kick_14.mp4,55,0,168.19653,167.26248,167.67763,124.66799,2.335944,2.5342946
2026-10-06 16:22:45,kick_14.mp4,56,0,173.24272,158.16367,158.7493,137.407,2.5350726,2.3847017
2026-10-06 16:22:45,kick_14.mp4,57,0,169.46281,164.0647,161.51749,142.6835,2.741687,2.596537
2026-10-06 16:22:45,kick_14.mp4,58,0,175.38008,161.9148,161.73248,151.1444,2.7690337,2.150364
2026-10-06 16:22:45,kick_14.mp4,59,0,171.42722,151.69147,168.71655,157.2238,2.8635228,2.1585102
2026-10-06 16:22:45,kick_14.mp4,60,0,168.08167,142.0254,174.9319,154.94576,2.9263387,2.0513318
2026-10-06 16:22:45,kick_14.mp4,61,0,171.3676,144.10501,175.62094,160.53226,3.0545983,2.184067
2026-10-06 16:22:45,kick_14.mp4,62,0,169.5208,139.43889,177.38998,164.57213,3.0653138,2.228799
2026-10-06 16:22:45,kick_14.mp4,63,0,177.61107,155.00256,172.46367,174.05116,3.2119153,2.5162637
2026-10-06 16:22:45,kick_14.mp4,64,0,174.50056,173.46008,171.24585,179.69098,3.644804,3.1698492
2026-10-06 16:22:45,kick_14.mp4,65,0,172.1477,170.57254,174.07863,174.56886,3.7959888,3.194187
2026-10-06 16:22:45,kick_15.mp4,1,1,172.40732,135.98201,118.83679,163.68527,2.6101377,1.5279648
2026-10-06 16:22:45,kick_15.mp4,2,1,162.71979,164.46996,108.62624,158.28046,2.972966,1.8749924
2026-10-06 16:22:45,kick_15.mp4,3,1,160.90225,171.74763,110.48059,138.38226,3.4889293,2.52271
2026-10-06 16:22:45,kick_15.mp4,4,1,151.73016,159.42722,108.881035,140.57246,3.5870705,3.1430612
2026-10-06 16:22:45,kick_15.mp4,5,1,162.18202,168.63774,115.36734,140.30006,4.0677633,3.46306
2026-10-06 16:22:45,kick_15.mp4,6,1,163.46046,175.41011,115.43451,143.23608,3.8894072,3.1812282
2026-10-06 16:22:45,kick_15.mp4,7,1,165.43019,172.24042,134.85461,141.6641,3.888048,3.7699628
2026-10-06 16:22:45,kick_15.mp4,8,1,165.53903,172.08287,120.395096,137.68993,3.9811785,3.3060517
2026-10-06 16:22:45,kick_15.mp4,9,1,179.15558,178.96826,145.22601,150.23778,5.0596266,5.0867534
2026-10-06 16:22:45,kick_15.mp4,10,1,174.23499,174.43872,133.53096,158.35138,3.8555303,3.2347195
2026-10-06 16:22:45,kick_15.mp4,11,0,166.59198,165.75688,118.47535,128.59566,8.638936,7.790593
2026-10-06 16:22:45,kick_15.mp4,12,0,171.2579,166.95187,139.7613,121.383835,84.93266,86.24553
2026-10-06 16:22:45,kick_15.mp4,13,0,149.4426,133.90498,172.8826,127.18126,36.317097,31.704836
2026-10-06 16:22:45,kick_15.mp4,14,0,134.7826,125.73731,153.38486,139.22519,9.251689,8.5818205
2026-10-06 16:22:45,kick_15.mp4,15,0,152.44348,152.40561,166.0048,131.91621,22.244831,24.671566
2026-10-06 16:22:45,kick_15.mp4,16,0,175.48389,169.08304,148.10883,144.82826,5.353767,6.4239993
2026-10-06 16:22:45,kick_15.mp4,17,0,163.757,164.02155,177.46794,151.12657,10.920621,13.431508
2026-10-06 16:22:45,kick_15.mp4,18,0,177.98685,168.26427,159.38528,165.26334,6.874687,4.9339805
2026-10-06 16:22:46,kick_15.mp4,19,0,173.33633,167.61803,164.23389,159.31828,5.391232,4.169606
2026-10-06 16:22:46,kick_15.mp4,20,0,179.83928,167.22304,169.2317,145.89128,3.658301,2.58366
2026-10-06 16:22:46,kick_15.mp4,21,0,166.4255,172.58348,178.33504,141.37697,3.469663,2.698295
2026-10-06 16:22:46,kick_15.mp4,22,0,160.35759,174.8252,176.88718,130.79945,2.9220297,2.5913708
2026-10-06 16:22:46,kick_15.mp4,23,0,158.25505,171.38089,172.3487,144.7548,3.8660975,3.8780086
2026-10-06 16:22:46,kick_15.mp4,24,0,172.50702,179.46477,171.7827,152.39915,3.9289017,3.5554326
2026-10-06 16:22:46,kick_15.mp4,25,0,171.73225,175.9722,171.87643,159.02818,4.6475906,3.9306812
2026-10-06 16:22:46,kick_15.mp4,26,0,168.44794,176.22025,165.44376,164.75015,5.3041596,5.278455
2026-10-06 16:22:46,kick_15.mp4,27,0,163.48271,170.24612,171.6813,169.73784,4.9777527,5.488341
2026-10-06 16:22:46,kick_15.mp4,28,0,158.92177,164.76814,173.42387,173.13858,5.1063514,5.945286
2026-10-06 16:22:46,kick_15.mp4,29,0,162.64139,168.39337,179.76593,169.37306,4.6784816,5.440903
2026-10-06 16:22:46,kick_15.mp4,30,0,165.0003,170.22002,176.68512,168.2621,4.369733,4.955748
2026-10-06 16:22:46,kick_15.mp4,31,0,167.59212,173.34792,173.37509,165.77179,3.9434106,4.3808985
2026-10-06 16:22:46,kick_15.mp4,32,0,167.49287,174.42838,174.39,166.80508,3.7577026,4.020306
2026-10-06 16:22:46,kick_15.mp4,33,0,167.34737,176.4056,174.27127,164.85472,3.6960695,3.772369
2026-10-06 16:22:46,kick_15.mp4,34,0,166.8389,178.75919,174.1425,162.99802,3.4583232,3.5973597
2026-10-06 16:22:46,kick_15.mp4,35,0,167.83043,178.7387,178.4865,164.78494,3.4138515,3.5231612
2026-10-06 16:22:46,kick_15.mp4,36,0,171.03,179.96042,178.47145,164.8126,3.4080646,3.4987562
2026-10-06 16:22:46,kick_15.mp4,37,0,170.58548,178.14099,177.68437,165.42973,3.312963,3.3984303
2026-10-06 16:22:46,kick_15.mp4,38,0,167.61188,174.81252,175.9838,167.67435,3.2606618,3.433243
2026-10-06 16:22:46,kick_15.mp4,39,0,169.0964,174.40944,175.52243,169.52364,3.236147,3.4099944
2026-10-06 16:22:46,kick_15.mp4,40,0,169.52184,174.51886,176.6758,168.58678,3.2679513,3.3420043
2026-10-06 16:22:46,kick_15.mp4,41,0,170.29823,174.86865,176.05722,167.97504,3.5571957,3.6302555
2026-10-06 16:22:46,kick_15.mp4,42,0,169.2705,175.53212,176.78928,169.13846,3.7269158,3.7052953
2026-10-06 16:22:46,kick_15.mp4,43,0,172.81915,177.54305,178.12518,169.25185,3.8793607,3.8995607
2026-10-06 16:22:46,kick_15.mp4,44,0,171.15114,176.27048,178.73993,170.46637,3.8889077,3.7735136
2026-10-06 16:22:46,kick_15.mp4,45,0,176.14847,178.32893,177.9107,169.42897,4.070359,3.9597003
2026-10-06 16:22:46,kick_15.mp4,46,0,179.65112,174.01846,178.6284,168.49373,3.9378753,3.7762375
2026-10-06 16:22:46,kick_15.mp4,47,0,177.57747,170.85631,179.94064,167.13612,4.0406613,3.8200395
2026-10-06 16:22:46,kick_16.mp4,1,0,166.11046,148.2416,177.78247,174.27802,3.62052,3.1092782
2026-10-06 16:22:47,kick_16.mp4,2,0,160.29813,149.91974,179.54243,172.2018,4.2996335,3.6767986
2026-10-06 16:22:47,kick_16.mp4,3,0,156.55727,149.92577,171.72423,173.46982,4.324213,3.8383157
2026-10-06 16:22:47,kick_16.mp4,4,0,158.73688,150.85576,169.3612,172.09912,4.2131743,3.9273062
2026-10-06 16:22:47,kick_16.mp4,5,0,156.5696,146.49467,175.61299,170.09206,3.9758334,3.6157088
2026-10-06 16:22:47,kick_16.mp4,6,0,156.9542,139.97696,177.38745,170.45006,3.3233674,2.9788833
2026-10-06 16:22:47,kick_16.mp4,7,1,153.3686,136.23997,179.3877,171.09396,2.9930375,2.5651207
2026-10-06 16:22:47,kick_16.mp4,8,1,150.13614,120.433235,178.32777,159.51007,2.9124198,1.8462859
2026-10-06 16:22:47,kick_16.mp4,9,1,145.05481,111.97785,177.39479,142.93768,2.8587391,1.8980821
2026-10-06 16:22:47,kick_16.mp4,10,1,153.16646,78.42245,179.08208,121.08061,2.887914,1.0489523
2026-10-06 16:22:47,kick_16.mp4,11,1,160.62196,82.16813,173.85709,101.24844,2.961989,1.0429765
2026-10-06 16:22:47,kick_16.mp4,12,1,165.04213,118.64997,166.51627,95.91716,2.8892622,1.6401263
2026-10-06 16:22:47,kick_16.mp4,13,1,156.46384,125.89097,179.6672,131.87415,3.61105,2.0571182
2026-10-06 16:22:47,kick_16.mp4,14,1,162.74191,164.02806,178.57962,170.59093,4.3119926,2.8379867
2026-10-06 16:22:47,kick_16.mp4,15,1,170.17424,179.26483,174.33257,174.92163,4.3179274,3.542417
2026-10-06 16:22:47,kick_16.mp4,16,1,168.49971,163.11974,172.45407,168.67044,3.678873,2.419756
2026-10-06 16:22:47,kick_16.mp4,17,1,170.93571,171.00552,171.62924,178.66733,3.7843394,2.6661358
2026-10-06 16:22:47,kick_16.mp4,18,1,175.54713,158.2075,171.25043,126.228134,2.7149293,2.1729093
2026-10-06 16:22:47,kick_16.mp4,19,0,170.66791,116.11433,177.24338,89.8219,2.262352,1.77126
2026-10-06 16:22:47,kick_16.mp4,20,0,167.6193,110.1631,172.66046,86.38445,2.2434146,1.6873305
2026-10-06 16:22:47,kick_16.mp4,21,0,173.22386,102.71969,168.88782,85.196724,2.4943855,1.5819172
2026-10-06 16:22:47,kick_16.mp4,22,0,158.3188,93.01173,177.27106,99.755585,2.681086,1.1800818
2026-10-06 16:22:47,kick_16.mp4,23,0,155.8756,77.73778,176.33392,105.17888,2.6338515,0.9939766
2026-10-06 16:22:47,kick_16.mp4,24,0,156.97714,81.01663,175.76848,115.13884,2.6124125,1.0646667
2026-10-06 16:22:47,kick_16.mp4,25,0,174.53905,130.80563,168.49712,128.3853,2.4230855,1.6724955
2026-10-06 16:22:47,kick_16.mp4,26,0,159.13261,98.57091,175.5224,133.5814,2.5924966,1.4130166
2026-10-06 16:22:47,kick_16.mp4,27,0,161.20415,109.510925,173.31967,142.05605,2.5538514,1.6261386
2026-10-06 16:22:47,kick_16.mp4,28,0,166.82748,127.02907,171.95459,152.06738,2.653227,1.9790198
2026-10-06 16:22:47,kick_16.mp4,29,0,172.39273,143.34453,170.52208,159.05017,2.7433362,2.3001812
2026-10-06 16:22:47,kick_16.mp4,30,0,174.01515,152.34747,170.05241,161.00421,2.8576381,2.635224
2026-10-06 16:22:47,kick_16.mp4,31,0,179.22368,163.48506,169.73389,165.91403,3.0394008,2.9578662
2026-10-06 16:22:47,kick_16.mp4,32,0,175.1603,171.12476,166.3577,172.22906,3.1479135,3.074184
2026-10-06 16:22:47,kick_16.mp4,33,0,174.28392,173.77823,165.67271,173.9592,3.2725227,3.2123451
2026-10-06 16:22:47,kick_16.mp4,34,0,171.65094,176.3017,165.35986,174.15091,3.203729,3.1606925
2026-10-06 16:22:48,kick_16.mp4,35,0,170.28873,176.34492,166.04816,172.9215,3.1972697,3.1737769
2026-10-06 16:22:48,kick_16.mp4,36,0,170.46318,176.49081,166.92651,171.7807,3.1696577,3.1798496
2026-10-06 16:22:48,kick_16.mp4,37,0,172.19698,174.1718,169.31223,168.65974,3.1860034,3.225721
2026-10-06 16:22:48,kick_16.mp4,38,0,174.64876,171.65947,170.07771,167.45633,3.1943479,3.278927
2026-10-06 16:22:48,kick_16.mp4,39,0,178.38225,169.27142,172.08531,165.08977,3.1658108,3.289107
2026-10-06 16:22:48,kick_16.mp4,40,0,179.2305,167.01472,172.26662,164.62836,3.1322405,3.2103744
2026-10-06 16:22:48,kick_16.mp4,41,0,178.54169,165.6664,171.4876,165.46794,3.1787777,3.1648562
2026-10-06 16:22:48,kick_16.mp4,42,0,176.95276,163.1929,172.77397,164.31725,3.1632395,3.1143117
2026-10-06 16:22:48,kick_16.mp4,43,0,179.13882,165.82909,172.29079,165.84836,3.2859795,3.1574755
2026-10-06 16:22:48,kick_16.mp4,44,0,179.06099,165.55637,172.78476,166.14368,3.4190524,3.2180946
2026-10-06 16:22:48,kick_16.mp4,45,0,177.18887,171.1075,170.2269,173.18452,3.5773551,3.3521383
2026-10-06 16:22:48,kick_17.mp4,1,1,149.85709,167.74078,177.23663,170.29202,5.463018,5.5936856
2026-10-06 16:22:48,kick_17.mp4,2,1,137.56725,156.61328,168.77855,175.54926,7.3375587,7.803558
2026-10-06 16:22:48,kick_17.mp4,3,1,146.17297,162.93604,175.99077,176.76419,11.270281,10.810597
2026-10-06 16:22:48,kick_17.mp4,4,1,155.81854,166.61691,177.18999,170.9352,10.082907,9.648213
2026-10-06 16:22:48,kick_17.mp4,5,1,150.93306,161.38933,179.65451,174.46494,12.550954,12.437636
2026-10-06 16:22:48,kick_17.mp4,6,1,144.70964,156.08716,173.26292,176.53943,7.0734625,6.5399523
2026-10-06 16:22:48,kick_17.mp4,7,1,146.12851,155.11314,172.7006,177.53978,12.212459,10.822712
2026-10-06 16:22:48,kick_17.mp4,8,1,148.6338,161.28133,171.91711,177.58183,26.104565,23.593996
2026-10-06 16:22:48,kick_17.mp4,9,1,149.59047,161.53981,173.40062,179.19885,60.4991,60.58087
2026-10-06 16:22:48,kick_17.mp4,10,1,154.44438,171.6148,179.59312,174.57512,18.382463,17.99285
2026-10-06 16:22:48,kick_17.mp4,11,1,156.83786,147.6367,179.21489,167.62369,7.7318125,5.530428
2026-10-06 16:22:48,kick_17.mp4,12,1,156.15366,128.07442,178.82446,118.76717,3.3479238,2.2098553
2026-10-06 16:22:48,kick_17.mp4,13,1,152.19336,129.03546,171.33081,102.34956,2.3008401,1.915804
2026-10-06 16:22:48,kick_17.mp4,14,0,159.7634,170.81924,176.14673,177.71774,5.5669894,5.523931
2026-10-06 16:22:48,kick_17.mp4,15,0,167.17049,173.63248,178.30637,177.17706,4.479339,4.8030787
2026-10-06 16:22:48,kick_17.mp4,16,0,142.24449,95.84478,171.82593,117.127396,3.2601464,1.8213011
2026-10-06 16:22:48,kick_17.mp4,17,0,144.1749,99.92017,177.13753,125.479774,2.8976698,1.7762473
2026-10-06 16:22:48,kick_17.mp4,18,0,149.10052,118.284,176.08702,137.94502,3.0622222,2.338009
2026-10-06 16:22:48,kick_17.mp4,19,0,160.63156,146.89523,175.87791,160.47327,3.3997574,2.9413052
2026-10-06 16:22:49,kick_17.mp4,20,0,155.55347,147.34557,178.67395,164.27911,3.4676907,3.2475696
2026-10-06 16:22:49,kick_17.mp4,21,0,158.67964,154.28593,178.19592,174.10434,3.745038,3.7718537
2026-10-06 16:22:49,kick_17.mp4,22,0,160.08327,156.53795,175.83481,177.12144,3.5693445,3.9502592
2026-10-06 16:22:49,kick_17.mp4,23,0,153.17207,153.15251,177.30557,174.53462,3.3782244,4.0153475
2026-10-06 16:22:49,kick_17.mp4,24,0,146.02727,147.85127,176.27748,173.49184,3.1151278,3.8545847
2026-10-06 16:22:49,kick_17.mp4,25,0,142.25533,145.91371,173.68242,171.47752,3.2770078,3.8559272
2026-10-06 16:22:49,kick_17.mp4,26,0,147.16393,149.77768,169.85268,170.97356,3.4900205,3.9477222
2026-10-06 16:22:49,kick_17.mp4,27,0,156.506,157.86359,163.58832,175.0711,3.5153768,3.8342593
2026-10-06 16:22:49,kick_17.mp4,28,0,157.31941,163.25093,164.10779,173.60287,3.7327342,4.0706987
2026-10-06 16:22:49,kick_17.mp4,29,0,161.6755,165.19833,168.05032,166.30449,3.9130855,4.2700553
2026-10-06 16:22:49,kick_17.mp4,30,0,161.58281,163.67244,171.18112,162.3103,4.0765834,4.4456196
2026-10-06 16:22:49,kick_17.mp4,31,0,157.21936,156.32306,179.55765,156.7247,4.4484563,4.71533
2026-10-06 16:22:49,kick_17.mp4,32,0,154.66321,151.9164,179.59554,158.07324,5.5362573,5.403942
2026-10-06 16:22:49,kick_17.mp4,33,0,148.81688,141.421,176.82207,156.66945,6.953642,6.392885
2026-10-06 16:22:49,kick_17.mp4,34,0,137.22699,131.89966,168.78305,154.90575,7.842666,7.0868597
2026-10-06 16:22:49,kick_17.mp4,35,0,137.3237,124.7031,169.39906,153.38501,9.545977,8.070983
2026-10-06 16:22:49,kick_17.mp4,36,0,134.77591,120.99317,167.3742,152.1184,10.233334,8.249581
2026-10-06 16:22:49,kick_17.mp4,37,0,136.70665,134.41263,166.48795,165.01643,20.400377,19.037973
2026-10-06 16:22:49,kick_17.mp4,38,0,129.54712,134.37535,161.53537,166.76471,19.518,19.94389
2026-10-06 16:22:49,kick_17.mp4,39,0,136.25658,141.04218,161.44368,167.13457,28.44148,28.975952
2026-10-06 16:22:49,kick_17.mp4,40,0,138.67053,140.5539,156.52026,163.24673,56.54358,56.903446
2026-10-06 16:22:49,kick_17.mp4,41,0,138.2449,141.0292,152.53592,161.21361,33.21671,33.736015
2026-10-06 16:22:49,kick_17.mp4,42,0,136.16246,138.7787,150.49574,158.40501,32.344246,31.849539
2026-10-06 16:22:49,kick_17.mp4,43,0,136.19756,139.01828,150.91585,158.85817,16.53811,16.188585
2026-10-06 16:22:49,kick_17.mp4,44,0,136.77443,139.12799,151.66855,159.0907,12.485921,12.158878
2026-10-06 16:22:49,kick_17.mp4,45,0,139.5666,141.80923,150.8816,160.65207,8.994744,8.778199
2026-10-06 16:22:49,kick_17.mp4,46,0,140.84392,142.79485,151.3087,162.31567,9.190338,8.94584
2026-10-06 16:22:49,kick_17.mp4,47,0,144.20377,147.62215,152.2268,165.04352,8.712556,8.324285
2026-10-06 16:22:49,kick_17.mp4,48,0,147.96457,151.71764,155.3541,169.73193,9.082988,8.581886
2026-10-06 16:22:49,kick_17.mp4,49,0,148.5929,151.84517,155.01993,171.07681,8.283674,7.952576
2026-10-06 16:22:49,kick_17.mp4,50,0,154.70836,155.59584,156.86551,173.47838,10.13557,9.142446
2026-10-06 16:22:49,kick_17.mp4,51,0,158.93309,158.6093,158.62839,176.67397,9.246869,8.1927
2026-10-06 16:22:49,kick_17.mp4,52,0,161.79874,160.65826,160.22678,179.59698,9.407145,8.418497
2026-10-06 16:22:50,kick_17.mp4,53,0,164.20146,166.01503,161.1074,175.48824,7.76274,6.996608
2026-10-06 16:22:50,kick_17.mp4,54,0,163.6006,166.29523,162.21901,173.10359,7.4431643,6.7660527
2026-10-06 16:22:50,kick_17.mp4,55,0,164.29164,171.30031,163.22098,167.37671,8.903728,8.251366
2026-10-06 16:22:50,kick_17.mp4,56,0,163.71214,170.0286,162.59473,167.08713,9.874217,9.053802
2026-10-06 16:22:50,kick_17.mp4,57,0,160.28734,166.42607,164.36797,165.89792,9.517264,8.803746
2026-10-06 16:22:50,kick_17.mp4,58,0,155.50569,159.32538,165.54045,168.68263,9.624104,8.954905
2026-10-06 16:22:50,kick_17.mp4,59,0,154.01529,149.93655,164.70848,175.71997,10.123997,8.855053
2026-10-06 16:22:50,kick_17.mp4,60,0,151.82246,146.31815,165.295,179.241,10.813325,9.498308
2026-10-06 16:22:50,kick_17.mp4,61,0,155.01003,145.3239,167.67418,179.36449,13.157392,10.775066
2026-10-06 16:22:50,kick_17.mp4,62,0,152.54683,153.24937,170.85883,179.7577,15.434469,13.2840805
2026-10-06 16:22:50,kick_17.mp4,63,0,153.75015,156.60048,172.39622,178.41995,20.151697,17.806335
2026-10-06 16:22:50,kick_17.mp4,64,0,156.37158,157.83484,173.7297,172.40913,21.44257,19.330362
2026-10-06 16:22:50,kick_17.mp4,65,0,150.72571,148.28629,171.37044,164.39024,18.474916,16.21779
2026-10-06 16:22:50,kick_17.mp4,66,0,150.32274,141.38841,171.41223,159.0063,13.99317,12.078663
2026-10-06 16:22:50,kick_17.mp4,67,0,154.81967,144.82396,173.02568,156.6258,9.598542,8.475517
2026-10-06 16:22:50,kick_18.mp4,1,0,150.1425,148.94234,167.7145,159.91365,17.917526,15.623778
2026-10-06 16:22:50,kick_18.mp4,2,0,150.13843,152.3647,163.64139,162.28877,14.663538,14.107849
2026-10-06 16:22:50,kick_18.mp4,3,0,150.14374,150.87018,160.33455,163.92165,16.298252,15.368485
2026-10-06 16:22:50,kick_18.mp4,4,0,141.85278,143.55376,156.39,166.3487,23.934513,22.150595
2026-10-06 16:22:50,kick_18.mp4,5,0,147.88402,149.00987,158.46724,172.49164,20.995592,18.688751
2026-10-06 16:22:50,kick_18.mp4,6,0,143.7835,148.25436,155.58856,172.17508,19.399044,18.513115
2026-10-06 16:22:50,kick_18.mp4,7,0,146.72183,151.14224,150.8218,171.39001,14.758282,14.175978
2026-10-06 16:22:50,kick_18.mp4,8,0,150.87497,155.03625,149.96373,173.09337,13.410222,12.780817
2026-10-06 16:22:50,kick_18.mp4,9,0,151.2752,156.1469,148.36456,173.57272,11.3137245,10.974058
2026-10-06 16:22:50,kick_18.mp4,10,0,152.92128,159.4903,147.16199,174.27159,10.089507,10.073067
2026-10-06 16:22:50,kick_18.mp4,11,0,153.26714,164.0457,143.98186,177.4726,10.021932,10.110796
2026-10-06 16:22:50,kick_18.mp4,12,0,150.47314,160.63684,139.70053,172.96959,8.631923,8.820629
2026-10-06 16:22:50,kick_18.mp4,13,0,143.8965,154.12347,135.10965,168.09181,7.9376626,8.135318
2026-10-06 16:22:50,kick_18.mp4,14,0,139.27115,150.4334,132.03584,165.83595,7.5430284,7.762321
2026-10-06 16:22:50,kick_18.mp4,15,0,137.19495,149.42299,130.60435,164.53139,8.991086,9.086887
2026-10-06 16:22:50,kick_18.mp4,16,0,137.02623,150.20523,130.05048,164.01476,10.123414,10.146156
2026-10-06 16:22:51,kick_18.mp4,17,0,138.12141,151.58725,131.03386,164.3222,8.197718,8.182559
2026-10-06 16:22:51,kick_18.mp4,18,0,139.77968,153.59802,132.87589,164.95636,7.7116346,7.653853
2026-10-06 16:22:51,kick_18.mp4,19,0,146.71393,154.23553,141.45818,169.66908,6.419317,6.2746186
2026-10-06 16:22:51,kick_18.mp4,20,0,149.41777,153.96176,143.70953,171.50487,6.014195,5.936446
2026-10-06 16:22:51,kick_18.mp4,21,0,145.96475,151.01768,145.7129,169.53485,6.6519475,6.816247
2026-10-06 16:22:51,kick_18.mp4,22,0,154.79834,156.54184,151.04713,173.80779,6.7537055,6.486446
2026-10-06 16:22:51,kick_18.mp4,23,0,156.62555,155.34492,156.13356,176.31766,6.611986,6.2425604
2026-10-06 16:22:51,kick_18.mp4,24,0,155.4074,153.12169,157.01288,175.89572,6.825994,6.492091
2026-10-06 16:22:51,kick_18.mp4,25,0,156.8181,155.60434,154.90482,176.41,6.2178507,5.871878
2026-10-06 16:22:51,kick_18.mp4,26,0,162.13104,160.4417,161.78494,178.58403,5.7738466,5.392307
2026-10-06 16:22:51,kick_18.mp4,27,0,165.57574,164.21422,162.78331,175.98135,5.64737,5.1974587
2026-10-06 16:22:51,kick_18.mp4,28,0,165.12228,165.02798,158.3555,179.32564,5.8620763,5.4538693
2026-10-06 16:22:51,kick_18.mp4,29,0,159.46204,160.04106,153.2756,174.66856,6.009422,5.69759
2026-10-06 16:22:51,kick_18.mp4,30,0,155.63986,156.19017,151.89606,171.82368,6.2573752,6.0116596
2026-10-06 16:22:51,kick_18.mp4,31,0,155.96796,157.89606,150.78305,170.93266,6.583429,6.3959913
2026-10-06 16:22:51,kick_18.mp4,32,0,158.22583,159.85919,153.26471,172.26994,6.183429,5.9259267
2026-10-06 16:22:51,kick_18.mp4,33,0,158.9595,160.16872,155.98875,173.20625,6.0443163,5.649147
2026-10-06 16:22:51,kick_18.mp4,34,0,157.41478,158.1114,157.3571,173.5905,5.998962,5.5994945
2026-10-06 16:22:51,kick_18.mp4,35,0,159.0267,158.77744,162.16635,178.22821,6.1422744,5.682775
2026-10-06 16:22:51,kick_18.mp4,36,0,160.9224,161.12529,165.08104,179.19934,5.504068,5.1083555
2026-10-06 16:22:51,kick_18.mp4,37,0,160.65494,161.33409,165.52606,179.40784,5.1609864,4.852057
2026-10-06 16:22:51,kick_18.mp4,38,0,158.73178,160.10855,160.70616,176.98259,5.0447183,4.878415
2026-10-06 16:22:51,kick_18.mp4,39,0,154.25447,157.60158,155.75835,174.67372,4.9062757,4.800261
2026-10-06 16:22:51,kick_18.mp4,40,0,151.4802,156.15152,151.60182,172.87381,5.074879,5.0236826
2026-10-06 16:22:51,kick_18.mp4,41,0,144.77946,148.76782,143.57547,165.99437,4.763996,4.8112426
2026-10-06 16:22:51,kick_18.mp4,42,0,146.17961,149.6028,142.02547,166.42505,4.712671,4.7096896
2026-10-06 16:22:51,kick_18.mp4,43,0,148.08208,152.6382,138.50279,167.47841,4.772421,4.682106
2026-10-06 16:22:51,kick_18.mp4,44,0,147.60715,150.95052,136.40161,166.12471,4.6299953,4.4568186
2026-10-06 16:22:51,kick_18.mp4,45,0,148.1913,153.39449,133.47957,166.46375,4.9932957,4.7224007
2026-10-06 16:22:51,kick_18.mp4,46,0,142.31575,149.53445,131.1404,166.57472,5.0523477,4.879756
2026-10-06 16:22:51,kick_18.mp4,47,0,140.54547,148.6631,132.39888,167.43275,5.8390217,5.775488
2026-10-06 16:22:51,kick_18.mp4,48,0,141.08199,149.42812,132.66376,168.28247,7.0809674,7.015587
2026-10-06 16:22:52,kick_18.mp4,49,0,144.04254,161.17075,130.24103,173.43607,13.408073,13.610269
2026-10-06 16:22:52,kick_18.mp4,50,0,167.5194,155.3485,175.19464,141.22409,4.993324,4.761286
2026-10-06 16:22:52,kick_18.mp4,51,0,155.25917,173.22652,138.09198,177.99162,41.363174,43.728462
2026-10-06 16:22:52,kick_18.mp4,52,0,154.34953,175.9641,133.5903,174.13094,36.144928,38.394875
2026-10-06 16:22:52,kick_18.mp4,53,0,156.81471,171.18703,137.31834,170.33064,19.242638,20.373436
2026-10-06 16:22:52,kick_18.mp4,54,0,159.58485,163.10019,144.07205,163.04059,12.801925,13.637787
2026-10-06 16:22:52,kick_18.mp4,55,0,163.602,166.00534,154.53366,154.52412,21.930258,20.918283
2026-10-06 16:22:52,kick_18.mp4,56,1,162.2953,165.86203,163.15787,142.3168,13.762115,14.153985
2026-10-06 16:22:52,kick_18.mp4,57,1,156.91156,164.96236,170.33582,136.03835,7.7017946,7.8142605
2026-10-06 16:22:52,kick_18.mp4,58,1,155.3887,164.78003,175.85938,179.2519,6.4405646,6.6596084
2026-10-06 16:22:52,kick_18.mp4,59,1,149.15332,163.76324,173.40578,179.44502,6.6182756,6.998823
2026-10-06 16:22:52,kick_18.mp4,60,1,142.70053,166.4292,172.89948,178.70744,9.077074,9.369363
2026-10-06 16:22:52,kick_18.mp4,61,1,138.00693,151.87288,158.65346,164.00429,12.083846,11.649669
2026-10-06 16:22:52,kick_18.mp4,62,1,135.45592,133.09912,152.20146,145.57193,12.320071,9.559791
2026-10-06 16:22:52,kick_18.mp4,63,1,145.22873,149.47722,160.14,160.63144,17.218233,14.971408
2026-10-06 16:22:52,kick_18.mp4,64,1,146.46695,151.6711,161.82803,162.97574,11.154403,10.274337
2026-10-06 16:22:52,kick_18.mp4,65,1,144.8963,153.4092,164.44661,167.49754,7.6651435,7.418732
2026-10-06 16:22:52,kick_18.mp4,66,1,142.48819,153.1399,161.23752,164.11386,10.685886,10.304653
2026-10-06 16:22:52,kick_18.mp4,67,1,143.662,150.5645,158.76347,159.99773,12.06359,10.425179
2026-10-06 16:22:52,kick_18.mp4,68,1,143.03426,151.58966,162.56319,162.21704,17.102884,14.189221
2026-10-06 16:22:52,kick_18.mp4,69,1,139.07059,146.83406,162.34808,161.43442,14.823661,12.107667
2026-10-06 16:22:52,kick_18.mp4,70,1,134.32472,142.03003,164.36615,162.52422,8.655801,7.1316285
2026-10-06 16:22:52,kick_18.mp4,71,0,141.61322,140.34692,172.95807,163.25363,7.2389827,5.54824
2026-10-06 16:22:52,kick_18.mp4,72,0,131.93198,65.7712,168.58636,99.8776,3.5551171,1.3707366
2026-10-06 16:22:52,kick_18.mp4,73,0,133.29509,59.748886,168.77913,98.05275,3.1574855,1.0903196
2026-10-06 16:22:52,kick_18.mp4,74,0,141.50458,77.34312,176.00378,116.50541,3.0353005,1.2328691
2026-10-06 16:22:52,kick_18.mp4,75,0,146.52153,103.23291,179.59943,140.96051,3.0824282,1.6825485
2026-10-06 16:22:52,kick_18.mp4,76,0,145.54651,125.709625,179.18459,158.56862,3.2698193,2.4263134
2026-10-06 16:22:52,kick_18.mp4,77,0,147.27841,140.72449,179.41148,170.54681,3.5122569,3.139254
2026-10-06 16:22:52,kick_18.mp4,78,0,149.06413,149.11763,179.14545,175.141,4.0880084,3.8849702
2026-10-06 16:22:52,kick_18.mp4,79,0,147.9652,150.60446,179.5003,179.72446,4.1354895,4.227093
2026-10-06 16:22:52,kick_18.mp4,80,0,152.76929,155.93044,177.26877,176.42805,4.0630035,4.266633
2026-10-06 16:22:52,kick_18.mp4,81,0,148.22699,154.078,176.09344,175.56137,3.9419012,4.1340737
2026-10-06 16:22:53,kick_18.mp4,82,0,138.30263,147.25021,175.74977,179.84549,4.1193933,4.369471
2026-10-06 16:22:53,kick_18.mp4,83,0,142.18925,145.8764,173.45628,175.5186,3.6593735,3.7600067
2026-10-06 16:22:53,kick_18.mp4,84,0,140.58365,147.91638,173.38644,174.51651,3.9122624,4.0130215
2026-10-06 16:22:53,kick_18.mp4,85,0,144.92738,153.23325,170.4808,174.57137,4.0758343,4.098498
2026-10-06 16:22:53,kick_18.mp4,86,0,150.12473,158.13574,167.21672,175.1442,4.0775433,4.079678
2026-10-06 16:22:53,kick_18.mp4,87,0,157.28717,158.35785,165.2036,171.11465,3.7107193,3.7080126
2026-10-06 16:22:53,kick_18.mp4,88,0,157.54167,157.13846,165.28702,168.33527,3.6517544,3.4922163
2026-10-06 16:22:53,kick_18.mp4,89,0,159.86615,156.16463,167.85007,165.47758,4.024197,3.829975
2026-10-06 16:22:53,kick_18.mp4,90,0,158.9081,153.41145,171.42015,163.3492,4.151986,3.822054
2026-10-06 16:22:53,kick_18.mp4,91,0,154.86679,154.0697,173.35793,167.1609,4.1932564,3.6895874
2026-10-06 16:22:53,kick_18.mp4,92,0,153.93637,146.47614,176.10448,164.13542,4.5160155,3.8617935
2026-10-06 16:22:53,kick_18.mp4,93,0,148.21646,143.51822,178.50826,171.15112,4.987301,4.2104497
2026-10-06 16:22:53,kick_18.mp4,94,0,150.934,146.17511,179.69481,173.45137,6.450738,5.9106064
2026-10-06 16:22:53,kick_18.mp4,95,0,156.39111,155.81107,179.10779,177.66199,8.703135,8.461539
2026-10-06 16:22:53,kick_18.mp4,96,0,156.98723,156.19096,176.09009,179.03044,11.310665,11.039274
2026-10-06 16:22:53,kick_18.mp4,97,0,157.86047,154.17918,174.6661,179.79251,10.384587,10.1284685
2026-10-06 16:22:53,kick_18.mp4,98,0,159.42801,157.93848,173.92383,174.77264,12.854701,12.724221
2026-10-06 16:22:53,kick_18.mp4,99,0,159.10735,158.0419,173.6296,171.9999,15.480395,16.106426
2026-10-06 16:22:53,kick_19.mp4,1,1,140.98352,149.43211,163.5163,164.282,5.9560676,5.9680715
2026-10-06 16:22:53,kick_19.mp4,2,1,116.0621,106.46454,142.34854,133.67076,4.304095,3.682713
2026-10-06 16:22:53,kick_19.mp4,3,1,141.6388,144.61723,165.9549,162.87544,4.1980534,4.0210543
2026-10-06 16:22:53,kick_19.mp4,4,1,141.98662,144.62852,165.87982,162.799,3.8736756,3.7322605
2026-10-06 16:22:53,kick_19.mp4,5,1,144.96078,152.67807,170.8409,169.75778,4.016339,3.9190235
2026-10-06 16:22:53,kick_19.mp4,6,1,116.885666,135.86835,93.01316,151.75902,2.6102364,2.9657495
2026-10-06 16:22:53,kick_19.mp4,7,1,111.01384,132.91298,86.78546,148.41415,2.7208495,3.0779724
2026-10-06 16:22:53,kick_19.mp4,8,1,122.92922,143.19173,96.89842,158.82751,2.153939,2.4231694
2026-10-06 16:22:53,kick_19.mp4,9,0,109.965965,133.72733,98.492424,149.8933,2.31397,2.880977
2026-10-06 16:22:53,kick_19.mp4,10,0,123.06518,129.70908,144.41501,150.84932,4.4102654,4.694411
2026-10-06 16:22:53,kick_19.mp4,11,0,148.09807,145.6806,162.14719,162.01877,5.331555,5.1923447
2026-10-06 16:22:53,kick_19.mp4,12,0,144.31772,136.06201,157.59973,152.55702,5.7585526,5.198731
2026-10-06 16:22:53,kick_19.mp4,13,0,132.65448,127.38428,148.02148,143.15305,6.3317013,5.887282
2026-10-06 16:22:54,kick_19.mp4,14,0,141.11115,146.19168,150.44514,151.9342,8.763872,8.655696
2026-10-06 16:22:54,kick_19.mp4,15,0,143.4625,145.61913,155.27301,156.64003,9.391189,9.192656
2026-10-06 16:22:54,kick_19.mp4,16,0,145.87134,149.06612,154.87764,159.23737,11.268238,11.187325
2026-10-06 16:22:54,kick_19.mp4,17,0,145.52591,149.89519,154.07883,159.34622,14.970685,14.365437
2026-10-06 16:22:54,kick_19.mp4,18,0,143.12521,148.64218,154.60234,159.79744,18.89873,17.606752
2026-10-06 16:22:54,kick_19.mp4,19,0,140.84082,145.76231,153.28505,158.25862,22.143106,20.839565
2026-10-06 16:22:54,kick_19.mp4,20,0,141.18237,150.29817,153.77792,160.93753,20.01397,19.002382
2026-10-06 16:22:54,kick_19.mp4,21,0,141.94028,157.07114,152.36101,164.1241,15.635977,15.648092
2026-10-06 16:22:54,kick_19.mp4,22,0,146.99373,162.62157,149.29253,163.29333,14.010554,14.374933
2026-10-06 16:22:54,kick_19.mp4,23,0,154.93178,168.68536,151.87819,165.07045,12.50001,12.366481
2026-10-06 16:22:54,kick_19.mp4,24,0,156.78088,168.79756,149.57626,164.78662,13.874947,13.678586
2026-10-06 16:22:54,kick_19.mp4,25,0,155.72389,167.67546,148.1001,166.63416,13.290702,12.860501
2026-10-06 16:22:54,kick_19.mp4,26,0,159.481,164.9546,152.25677,172.49219,10.571191,9.7133875
2026-10-06 16:22:54,kick_19.mp4,27,0,150.70778,160.37555,148.7773,174.89311,10.577844,9.940762
2026-10-06 16:22:54,kick_19.mp4,28,0,147.89171,156.9385,151.86414,179.78786,8.052464,7.8186626
2026-10-06 16:22:54,kick_19.mp4,29,0,142.74564,154.64786,146.16801,178.00737,7.946438,7.852615
2026-10-06 16:22:54,kick_19.mp4,30,0,145.2654,155.4246,148.17415,173.60995,6.144687,6.1644177
2026-10-06 16:22:54,kick_19.mp4,31,0,145.16588,159.33017,148.61008,169.13918,7.3022127,7.403677
2026-10-06 16:22:54,kick_19.mp4,32,0,148.02776,159.77783,147.57065,169.71394,7.7343516,7.959267
2026-10-06 16:22:54,kick_19.mp4,33,0,148.7998,156.71782,143.4489,175.6749,6.0271683,5.8968267
2026-10-06 16:22:54,kick_19.mp4,34,0,158.94551,160.51517,145.22716,175.66057,6.8181467,6.620153
2026-10-06 16:22:54,kick_19.mp4,35,0,158.7499,160.84914,140.40224,177.8778,7.0076375,6.7933354
2026-10-06 16:22:54,kick_19.mp4,36,0,153.49208,158.435,136.33838,173.31592,6.542461,6.4739866
2026-10-06 16:22:54,kick_19.mp4,37,0,145.58453,157.53984,134.98976,173.53232,6.937957,7.029069
2026-10-06 16:22:54,kick_19.mp4,38,0,142.1484,155.81807,133.7411,171.74123,7.8094845,7.801062
2026-10-06 16:22:54,kick_19.mp4,39,0,140.8042,147.69035,133.87979,166.44655,5.990568,6.058752
2026-10-06 16:22:54,kick_19.mp4,40,0,139.43764,148.89864,133.71867,167.94301,5.858134,5.991975
2026-10-06 16:22:54,kick_19.mp4,41,0,145.12798,153.21432,137.64532,171.67209,6.438077,6.4609056
2026-10-06 16:22:54,kick_19.mp4,42,0,141.96803,152.33458,134.11879,168.7851,5.518508,5.587066
2026-10-06 16:22:54,kick_19.mp4,43,0,144.13437,151.6631,133.71233,167.0319,4.9663806,5.0244284
2026-10-06 16:22:54,kick_19.mp4,44,0,136.96782,147.35677,133.09885,165.38632,5.4408846,5.6169686
2026-10-06 16:22:54,kick_19.mp4,45,0,146.85806,152.32124,140.84225,170.09535,6.699446,6.615203
2026-10-06 16:22:54,kick_19.mp4,46,0,147.40547,153.0259,140.19763,168.3524,6.9847374,6.8752327
2026-10-06 16:22:55,kick_19.mp4,47,0,152.5067,155.79012,143.99672,171.14697,5.7013416,5.5940995
2026-10-06 16:22:55,kick_19.mp4,48,0,145.15608,150.10022,138.29222,164.31609,5.9576902,5.777762
2026-10-06 16:22:55,kick_19.mp4,49,0,146.90271,152.0857,141.10378,166.59824,5.8343263,5.8044257
2026-10-06 16:22:55,kick_19.mp4,50,0,147.05501,150.91592,143.53423,168.70769,5.5437346,5.328718
2026-10-06 16:22:55,kick_19.mp4,51,0,148.35547,153.79532,146.37068,173.09882,5.209266,5.0805283
2026-10-06 16:22:55,kick_19.mp4,52,0,156.36139,157.58476,151.56616,175.4262,4.710147,4.532663
2026-10-06 16:22:55,kick_19.mp4,53,0,151.04007,151.86305,150.09161,172.75911,5.1095037,5.004584
2026-10-06 16:22:55,kick_19.mp4,54,0,152.05319,146.83125,148.71597,168.0356,4.402345,4.231992
2026-10-06 16:22:55,kick_19.mp4,55,0,153.23656,150.33574,145.30058,166.67857,4.3550034,4.1419215
2026-10-06 16:22:55,kick_19.mp4,56,0,151.37415,150.39586,141.35701,165.2741,4.5416994,4.463131
2026-10-06 16:22:55,kick_19.mp4,57,0,151.2507,149.57092,140.5347,163.40959,4.6625896,4.6310015
2026-10-06 16:22:55,kick_19.mp4,58,0,148.85428,151.34569,139.87857,162.71017,5.5386887,5.391163
2026-10-06 16:22:55,kick_19.mp4,59,0,149.15643,149.8094,139.66785,161.50145,4.736937,4.8084536
2026-10-06 16:22:55,kick_19.mp4,60,0,145.26085,147.75308,141.48041,161.88643,5.1385393,5.2161846
2026-10-06 16:22:55,kick_19.mp4,61,0,137.81474,141.6822,142.99959,163.7291,5.445132,5.6285906
2026-10-06 16:22:55,kick_19.mp4,62,0,135.54613,148.6705,137.34367,167.56955,6.1264267,6.478394
2026-10-06 16:22:55,kick_19.mp4,63,0,131.53952,151.35608,130.45592,166.8269,10.918853,12.354993
2026-10-06 16:22:55,kick_19.mp4,64,0,137.03653,155.72327,132.57068,173.32622,7.7567296,8.87022
2026-10-06 16:22:55,kick_19.mp4,65,0,148.17772,164.94688,136.77365,178.22313,11.565954,13.155871
2026-10-06 16:22:55,kick_19.mp4,66,0,159.64644,170.65701,141.4836,177.66183,12.312371,13.23861
2026-10-06 16:22:55,kick_19.mp4,67,0,160.22763,173.72276,137.8307,175.46567,13.76974,14.272471
2026-10-06 16:22:55,kick_19.mp4,68,0,159.29532,170.42422,141.28398,170.77017,17.519295,17.682848
2026-10-06 16:22:55,kick_19.mp4,69,0,158.92923,165.7582,144.5781,164.17227,23.170664,21.574783
2026-10-06 16:22:55,kick_19.mp4,70,0,152.16223,158.4402,148.323,160.22209,44.019764,40.59133
2026-10-06 16:22:55,kick_19.mp4,71,0,149.58582,152.8434,160.3852,151.9543,20.495632,20.797258
2026-10-06 16:22:55,kick_19.mp4,72,0,159.17351,166.31723,167.53813,153.52208,17.546774,15.268581
2026-10-06 16:22:55,kick_19.mp4,73,0,151.20369,156.1835,167.1296,169.5311,13.971832,11.107133
2026-10-06 16:22:55,kick_19.mp4,74,1,147.49353,151.406,162.45505,169.66776,5.776398,4.567594
2026-10-06 16:22:55,kick_19.mp4,75,1,131.47852,131.99695,144.14923,145.6297,5.5156426,5.1344705
2026-10-06 16:22:55,kick_19.mp4,76,1,131.57361,131.94049,140.80487,143.68552,4.944125,4.914012
2026-10-06 16:22:55,kick_19.mp4,77,1,139.90202,133.73659,145.64809,144.8877,5.240693,4.6120267
2026-10-06 16:22:55,kick_19.mp4,78,1,145.7743,149.11703,156.95335,158.41716,5.7934246,5.711205
2026-10-06 16:22:55,kick_19.mp4,79,1,138.33826,135.29465,155.33481,155.85918,5.846558,5.617173
2026-10-06 16:22:56,kick_19.mp4,80,1,151.3889,148.96887,166.95653,167.24522,5.277638,4.638112
2026-10-06 16:22:56,kick_19.mp4,81,0,150.20984,149.84953,167.75514,170.22543,6.5528774,6.6926656
2026-10-06 16:22:56,kick_19.mp4,82,0,146.0735,149.23228,160.56786,164.05098,5.6613626,5.5512013
2026-10-06 16:22:56,kick_19.mp4,83,0,148.2138,163.14325,159.99306,171.36063,5.1587286,5.850338
2026-10-06 16:22:56,kick_19.mp4,84,0,141.74564,156.70992,122.42269,162.77423,3.6507103,3.8511336
2026-10-06 16:22:56,kick_19.mp4,85,0,147.47443,153.5838,152.83861,154.99313,6.643886,7.1249204
2026-10-06 16:22:56,kick_19.mp4,86,0,145.61116,134.0249,161.18262,141.03656,10.221193,8.907317
2026-10-06 16:22:56,kick_19.mp4,87,0,140.46584,137.65935,160.57169,153.68967,9.265613,8.548539
2026-10-06 16:22:56,kick_19.mp4,88,0,135.261,146.43915,156.95212,162.9823,22.01284,22.08238
2026-10-06 16:22:56,kick_19.mp4,89,0,127.16325,138.77899,153.18019,160.52275,22.482964,22.959532
2026-10-06 16:22:56,kick_19.mp4,90,0,130.79259,138.39995,161.80305,167.32753,20.030767,21.164518
2026-10-06 16:22:56,kick_19.mp4,91,0,126.190605,132.73218,162.26773,166.19511,29.155523,31.04401
2026-10-06 16:22:56,kick_19.mp4,92,0,127.66227,131.93466,161.30199,163.57602,25.780632,27.146559
2026-10-06 16:22:56,kick_19.mp4,93,0,126.86797,130.16014,169.1292,167.38655,29.091356,30.192835
2026-10-06 16:22:56,kick_19.mp4,94,0,133.86261,137.25385,174.00546,169.42435,18.77896,19.199785
2026-10-06 16:22:56,kick_19.mp4,95,0,138.84143,151.91444,179.55106,175.57785,55.886772,58.742023
2026-10-06 16:22:56,kick_19.mp4,96,0,146.45499,160.8022,179.19814,171.37086,63.992702,69.56554
2026-10-06 16:22:56,kick_19.mp4,97,0,148.70128,162.87445,179.69353,171.7681,36.539474,39.3518
2026-10-06 16:22:56,kick_19.mp4,98,0,148.95695,155.38919,178.80957,169.48402,25.949503,26.246595
2026-10-06 16:22:56,kick_19.mp4,99,0,146.0568,146.9059,172.74739,163.42769,27.61832,27.478306
2026-10-06 16:22:56,kick_19.mp4,100,0,142.83084,149.53633,173.08046,167.9114,27.873442,26.946634
2026-10-06 16:22:56,kick_19.mp4,101,0,141.5236,148.85522,169.88556,171.86882,27.672958,27.755934
2026-10-06 16:22:56,kick_19.mp4,102,0,137.89632,147.16881,166.96082,171.92435,18.041021,18.708357
2026-10-06 16:22:56,kick_19.mp4,103,0,133.95203,140.4815,168.86357,171.8019,18.240156,18.78054
2026-10-06 16:22:56,kick_19.mp4,104,0,138.27213,143.75745,168.39078,175.91432,22.428988,22.425175
2026-10-06 16:22:56,kick_19.mp4,105,0,145.8149,146.37524,171.8146,179.39024,19.171484,18.39689
2026-10-06 16:22:56,kick_19.mp4,106,0,145.8975,145.3915,171.01508,177.54776,16.14217,15.373027
2026-10-06 16:22:56,kick_2.mp4,1,0,179.16513,170.78238,172.99622,178.68402,3.8096786,3.6893966
2026-10-06 16:22:56,kick_2.mp4,2,0,179.73459,169.35689,174.26437,177.21841,3.719185,3.5673316
2026-10-06 16:22:56,kick_2.mp4,3,0,179.32217,166.8834,175.93456,175.29362,3.7051635,3.54304
2026-10-06 16:22:57,kick_2.mp4,4,0,179.26884,168.25966,175.97064,175.8225,3.7720199,3.6092331
2026-10-06 16:22:57,kick_2.mp4,5,0,179.71469,170.68675,174.19153,178.99089,3.7749703,3.6872501
2026-10-06 16:22:57,kick_2.mp4,6,0,179.6299,171.10193,172.13597,178.78613,3.8523574,3.7844357
2026-10-06 16:22:57,kick_2.mp4,7,0,179.06853,170.46419,169.7489,176.15906,3.8210506,3.813582
2026-10-06 16:22:57,kick_2.mp4,8,0,177.49171,168.71407,166.99011,174.56613,3.6477556,3.5508406
2026-10-06 16:22:57,kick_2.mp4,9,0,174.31024,167.95094,161.70784,172.09467,3.5918334,3.4233341
2026-10-06 16:22:57,kick_2.mp4,10,0,175.48598,167.59497,157.02646,169.95033,3.6687605,3.5570056
2026-10-06 16:22:57,kick_2.mp4,11,0,173.555,171.8059,151.51741,167.67326,3.835926,3.7636294
2026-10-06 16:22:57,kick_2.mp4,12,0,178.80447,174.49654,145.00433,166.25214,3.9619172,4.149665
2026-10-06 16:22:57,kick_2.mp4,13,0,176.99358,175.50288,141.24094,165.40302,3.8388095,4.021514
2026-10-06 16:22:57,kick_2.mp4,14,0,176.18365,173.22372,142.67555,168.37288,3.8637516,3.937652
2026-10-06 16:22:57,kick_2.mp4,15,1,176.58578,166.77838,144.36046,171.14066,3.8236024,3.8022578
2026-10-06 16:22:57,kick_2.mp4,16,1,174.70216,161.42242,142.82434,173.98366,3.7974355,3.527184
2026-10-06 16:22:57,kick_2.mp4,17,1,177.39954,159.9737,138.43095,174.86613,3.6295338,3.1272483
2026-10-06 16:22:57,kick_2.mp4,18,1,175.2168,157.79807,133.66934,177.8852,3.232865,2.4059758
2026-10-06 16:22:57,kick_2.mp4,19,1,173.71037,152.82503,133.5095,168.44833,3.285724,2.4937978
2026-10-06 16:22:57,kick_2.mp4,20,1,174.96902,149.11772,128.90392,163.2204,2.710838,2.198972
2026-10-06 16:22:57,kick_2.mp4,21,1,174.23921,149.69998,121.286835,167.42528,2.8481057,2.5788648
2026-10-06 16:22:57,kick_2.mp4,22,1,177.44234,148.50806,119.10235,173.3598,2.9912982,2.6260293
2026-10-06 16:22:57,kick_2.mp4,23,1,177.8454,154.45705,121.95953,167.22914,3.4850395,3.02141
2026-10-06 16:22:57,kick_2.mp4,24,1,169.15434,159.01233,127.77387,149.72664,4.3796873,3.7822266
2026-10-06 16:22:57,kick_2.mp4,25,1,171.334,166.58273,129.33978,145.92572,2.0363693,1.9150516
2026-10-06 16:22:57,kick_2.mp4,26,1,172.64465,160.34865,129.64131,148.87944,2.0934217,1.8432682
2026-10-06 16:22:57,kick_2.mp4,27,1,176.15558,148.22841,130.89551,159.25883,2.4399776,1.827605
2026-10-06 16:22:57,kick_2.mp4,28,0,178.27138,148.5655,129.8807,177.80974,3.340765,2.3723722
2026-10-06 16:22:57,kick_2.mp4,29,0,177.71568,146.55908,127.87559,175.43726,3.2956564,2.3629997
2026-10-06 16:22:57,kick_2.mp4,30,0,177.2586,140.99382,133.19815,153.47906,2.704681,1.8700963
2026-10-06 16:22:57,kick_2.mp4,31,0,177.88344,135.4625,132.29462,148.43842,2.665704,1.8163764
2026-10-06 16:22:57,kick_2.mp4,32,0,178.8797,141.85638,131.74994,145.38356,2.6922011,1.8580735
2026-10-06 16:22:57,kick_2.mp4,33,0,177.12498,149.47679,137.18306,141.86795,2.7299118,1.8222544
2026-10-06 16:22:57,kick_2.mp4,34,0,179.81337,150.08179,137.784,143.5015,2.4465487,1.8419917
2026-10-06 16:22:57,kick_2.mp4,35,0,177.89978,162.68956,139.3583,145.89687,2.5369422,1.9116654
2026-10-06 16:22:58,kick_2.mp4,36,0,178.42728,164.75015,139.9903,140.69753,2.3306477,1.8642095
2026-10-06 16:22:58,kick_2.mp4,37,0,179.94064,169.82062,140.71907,140.47855,2.3097563,1.9672683
2026-10-06 16:22:58,kick_2.mp4,38,0,179.62622,169.39496,140.18977,140.10168,2.3136413,1.9586507
2026-10-06 16:22:58,kick_2.mp4,39,0,178.87186,172.32487,140.22414,140.87802,2.2972643,2.0643559
2026-10-06 16:22:58,kick_2.mp4,40,0,174.48679,175.13779,140.4726,144.99675,2.4037354,2.2505577
2026-10-06 16:22:58,kick_2.mp4,41,0,173.65593,176.77267,144.15424,148.55449,2.499458,2.2718039
2026-10-06 16:22:58,kick_2.mp4,42,0,171.01237,176.11833,146.93895,149.49335,2.5834658,2.2654707
2026-10-06 16:22:58,kick_2.mp4,43,0,176.18509,168.27075,148.58102,155.10208,2.7617953,2.2906346
2026-10-06 16:22:58,kick_2.mp4,44,0,176.03053,169.40123,150.67934,159.86723,2.8685732,2.4447122
2026-10-06 16:22:58,kick_2.mp4,45,0,178.40921,170.14696,154.38329,163.81232,3.0499074,2.8041673
2026-10-06 16:22:58,kick_2.mp4,46,0,178.92516,174.6645,156.96176,172.21382,3.4465494,2.7993467
2026-10-06 16:22:58,kick_2.mp4,47,0,171.9826,159.81316,161.75105,173.79913,3.443536,2.5780337
2026-10-06 16:22:58,kick_2.mp4,48,0,170.19942,157.2165,163.2088,178.21533,3.4963584,2.7088583
2026-10-06 16:22:58,kick_2.mp4,49,0,169.43443,159.85179,165.09435,178.46748,3.554965,2.9145865
2026-10-06 16:22:58,kick_2.mp4,50,0,167.86426,162.55077,168.2005,174.74069,3.707681,3.3591087
2026-10-06 16:22:58,kick_2.mp4,51,0,171.06241,168.28749,171.38985,172.33434,4.052059,3.8172312
2026-10-06 16:22:58,kick_2.mp4,52,0,171.34244,171.33098,173.26164,172.51666,4.02305,4.099979
2026-10-06 16:22:58,kick_2.mp4,53,0,176.41924,175.47314,173.94284,172.75398,4.2313437,4.213965
2026-10-06 16:22:58,kick_2.mp4,54,0,179.545,178.91844,176.43112,175.2218,4.3517604,4.299546
2026-10-06 16:22:58,kick_2.mp4,55,0,178.81932,180.0,179.12575,177.72978,4.428276,4.2727356
2026-10-06 16:22:58,kick_2.mp4,56,0,177.42654,179.79536,178.48134,179.3547,4.517255,4.2347326
2026-10-06 16:22:58,kick_20.mp4,1,0,178.56618,158.12766,149.70506,173.80481,3.6942468,2.8868883
2026-10-06 16:22:58,kick_20.mp4,2,0,168.10843,173.30516,149.73851,160.54204,4.0143766,3.3255918
2026-10-06 16:22:58,kick_20.mp4,3,0,175.7854,164.17825,145.78966,172.46567,3.5623796,2.7698665
2026-10-06 16:22:58,kick_20.mp4,4,0,173.87335,127.23855,150.02318,131.59409,2.9259722,1.683727
2026-10-06 16:22:58,kick_20.mp4,5,0,175.69011,132.93396,150.36086,136.49162,2.9740396,1.6649177
2026-10-06 16:22:58,kick_20.mp4,6,0,176.7375,133.07938,156.52686,135.16168,3.0657413,1.7342845
2026-10-06 16:22:58,kick_20.mp4,7,0,177.99522,146.33217,158.64655,149.74533,3.059007,2.1162891
2026-10-06 16:22:58,kick_20.mp4,8,0,175.853,153.94325,161.30823,159.31439,3.3719113,2.494195
2026-10-06 16:22:58,kick_20.mp4,9,0,174.63939,156.94116,163.09793,165.14923,3.423216,2.8871853
2026-10-06 16:22:59,kick_20.mp4,10,0,175.84903,162.47037,167.05939,168.90498,3.5508611,3.159046
2026-10-06 16:22:59,kick_20.mp4,11,0,171.92616,157.33267,171.01231,168.35962,3.53875,3.1974998
2026-10-06 16:22:59,kick_20.mp4,12,0,171.46106,161.1075,173.04695,173.51512,3.6359305,3.6654034
2026-10-06 16:22:59,kick_20.mp4,13,0,172.04585,166.46223,176.97968,176.21622,4.0638814,4.212733
2026-10-06 16:22:59,kick_20.mp4,14,0,173.89583,168.9775,179.79633,176.54175,4.28633,4.375364
2026-10-06 16:22:59,kick_20.mp4,15,0,177.15077,171.58667,179.96573,179.18794,4.244131,4.2406416
2026-10-06 16:22:59,kick_20.mp4,16,0,175.57294,169.88472,179.47139,178.03535,4.039582,3.9109962
2026-10-06 16:22:59,kick_20.mp4,17,0,178.49324,174.31178,176.83496,179.0969,4.326067,4.358314
2026-10-06 16:22:59,kick_20.mp4,18,0,176.81586,174.3233,175.10962,178.7543,4.470902,4.7839665
2026-10-06 16:22:59,kick_20.mp4,19,0,179.96573,169.5863,169.90161,178.64735,4.96616,5.1709366
2026-10-06 16:22:59,kick_20.mp4,20,0,176.80922,172.97867,170.32408,179.91606,4.49618,5.096157
2026-10-06 16:22:59,kick_20.mp4,21,0,176.75659,172.3592,172.35019,179.38292,4.629776,5.02098
2026-10-06 16:22:59,kick_20.mp4,22,0,173.9608,164.44292,176.3674,172.77617,4.420882,4.0217915
2026-10-06 16:22:59,kick_20.mp4,23,0,173.82634,162.54837,174.93704,171.55887,4.443582,4.176462
2026-10-06 16:22:59,kick_20.mp4,24,0,175.97829,166.19437,176.17268,170.72166,4.5010734,4.480429
2026-10-06 16:22:59,kick_20.mp4,25,0,177.46063,170.70744,177.93661,174.35089,3.9878154,4.348848
2026-10-06 16:22:59,kick_20.mp4,26,0,175.88109,173.49162,178.28958,172.33005,3.6599212,4.1571975
2026-10-06 16:22:59,kick_20.mp4,27,0,176.44576,175.44592,179.45035,170.19566,3.577791,4.1740613
2026-10-06 16:22:59,kick_20.mp4,28,0,178.31146,174.10913,176.29391,169.81726,3.785145,4.1284833
2026-10-06 16:22:59,kick_20.mp4,29,0,178.86185,175.4735,174.52083,168.63126,4.033027,4.4531107
2026-10-06 16:22:59,kick_20.mp4,30,0,177.00375,170.66286,173.44006,167.20062,4.22446,4.406428
2026-10-06 16:22:59,kick_20.mp4,31,0,175.39078,170.02657,172.20154,166.59015,4.1153555,4.396829
2026-10-06 16:22:59,kick_20.mp4,32,0,169.98936,165.5946,171.32324,166.24808,4.2416725,4.379354
2026-10-06 16:22:59,kick_20.mp4,33,0,161.27612,163.23923,172.78537,165.82448,3.998068,4.1663055
2026-10-06 16:22:59,kick_20.mp4,34,0,162.77232,160.53226,170.03397,162.66827,4.1619134,4.27461
2026-10-06 16:22:59,kick_20.mp4,35,0,160.15677,156.04254,170.26743,158.95917,4.3046966,4.3357286
2026-10-06 16:22:59,kick_20.mp4,36,0,162.48418,154.76924,170.65285,155.53534,4.6865053,4.623639
2026-10-06 16:22:59,kick_20.mp4,37,0,168.4239,163.90842,169.58835,156.64584,4.7613897,4.7903314
2026-10-06 16:22:59,kick_20.mp4,38,0,170.32114,165.6066,169.0815,156.41917,5.1097865,5.0375333
2026-10-06 16:22:59,kick_20.mp4,39,0,169.95128,163.09697,171.9322,154.87216,5.9453382,5.858106
2026-10-06 16:22:59,kick_20.mp4,40,0,168.32817,160.71053,175.75905,155.13663,6.363837,6.1509867
2026-10-06 16:22:59,kick_20.mp4,41,0,163.5808,154.92528,179.08655,155.98938,6.699177,6.310976
2026-10-06 16:23:00,kick_20.mp4,42,0,157.89911,146.95158,179.72731,157.8196,6.8768864,6.254446
2026-10-06 16:23:00,kick_20.mp4,43,0,150.61316,141.84637,176.47768,159.85603,7.64475,7.1176386
2026-10-06 16:23:00,kick_20.mp4,44,0,147.96178,139.51387,175.02046,160.85686,8.046494,7.386066
2026-10-06 16:23:00,kick_20.mp4,45,0,146.35909,137.36943,175.04144,163.53091,8.636907,7.700416
2026-10-06 16:23:00,kick_20.mp4,46,0,143.96312,137.42195,175.38377,169.06801,10.524318,9.689687
2026-10-06 16:23:00,kick_20.mp4,47,0,145.63286,142.70453,174.42163,170.57935,12.734866,12.509327
2026-10-06 16:23:00,kick_20.mp4,48,0,136.98294,135.86882,166.62154,164.24628,14.955445,15.1585455
2026-10-06 16:23:00,kick_20.mp4,49,0,130.85439,129.71745,161.63249,159.54369,18.22278,18.561703
2026-10-06 16:23:00,kick_20.mp4,50,0,126.05847,126.949356,156.22302,157.625,19.507898,20.096703
2026-10-06 16:23:00,kick_20.mp4,51,0,122.6216,123.72771,150.76746,153.38094,26.520777,27.327978
2026-10-06 16:23:00,kick_20.mp4,52,0,106.461,115.86171,138.66054,150.7101,14.348069,16.370256
2026-10-06 16:23:00,kick_20.mp4,53,0,111.406494,121.17323,138.11015,153.36514,11.867983,13.610101
2026-10-06 16:23:00,kick_20.mp4,54,0,117.82722,129.04001,139.06868,161.81752,11.931512,14.132642
2026-10-06 16:23:00,kick_20.mp4,55,0,126.78239,139.82373,138.91568,168.42773,11.661733,14.361597
2026-10-06 16:23:00,kick_20.mp4,56,0,142.93608,149.4017,151.57333,177.28645,16.815279,20.727581
2026-10-06 16:23:00,kick_20.mp4,57,0,145.10468,151.01112,149.93877,179.05022,13.566482,16.359253
2026-10-06 16:23:00,kick_20.mp4,58,0,149.30725,151.57698,153.451,173.27823,8.853731,9.792187
2026-10-06 16:23:00,kick_20.mp4,59,0,132.67566,139.1527,155.25748,173.85176,6.367622,7.369208
2026-10-06 16:23:00,kick_20.mp4,60,0,142.82274,141.74768,164.61197,168.5582,5.702659,6.0085335
2026-10-06 16:23:00,kick_20.mp4,61,0,143.15306,136.5725,170.11157,172.04216,4.8826685,4.5076976
2026-10-06 16:23:00,kick_20.mp4,62,0,142.23662,134.16096,172.24283,176.4843,4.569713,3.8498883
2026-10-06 16:23:00,kick_20.mp4,63,0,134.20526,105.26302,171.74643,144.43515,3.7334468,2.4240272
2026-10-06 16:23:00,kick_20.mp4,64,1,148.94824,148.64058,139.18365,132.62753,6.5069394,6.3007693
2026-10-06 16:23:00,kick_20.mp4,65,1,139.63138,145.56526,115.540825,137.24097,6.8962903,6.3280096
2026-10-06 16:23:00,kick_20.mp4,66,1,158.99686,101.42995,179.47362,105.04637,3.464523,1.6774012
2026-10-06 16:23:00,kick_20.mp4,67,1,167.36789,124.11445,174.80916,96.34892,2.831268,1.8251797
2026-10-06 16:23:00,kick_20.mp4,68,1,179.4006,140.83919,168.44992,105.860275,3.0099773,2.6853375
2026-10-06 16:23:00,kick_20.mp4,69,1,174.64484,169.30524,178.95001,164.70343,4.5829043,4.1931596
2026-10-06 16:23:00,kick_20.mp4,70,1,179.85597,178.75919,178.3051,174.74051,4.5442452,4.3310227
2026-10-06 16:23:00,kick_20.mp4,71,1,171.88138,163.22511,172.0115,161.33684,3.8013577,3.1493187
2026-10-06 16:23:00,kick_20.mp4,72,1,175.12744,163.60432,168.23567,170.0153,3.79886,3.1407313
2026-10-06 16:23:00,kick_20.mp4,73,1,151.0021,158.074,130.89595,161.16478,3.7276247,3.57221
2026-10-06 16:23:00,kick_20.mp4,74,0,177.03818,159.92319,165.68983,174.68823,3.6877613,3.2716415
2026-10-06 16:23:01,kick_20.mp4,75,0,172.72417,156.60205,158.8093,176.78893,3.4849396,2.647594
2026-10-06 16:23:01,kick_20.mp4,76,0,168.98608,155.76282,160.7971,179.44502,3.5843637,2.7870612
2026-10-06 16:23:01,kick_20.mp4,77,0,176.07004,144.98796,157.24129,135.32187,3.1829994,2.5315242
2026-10-06 16:23:01,kick_20.mp4,78,0,179.64833,153.20721,153.38603,139.5606,3.2781627,3.142722
2026-10-06 16:23:01,kick_20.mp4,79,0,176.80101,155.55898,154.66805,145.1653,3.31928,3.323992
2026-10-06 16:23:01,kick_20.mp4,80,0,168.0824,154.22162,159.24243,150.82448,3.3682952,3.149487
2026-10-06 16:23:01,kick_20.mp4,81,0,179.25034,162.22781,154.95253,157.18597,3.9620214,3.9917505
2026-10-06 16:23:01,kick_20.mp4,82,0,177.61311,165.56609,153.37248,160.18341,3.810916,3.9453223
2026-10-06 16:23:01,kick_20.mp4,83,0,173.1476,162.94395,153.01949,162.13217,3.9907477,4.0734286
2026-10-06 16:23:01,kick_20.mp4,84,0,164.8202,159.45572,156.58247,161.37714,4.226906,4.228379
2026-10-06 16:23:01,kick_20.mp4,85,0,161.63559,155.01599,157.46202,161.74081,4.2267647,4.021128
2026-10-06 16:23:01,kick_20.mp4,86,0,160.5403,151.95514,157.26094,162.52435,4.2611265,3.9184577
2026-10-06 16:23:01,kick_20.mp4,87,0,156.87791,152.34482,158.12946,165.82083,4.5388956,4.228081
2026-10-06 16:23:01,kick_20.mp4,88,0,151.34656,150.30055,162.62975,171.27507,4.071227,3.7822678
2026-10-06 16:23:01,kick_20.mp4,89,0,155.46663,151.41553,163.91832,169.50653,5.142689,4.875732
2026-10-06 16:23:01,kick_20.mp4,90,0,149.02205,147.20119,170.13602,171.66115,5.9729815,6.0963945
2026-10-06 16:23:01,kick_20.mp4,91,0,148.38968,146.78874,169.54561,172.2041,6.2152205,6.1481295
2026-10-06 16:23:01,kick_21.mp4,1,0,158.3292,167.18225,169.1767,179.80717,29.466843,24.315317
2026-10-06 16:23:01,kick_21.mp4,2,0,158.00005,170.83305,168.00137,178.08255,23.980589,20.2809
2026-10-06 16:23:01,kick_21.mp4,3,0,157.12134,167.49213,164.85774,179.51341,28.673235,24.361654
2026-10-06 16:23:01,kick_21.mp4,4,0,156.57513,165.98247,162.46542,179.94064,47.813374,42.136368
2026-10-06 16:23:01,kick_21.mp4,5,0,151.22372,165.04234,160.57242,178.62683,12.822994,11.233858
2026-10-06 16:23:01,kick_21.mp4,6,0,146.96033,155.90335,154.6817,176.94962,26.238586,23.67458
2026-10-06 16:23:01,kick_21.mp4,7,0,143.82419,155.0184,152.49081,177.112,18.507912,16.969181
2026-10-06 16:23:01,kick_21.mp4,8,0,138.42526,153.64896,148.44682,176.1419,8.423141,7.8399086
2026-10-06 16:23:01,kick_21.mp4,9,0,142.99269,160.10703,148.22923,179.58315,6.844188,6.466646
2026-10-06 16:23:01,kick_21.mp4,10,0,143.23106,161.88435,145.05215,179.60484,6.310295,6.165666
2026-10-06 16:23:01,kick_21.mp4,11,0,142.8853,163.1577,141.76611,179.55719,5.7352457,5.719556
2026-10-06 16:23:01,kick_21.mp4,12,0,143.96123,166.6013,139.34763,180.0,5.418385,5.4796047
2026-10-06 16:23:01,kick_21.mp4,13,0,142.852,168.85431,134.42804,179.62465,5.302312,5.480638
2026-10-06 16:23:01,kick_21.mp4,14,0,141.49194,169.07059,131.37744,178.49675,5.7275815,5.927083
2026-10-06 16:23:02,kick_21.mp4,15,0,150.69766,174.12196,134.33527,179.75449,7.0651903,7.5896025
2026-10-06 16:23:02,kick_21.mp4,16,0,143.58662,170.04768,133.66641,178.49675,5.9761143,6.4848075
2026-10-06 16:23:02,kick_21.mp4,17,0,145.26227,169.35034,136.71754,178.24586,6.3727574,6.9470835
2026-10-06 16:23:02,kick_21.mp4,18,0,134.91225,157.18756,131.87321,169.05315,6.574128,6.76919
2026-10-06 16:23:02,kick_21.mp4,19,0,137.68112,153.02605,133.948,164.00401,8.085765,7.6941953
2026-10-06 16:23:02,kick_21.mp4,20,0,137.24661,154.21588,138.04105,154.84271,5.974369,5.244966
2026-10-06 16:23:02,kick_21.mp4,21,1,145.21292,158.96075,127.64683,136.4632,6.461381,5.581
2026-10-06 16:23:02,kick_21.mp4,22,1,146.44356,154.25333,119.97292,121.052704,8.232627,6.7989345
2026-10-06 16:23:02,kick_21.mp4,23,1,151.2069,164.75423,120.24802,125.94997,7.783821,7.3122935
2026-10-06 16:23:02,kick_21.mp4,24,1,157.18475,165.14328,118.67665,121.88992,8.037252,7.1264224
2026-10-06 16:23:02,kick_21.mp4,25,1,158.06708,168.43181,117.14015,123.582634,7.5292773,7.002325
2026-10-06 16:23:02,kick_21.mp4,26,1,156.21196,167.5206,117.44372,123.65521,5.8635206,5.699098
2026-10-06 16:23:02,kick_21.mp4,27,1,156.20264,167.52472,117.32528,123.022385,5.5322223,5.420787
2026-10-06 16:23:02,kick_21.mp4,28,1,153.17015,162.59526,119.358284,122.55845,7.366062,6.7209907
2026-10-06 16:23:02,kick_21.mp4,29,1,151.01581,162.04324,118.05797,119.07571,6.63402,6.0523205
2026-10-06 16:23:02,kick_21.mp4,30,1,152.2294,157.32416,121.492294,117.32353,7.5515776,6.363615
2026-10-06 16:23:02,kick_21.mp4,31,1,161.68265,164.84497,128.64854,126.87665,8.677802,7.3245816
2026-10-06 16:23:02,kick_21.mp4,32,0,162.8442,171.62253,133.83443,138.18324,7.41293,6.696593
2026-10-06 16:23:02,kick_21.mp4,33,0,161.44676,171.3772,140.48991,144.67128,9.673218,8.721617
2026-10-06 16:23:02,kick_21.mp4,34,0,158.45622,154.38608,144.81807,132.13943,10.464719,8.573339
2026-10-06 16:23:02,kick_21.mp4,35,0,156.59155,160.92393,148.78162,143.15192,12.32365,10.614296
2026-10-06 16:23:02,kick_21.mp4,36,0,154.2052,161.24406,151.9905,151.39935,14.579122,12.782282
2026-10-06 16:23:02,kick_21.mp4,37,0,144.13683,138.86046,153.18602,159.84723,13.476901,9.211626
2026-10-06 16:23:02,kick_21.mp4,38,0,140.9389,129.55978,160.67886,172.46776,10.691085,7.44361
2026-10-06 16:23:02,kick_21.mp4,39,0,144.93134,138.14293,166.95805,179.22772,9.38678,7.125544
2026-10-06 16:23:02,kick_21.mp4,40,0,154.42628,147.87881,166.79503,178.38588,9.594803,8.296795
2026-10-06 16:23:02,kick_21.mp4,41,0,155.45969,153.68983,166.25682,179.0855,9.372567,8.318554
2026-10-06 16:23:02,kick_21.mp4,42,0,160.84506,163.34195,171.50822,172.98415,9.922248,9.234037
2026-10-06 16:23:02,kick_21.mp4,43,0,165.076,167.98785,172.29724,172.40485,10.034475,9.717629
2026-10-06 16:23:02,kick_21.mp4,44,0,165.09564,167.86336,171.80092,172.9826,10.725549,10.557316
2026-10-06 16:23:02,kick_21.mp4,45,0,163.15111,167.0922,170.78716,173.71906,11.325265,11.338081
2026-10-06 16:23:02,kick_21.mp4,46,0,160.44714,167.0203,168.99915,174.35492,10.8358755,10.924961
2026-10-06 16:23:03,kick_21.mp4,47,0,163.47052,166.22227,168.65163,176.3913,11.452739,11.548805
2026-10-06 16:23:03,kick_21.mp4,48,0,165.4402,166.65265,169.37685,176.26141,12.379363,12.608955
2026-10-06 16:23:03,kick_21.mp4,49,0,163.5509,168.14806,167.89241,174.8917,14.646506,15.128102
2026-10-06 16:23:03,kick_21.mp4,50,0,162.25014,166.29637,165.45192,176.7324,14.01822,14.234873
2026-10-06 16:23:03,kick_21.mp4,51,0,159.71022,163.86191,161.95927,179.23357,16.963762,16.9491
2026-10-06 16:23:03,kick_21.mp4,52,0,159.00937,163.96008,157.84674,175.85947,19.490688,19.569935
2026-10-06 16:23:03,kick_21.mp4,53,0,155.73755,162.16634,155.26274,172.90247,17.183697,17.39638
2026-10-06 16:23:03,kick_21.mp4,54,0,152.96059,158.03345,153.63533,169.54497,17.313152,17.50079
2026-10-06 16:23:03,kick_21.mp4,55,0,146.90431,153.64162,151.27763,164.60376,19.0412,19.428017
2026-10-06 16:23:03,kick_21.mp4,56,0,146.30121,151.43538,152.9275,162.79248,16.799637,16.862387
2026-10-06 16:23:03,kick_21.mp4,57,0,149.32115,155.46794,157.41856,168.1836,17.231829,17.435492
2026-10-06 16:23:03,kick_21.mp4,58,0,142.90097,148.65302,159.22519,165.18524,18.270641,18.275976
2026-10-06 16:23:03,kick_21.mp4,59,0,140.09262,145.33452,161.39845,165.13622,13.942945,14.118174
2026-10-06 16:23:03,kick_21.mp4,60,0,144.03806,144.77803,168.43129,166.6262,12.052888,11.888905
2026-10-06 16:23:03,kick_21.mp4,61,0,148.82478,147.23946,173.2495,168.41351,12.88851,12.399587
2026-10-06 16:23:03,kick_21.mp4,62,0,154.45514,153.25018,177.90836,171.12411,13.084451,12.36883
2026-10-06 16:23:03,kick_21.mp4,63,0,158.29666,157.01303,179.55281,172.1651,12.184496,11.41709
2026-10-06 16:23:03,kick_21.mp4,64,0,162.72684,159.55205,175.39397,174.20088,10.621699,9.807338
2026-10-06 16:23:03,kick_21.mp4,65,0,166.44446,164.28502,172.8991,174.65315,10.403075,9.477194
2026-10-06 16:23:03,kick_21.mp4,66,0,169.89221,167.43246,172.38414,174.95576,9.643001,8.793506
2026-10-06 16:23:03,kick_21.mp4,67,0,168.85648,167.48383,170.68556,176.16705,10.373492,9.128574
2026-10-06 16:23:03,kick_21.mp4,68,0,169.59111,169.66524,171.02724,175.93538,12.526838,11.056234
2026-10-06 16:23:03,kick_21.mp4,69,0,169.6436,169.20084,171.0867,175.06798,13.392011,11.768719
2026-10-06 16:23:03,kick_21.mp4,70,0,169.83778,169.60594,172.15256,174.06241,12.535055,11.074392
2026-10-06 16:23:03,kick_21.mp4,71,0,169.9728,169.00204,173.09265,172.49294,11.317021,9.97027
2026-10-06 16:23:03,kick_22.mp4,1,0,175.34789,173.15572,172.688,164.46112,8.673114,6.834662
2026-10-06 16:23:03,kick_22.mp4,2,0,175.49466,174.19893,171.04488,164.82365,7.662178,5.741343
2026-10-06 16:23:03,kick_22.mp4,3,0,174.87233,174.30452,170.11215,166.24225,7.4671273,5.7892575
2026-10-06 16:23:03,kick_22.mp4,4,0,173.66357,172.973,169.36644,167.58707,8.206285,6.53888
2026-10-06 16:23:03,kick_22.mp4,5,0,172.30098,171.00816,167.93153,168.7897,8.19093,6.537006
2026-10-06 16:23:03,kick_22.mp4,6,0,170.87978,169.27405,166.21648,170.42009,9.2434435,7.3386664
2026-10-06 16:23:03,kick_22.mp4,7,0,171.96312,164.82872,167.78606,173.81667,9.641993,7.885321
2026-10-06 16:23:04,kick_22.mp4,8,0,170.10385,165.55692,167.54831,172.56354,10.039902,8.20298
2026-10-06 16:23:04,kick_22.mp4,9,0,167.94725,170.50026,165.39697,170.70056,9.6420965,7.748626
2026-10-06 16:23:04,kick_22.mp4,10,0,167.48357,171.03333,165.55266,170.73425,10.150892,8.058685
2026-10-06 16:23:04,kick_22.mp4,11,0,167.75845,172.24315,166.42477,169.61375,10.056352,7.89848
2026-10-06 16:23:04,kick_23.mp4,1,0,165.45364,176.55609,175.98457,165.80737,3.4882143,3.8002903
2026-10-06 16:23:04,kick_23.mp4,2,0,169.38715,176.81972,179.65678,167.4156,3.6282766,3.9377184
2026-10-06 16:23:04,kick_23.mp4,3,0,170.2411,174.83588,177.62701,168.45729,3.8697922,4.110045
2026-10-06 16:23:04,kick_23.mp4,4,0,171.03824,172.48515,174.53735,169.28406,4.160627,4.423417
2026-10-06 16:23:04,kick_23.mp4,5,0,167.67578,166.90677,173.8831,173.91985,4.5540905,4.8587756
2026-10-06 16:23:04,kick_23.mp4,6,0,164.62926,161.2109,174.82793,177.005,5.5589757,5.8354483
2026-10-06 16:23:04,kick_23.mp4,7,0,163.83458,160.3107,176.37317,178.70682,5.857467,6.120304
2026-10-06 16:23:04,kick_23.mp4,8,0,168.25238,162.68315,174.8553,174.25368,6.566345,7.1863627
2026-10-06 16:23:04,kick_23.mp4,9,0,167.64027,160.16187,174.08807,171.88249,9.430364,10.097531
2026-10-06 16:23:04,kick_23.mp4,10,0,166.99492,156.4326,176.82639,163.75122,18.375187,18.9999
2026-10-06 16:23:04,kick_23.mp4,11,0,172.45988,161.16974,176.06253,161.51418,27.039968,27.761248
2026-10-06 16:23:04,kick_23.mp4,12,0,173.86981,163.48683,175.04247,160.73793,62.462536,64.82255
2026-10-06 16:23:04,kick_23.mp4,13,0,175.07065,166.08081,173.99986,160.28546,36.20316,37.988197
2026-10-06 16:23:04,kick_23.mp4,14,0,172.57132,165.36469,176.6941,157.27019,21.38249,22.371592
2026-10-06 16:23:04,kick_23.mp4,15,0,173.03113,161.39049,179.77618,150.02731,13.269582,13.75245
2026-10-06 16:23:04,kick_23.mp4,16,0,167.37085,164.66417,177.0131,155.20753,8.027678,8.328853
2026-10-06 16:23:04,kick_23.mp4,17,0,167.93137,161.50409,173.58224,155.71642,6.9287834,7.060519
2026-10-06 16:23:04,kick_23.mp4,18,0,168.5399,165.59828,173.032,157.4092,4.9838886,5.174132
2026-10-06 16:23:04,kick_23.mp4,19,0,168.62065,164.12526,170.09251,160.8267,4.0901036,4.349441
2026-10-06 16:23:04,kick_23.mp4,20,0,168.73051,164.73418,169.6855,161.82558,3.5199735,3.6724586
2026-10-06 16:23:04,kick_23.mp4,21,0,169.3205,165.14856,169.09526,163.40588,3.284258,3.3462195
2026-10-06 16:23:04,kick_23.mp4,22,0,174.66104,168.55716,167.77715,166.15465,3.326791,3.343227
2026-10-06 16:23:04,kick_23.mp4,23,0,179.88635,169.87308,163.50032,169.38849,3.338177,3.404459
2026-10-06 16:23:04,kick_23.mp4,24,0,177.29599,173.88524,162.83208,172.058,3.3429651,3.3567295
2026-10-06 16:23:04,kick_23.mp4,25,0,175.88576,176.47873,162.25143,174.01361,3.2760224,3.3045084
2026-10-06 16:23:04,kick_23.mp4,26,0,170.96626,177.27962,160.44318,176.18205,3.3397477,3.298218
2026-10-06 16:23:04,kick_23.mp4,27,0,166.51431,172.84131,158.308,178.77602,3.488069,3.4250221
2026-10-06 16:23:05,kick_23.mp4,28,0,163.1745,170.00339,156.12624,179.82866,3.7657647,3.6346974
2026-10-06 16:23:05,kick_23.mp4,29,0,160.94002,169.87744,154.13745,179.0969,4.3226233,4.1582866
2026-10-06 16:23:05,kick_23.mp4,30,0,159.32196,167.19565,150.97755,176.74399,4.8928447,4.732823
2026-10-06 16:23:05,kick_23.mp4,31,0,159.32632,166.11174,150.7679,176.76892,5.648112,5.485498
2026-10-06 16:23:05,kick_23.mp4,32,0,157.9517,163.57787,148.63632,174.0657,6.7843757,6.5820107
2026-10-06 16:23:05,kick_23.mp4,33,0,158.0076,164.09506,147.91315,172.5977,8.0647545,7.6972957
2026-10-06 16:23:05,kick_23.mp4,34,0,158.05508,164.52205,147.47559,172.4543,9.274388,8.866315
2026-10-06 16:23:05,kick_23.mp4,35,0,159.44637,164.346,147.976,173.15208,10.990128,10.555388
2026-10-06 16:23:05,kick_23.mp4,36,0,160.33371,164.7334,149.20224,174.36618,13.871667,13.280761
2026-10-06 16:23:05,kick_23.mp4,37,0,160.68797,166.08511,151.8022,176.4436,20.91847,20.14476
2026-10-06 16:23:05,kick_24.mp4,1,0,174.38087,174.20766,174.09311,174.6113,4.614036,3.9876077
2026-10-06 16:23:05,kick_24.mp4,2,0,174.90572,173.44193,174.35155,173.92667,4.648918,3.9923785
2026-10-06 16:23:05,kick_24.mp4,3,0,175.2829,173.57849,174.29538,173.526,4.620242,3.9626617
2026-10-06 16:23:05,kick_24.mp4,4,0,175.58624,171.86435,173.60197,172.385,4.676284,4.007929
2026-10-06 16:23:05,kick_24.mp4,5,0,176.35722,174.58568,172.61064,175.1146,4.783656,4.1207523
2026-10-06 16:23:05,kick_24.mp4,6,0,175.93295,174.20532,173.62723,173.75262,4.8083715,4.1438074
2026-10-06 16:23:05,kick_24.mp4,7,0,175.45135,173.65636,173.78061,173.86746,4.8526344,4.140393
2026-10-06 16:23:05,kick_24.mp4,8,0,175.3494,173.60242,173.91235,174.01738,4.938698,4.2855015
2026-10-06 16:23:05,kick_24.mp4,9,0,174.46887,171.52995,173.74498,174.49152,4.8527236,4.1563087
2026-10-06 16:23:05,kick_24.mp4,10,0,174.2755,167.38443,174.83995,171.50165,4.9816365,4.5853395
2026-10-06 16:23:05,kick_24.mp4,11,0,173.64761,166.24997,174.86545,172.39384,4.992169,4.565378
2026-10-06 16:23:05,kick_24.mp4,12,0,171.93169,164.5965,175.56883,173.37839,5.1634836,4.727606
2026-10-06 16:23:05,kick_24.mp4,13,0,170.97969,163.56328,175.48805,174.7591,5.2583055,4.8010387
2026-10-06 16:23:05,kick_24.mp4,14,0,171.90155,164.89276,175.32,175.73299,5.1735635,4.7347517
2026-10-06 16:23:05,kick_24.mp4,15,0,173.23682,166.84506,174.60852,176.88107,5.1452947,4.7176366
2026-10-06 16:23:05,kick_24.mp4,16,0,174.17647,167.76848,174.2698,177.82794,5.1801643,4.7180686
2026-10-06 16:23:05,kick_24.mp4,17,0,174.32079,169.49211,174.07248,178.72543,5.2006273,4.757176
2026-10-06 16:23:05,kick_24.mp4,18,0,174.74591,173.26086,173.3883,179.32855,5.120069,4.6699953
2026-10-06 16:23:05,kick_24.mp4,19,0,173.62268,170.2066,175.42036,177.92058,4.9602356,4.5667386
2026-10-06 16:23:05,kick_24.mp4,20,0,174.3893,170.56642,175.73859,177.64133,5.044704,4.608088
2026-10-06 16:23:05,kick_24.mp4,21,0,174.67409,170.36125,174.94684,178.33316,5.024666,4.56548
2026-10-06 16:23:06,kick_25.mp4,1,0,147.25392,142.13213,167.42311,152.24585,2.659271,2.3683336
2026-10-06 16:23:06,kick_25.mp4,2,0,147.6545,140.38942,168.28476,150.27637,2.6458266,2.4233482
2026-10-06 16:23:06,kick_25.mp4,3,0,150.4129,146.09348,166.61543,152.0013,2.6442897,2.3810906
2026-10-06 16:23:06,kick_25.mp4,4,0,153.37158,150.10376,164.85283,154.57257,2.6572466,2.451551
2026-10-06 16:23:06,kick_25.mp4,5,0,163.0784,157.8741,159.49527,158.81992,2.6952467,2.4970393
2026-10-06 16:23:06,kick_25.mp4,6,0,163.64697,161.45892,159.09195,160.58046,2.732615,2.6023018
2026-10-06 16:23:06,kick_25.mp4,7,0,164.52437,161.26785,159.20824,160.32597,2.7302833,2.6477988
2026-10-06 16:23:06,kick_25.mp4,8,0,166.1608,164.00346,159.47961,160.61258,2.7819018,2.7044222
2026-10-06 16:23:06,kick_25.mp4,9,0,165.56886,168.47278,158.48032,163.56416,2.8416138,2.829675
2026-10-06 16:23:06,kick_25.mp4,10,0,165.50778,164.73499,159.58603,159.07031,2.8305585,2.8768282
2026-10-06 16:23:06,kick_25.mp4,11,0,165.28812,166.80688,159.14415,160.50212,2.8025978,2.8951907
2026-10-06 16:23:06,kick_25.mp4,12,0,161.96596,168.87752,160.85474,160.83362,2.7562556,2.8408353
2026-10-06 16:23:06,kick_25.mp4,13,0,162.91588,168.37805,160.36055,160.73312,2.6882274,2.7895472
2026-10-06 16:23:06,kick_25.mp4,14,0,162.369,168.40695,162.62105,159.48093,2.7003639,2.8106017
2026-10-06 16:23:06,kick_25.mp4,15,0,162.9696,164.79195,166.13387,154.64409,2.6548526,2.761943
2026-10-06 16:23:06,kick_25.mp4,16,0,165.43231,166.29709,164.83092,155.54851,2.626495,2.7003515
2026-10-06 16:23:06,kick_25.mp4,17,0,163.93091,164.70552,166.42195,154.62743,2.60345,2.6776257
2026-10-06 16:23:06,kick_25.mp4,18,0,166.11627,165.81587,165.54956,156.31226,2.5978665,2.692345
2026-10-06 16:23:06,kick_25.mp4,19,0,165.84523,165.3501,165.6037,157.15448,2.6434407,2.7171109
2026-10-06 16:23:06,kick_25.mp4,20,0,165.33936,164.6906,166.33443,157.4891,2.6663632,2.7588463
2026-10-06 16:23:06,kick_25.mp4,21,0,165.58762,163.14822,166.92809,157.47723,2.718728,2.8601615
2026-10-06 16:23:06,kick_25.mp4,22,0,163.58737,160.01622,168.2286,156.96791,2.7628183,2.8824532
2026-10-06 16:23:06,kick_25.mp4,23,0,161.15388,157.92424,169.32925,157.65273,2.80239,2.882274
2026-10-06 16:23:06,kick_25.mp4,24,0,160.36932,158.41699,169.84734,157.74089,2.8590302,2.918859
2026-10-06 16:23:06,kick_25.mp4,25,0,160.55704,159.63445,169.30121,158.01295,2.8758419,2.9640155
2026-10-06 16:23:06,kick_25.mp4,26,0,161.10806,160.91771,168.77701,158.50429,2.907931,2.9793036
2026-10-06 16:23:06,kick_25.mp4,27,0,159.53087,157.74477,170.25069,156.4071,2.886892,2.9318287
2026-10-06 16:23:06,kick_25.mp4,28,0,163.0911,157.1432,168.72885,155.46437,2.8726408,2.9131444
2026-10-06 16:23:06,kick_25.mp4,29,0,162.77397,155.06535,169.22409,153.96086,2.825894,2.8442752
2026-10-06 16:23:06,kick_25.mp4,30,0,158.00531,152.19788,171.6818,153.0453,2.8560872,2.8463335
2026-10-06 16:23:07,kick_25.mp4,31,0,162.22029,153.28601,169.51501,152.84044,2.8045144,2.81663
2026-10-06 16:23:07,kick_25.mp4,32,0,159.1706,152.96893,172.12578,151.96895,2.8621042,2.8275352
2026-10-06 16:23:07,kick_25.mp4,33,0,161.45209,155.45908,171.444,152.32411,2.842585,2.7962804
2026-10-06 16:23:07,kick_25.mp4,34,0,166.14108,158.40768,169.2023,152.80365,2.8850167,2.8144662
2026-10-06 16:23:07,kick_25.mp4,35,0,161.14981,156.62126,171.19626,152.03784,2.88924,2.762599
2026-10-06 16:23:07,kick_25.mp4,36,0,161.27347,156.91154,170.28387,152.38956,2.870037,2.7332149
2026-10-06 16:23:07,kick_25.mp4,37,0,162.69946,156.40532,169.46048,151.47186,2.8174343,2.6694963
2026-10-06 16:23:07,kick_25.mp4,38,0,163.71196,154.72192,168.81555,150.39221,2.7804203,2.6433842
2026-10-06 16:23:07,kick_25.mp4,39,0,168.12804,158.52245,166.63664,151.93854,2.8173645,2.7393134
2026-10-06 16:23:07,kick_25.mp4,40,0,168.47966,160.82306,166.32349,152.7307,2.842085,2.7825663
2026-10-06 16:23:07,kick_25.mp4,41,0,164.39754,158.15033,168.68968,151.19684,2.8692472,2.8145406
2026-10-06 16:23:07,kick_25.mp4,42,0,164.07848,159.76688,168.75209,152.20322,2.8830655,2.848359
2026-10-06 16:23:07,kick_25.mp4,43,0,164.95091,161.86754,168.04541,153.723,2.8913097,2.8634243
2026-10-06 16:23:07,kick_25.mp4,44,0,165.807,161.07849,168.37393,153.3238,2.8865576,2.8618262
2026-10-06 16:23:07,kick_25.mp4,45,0,165.97331,159.28494,168.75903,152.68454,2.8793998,2.8709004
2026-10-06 16:23:07,kick_25.mp4,46,0,166.59322,159.94287,167.42514,154.15543,2.9053984,2.9076395
2026-10-06 16:23:07,kick_25.mp4,47,0,167.45529,160.99547,166.84361,155.07101,2.87558,2.8292117
2026-10-06 16:23:07,kick_25.mp4,48,0,167.37521,162.58116,166.02634,156.32248,2.8615546,2.8293235
2026-10-06 16:23:07,kick_25.mp4,49,0,166.89537,163.08994,165.50653,156.90414,2.849584,2.8484595
2026-10-06 16:23:07,kick_25.mp4,50,0,166.44916,161.69495,165.56982,157.29791,2.874347,2.877264
2026-10-06 16:23:07,kick_25.mp4,51,0,167.799,162.37361,164.55693,157.97102,2.9407477,2.9556494
2026-10-06 16:23:07,kick_25.mp4,52,0,167.83499,163.28816,163.94063,158.79211,2.9559808,2.970568
2026-10-06 16:23:07,kick_25.mp4,53,0,166.47559,163.07108,163.87312,159.02167,2.9392772,2.960772
2026-10-06 16:23:07,kick_25.mp4,54,0,165.21935,162.54398,164.4782,158.8599,2.921197,2.9486697
2026-10-06 16:23:07,kick_25.mp4,55,0,164.80096,162.12961,164.3262,159.03479,2.9218683,2.9550881
2026-10-06 16:23:07,kick_25.mp4,56,0,165.20526,162.8053,163.70187,159.62581,2.9392774,2.9617472
2026-10-06 16:23:07,kick_25.mp4,57,0,164.774,161.9011,164.09874,158.6955,2.9285672,2.9413397
2026-10-06 16:23:07,kick_25.mp4,58,0,165.32234,161.41228,164.21426,157.97931,2.9038866,2.902065
2026-10-06 16:23:07,kick_25.mp4,59,0,163.59752,162.40697,165.02664,157.88666,2.9083068,2.9124374
2026-10-06 16:23:07,kick_25.mp4,60,0,163.17038,160.05472,165.26253,156.74802,2.8888338,2.8999667
2026-10-06 16:23:07,kick_25.mp4,61,0,162.37045,159.69257,165.3701,156.33725,2.8966556,2.9353907
2026-10-06 16:23:07,kick_25.mp4,62,0,163.31776,160.85631,164.217,157.5955,2.899663,2.9149745
2026-10-06 16:23:07,kick_25.mp4,63,0,161.87125,160.56595,164.73738,157.84929,2.8782067,2.8953087
2026-10-06 16:23:08,kick_25.mp4,64,0,160.83241,160.29008,165.41016,157.6086,2.8785994,2.9071927
2026-10-06 16:23:08,kick_25.mp4,65,0,163.4706,165.79932,162.80923,160.87051,2.9014978,2.982632
2026-10-06 16:23:08,kick_25.mp4,66,0,159.5915,165.40044,164.13225,160.3494,2.9729524,3.0185719
2026-10-06 16:23:08,kick_25.mp4,67,0,158.98628,163.90302,164.29213,159.86134,2.9843667,2.9964726
2026-10-06 16:23:08,kick_25.mp4,68,0,162.24353,165.39192,163.46837,159.75728,2.9406931,2.941754
2026-10-06 16:23:08,kick_25.mp4,69,0,158.0963,161.45892,168.14343,155.75438,2.9374866,2.829912
2026-10-06 16:23:08,kick_25.mp4,70,0,154.5886,160.83105,170.26189,155.14822,2.91256,2.7845232
2026-10-06 16:23:08,kick_25.mp4,71,0,155.44653,163.96172,171.52438,155.57762,3.045604,2.8093028
2026-10-06 16:23:08,kick_25.mp4,72,0,159.04366,167.87886,173.2538,157.17845,3.0218391,2.7872636
2026-10-06 16:23:08,kick_25.mp4,73,0,157.74182,162.40714,175.86359,157.0393,3.2661555,2.9311454
2026-10-06 16:23:08,kick_25.mp4,74,0,161.04663,165.82616,176.6077,157.6531,3.4902058,3.2215743
2026-10-06 16:23:08,kick_25.mp4,75,0,155.82509,161.47377,178.84663,158.92671,3.7255182,3.459383
2026-10-06 16:23:08,kick_25.mp4,76,0,159.52872,158.45503,179.88295,157.03592,3.961525,3.5105107
2026-10-06 16:23:08,kick_26.mp4,1,0,151.3692,148.19337,158.50429,178.38165,8.000302,6.3462844
2026-10-06 16:23:08,kick_26.mp4,2,0,152.26973,145.93388,159.02217,179.11,7.790196,6.1466994
2026-10-06 16:23:08,kick_26.mp4,3,0,152.60414,146.00511,159.62598,179.5725,8.333255,6.612725
2026-10-06 16:23:08,kick_26.mp4,4,0,151.37971,139.52168,159.54352,175.41533,8.311908,6.5029693
2026-10-06 16:23:08,kick_26.mp4,5,0,151.72281,139.78508,159.14183,176.34065,7.4491634,5.932802
2026-10-06 16:23:08,kick_26.mp4,6,0,153.52167,144.65811,159.6167,178.09998,8.268715,6.7590947
2026-10-06 16:23:08,kick_26.mp4,7,0,156.3815,148.02783,160.30891,179.45105,8.843304,7.230515
2026-10-06 16:23:08,kick_26.mp4,8,0,159.02988,153.08244,160.6624,177.26146,8.976599,7.419333
2026-10-06 16:23:08,kick_26.mp4,9,0,162.38419,158.26051,161.3821,175.82378,9.291843,7.8507185
2026-10-06 16:23:08,kick_26.mp4,10,0,166.78905,162.88243,161.77292,175.46342,9.587351,8.218785
2026-10-06 16:23:08,kick_26.mp4,11,0,168.39813,169.4684,162.31493,172.27296,10.09673,8.602235
2026-10-06 16:23:08,kick_26.mp4,12,0,170.82877,172.833,163.73425,171.38647,9.877593,8.318483
2026-10-06 16:23:08,kick_26.mp4,13,0,171.08768,172.0203,163.13994,173.23482,9.603713,8.093417
2026-10-06 16:23:08,kick_26.mp4,14,0,168.27432,167.42464,162.58733,176.52052,8.400924,6.9555755
2026-10-06 16:23:08,kick_26.mp4,15,0,161.64204,165.27145,159.04356,179.70062,8.65638,7.7163105
2026-10-06 16:23:08,kick_26.mp4,16,0,159.66739,164.03197,161.20125,178.35265,8.580449,7.7659454
2026-10-06 16:23:08,kick_26.mp4,17,0,158.44753,161.67854,162.67345,176.81432,7.964439,7.2688475
2026-10-06 16:23:08,kick_26.mp4,18,0,158.0985,155.52196,164.69571,172.79619,6.572726,6.0593953
2026-10-06 16:23:09,kick_26.mp4,19,0,158.37439,155.02815,166.2162,170.45795,5.8248377,5.624872
2026-10-06 16:23:09,kick_26.mp4,20,0,157.54265,154.14046,167.8225,169.33276,5.398619,5.4503336
2026-10-06 16:23:09,kick_26.mp4,21,0,156.4238,153.44151,173.42062,174.31165,5.326368,5.3231583
2026-10-06 16:23:09,kick_26.mp4,22,0,156.57202,151.67047,176.31102,174.72827,5.2935295,5.233654
2026-10-06 16:23:09,kick_26.mp4,23,0,155.48218,146.22836,177.24408,172.20221,4.8628426,4.590921
2026-10-06 16:23:09,kick_26.mp4,24,0,159.2327,150.45251,179.7302,176.62483,4.989135,4.7863684
2026-10-06 16:23:09,kick_26.mp4,25,0,162.71748,151.38507,176.97171,177.16592,4.495133,4.1848855
2026-10-06 16:23:09,kick_26.mp4,26,0,163.44868,151.15004,176.76534,176.33044,4.405009,3.9856265
2026-10-06 16:23:09,kick_26.mp4,27,0,164.24542,153.96245,176.23224,176.81935,4.4403524,3.8580787
2026-10-06 16:23:09,kick_26.mp4,28,0,166.26355,155.36322,175.84549,176.38403,4.4154496,3.813631
2026-10-06 16:23:09,kick_26.mp4,29,0,166.40839,156.79442,175.46153,177.22702,4.373225,3.761975
2026-10-06 16:23:09,kick_26.mp4,30,0,165.86314,153.91774,175.61436,175.43996,4.400794,3.7703114
2026-10-06 16:23:09,kick_26.mp4,31,0,167.40031,155.97478,174.58965,176.53795,4.4988427,3.8139243
2026-10-06 16:23:09,kick_26.mp4,32,0,167.54424,155.72943,174.57411,176.7941,4.4103746,3.732952
2026-10-06 16:23:09,kick_3.mp4,1,0,151.91785,149.34755,174.03484,178.1347,5.2660866,4.9086866
2026-10-06 16:23:09,kick_3.mp4,2,0,158.84235,159.04933,172.96527,175.97308,5.766828,5.6884522
2026-10-06 16:23:09,kick_3.mp4,3,0,160.23381,162.55783,176.01508,168.97766,7.1460757,7.027866
2026-10-06 16:23:09,kick_3.mp4,4,0,158.31099,156.90126,178.84935,170.24258,7.9199142,7.6164665
2026-10-06 16:23:09,kick_3.mp4,5,0,156.16245,154.0047,174.46094,170.28644,9.657328,9.73138
2026-10-06 16:23:09,kick_3.mp4,6,0,156.64072,155.1412,172.12825,168.15013,11.362973,11.513059
2026-10-06 16:23:09,kick_3.mp4,7,0,157.49187,157.4524,169.11095,167.32935,15.564908,15.971501
2026-10-06 16:23:09,kick_3.mp4,8,0,158.85513,160.40608,168.04924,164.50966,20.330208,21.102959
2026-10-06 16:23:09,kick_3.mp4,9,0,157.60165,160.321,164.65366,165.9342,23.837978,24.736488
2026-10-06 16:23:09,kick_3.mp4,10,0,159.23544,164.94365,163.52266,166.55116,22.776419,22.797499
2026-10-06 16:23:09,kick_3.mp4,11,0,163.62549,170.80737,163.57794,165.01666,39.83771,39.09697
2026-10-06 16:23:09,kick_3.mp4,12,0,163.9275,170.62785,157.57741,170.82642,59.686703,58.049133
2026-10-06 16:23:09,kick_3.mp4,13,0,165.80504,171.63371,153.50934,174.56125,34.98449,33.475845
2026-10-06 16:23:09,kick_3.mp4,14,0,169.02657,173.96794,152.969,174.33371,31.307531,29.867414
2026-10-06 16:23:09,kick_3.mp4,15,0,170.274,176.8613,150.82207,176.59796,27.962284,26.009293
2026-10-06 16:23:09,kick_3.mp4,16,0,172.32263,178.96184,151.61922,178.69044,23.216946,21.832888
2026-10-06 16:23:09,kick_3.mp4,17,0,169.73532,176.47063,151.54944,177.83255,22.985903,21.6033
2026-10-06 16:23:09,kick_3.mp4,18,0,168.00952,175.10385,151.35022,176.13892,20.48193,19.380957
2026-10-06 16:23:10,kick_3.mp4,19,0,166.21536,173.05002,151.84795,174.61995,18.901949,18.012184
2026-10-06 16:23:10,kick_3.mp4,20,0,161.53549,169.212,152.17082,172.62556,13.434022,12.74364
2026-10-06 16:23:10,kick_3.mp4,21,0,158.44843,169.83253,151.17648,172.30037,11.269855,10.673615
2026-10-06 16:23:10,kick_3.mp4,22,0,161.89198,168.52269,154.44836,171.1735,11.307464,10.682636
2026-10-06 16:23:10,kick_3.mp4,23,0,161.88853,168.2181,152.66922,168.62897,10.737688,10.104777
2026-10-06 16:23:10,kick_3.mp4,24,0,164.99179,170.32635,154.55869,169.66751,10.710396,10.240723
2026-10-06 16:23:10,kick_3.mp4,25,0,165.21194,170.53763,153.37762,169.1202,12.218362,11.729844
2026-10-06 16:23:10,kick_3.mp4,26,0,163.77213,170.35475,150.36865,167.15941,12.118379,11.550473
2026-10-06 16:23:10,kick_3.mp4,27,0,155.16812,166.84338,147.01068,166.95076,9.515064,8.977933
2026-10-06 16:23:10,kick_3.mp4,28,0,155.8162,167.54274,147.52249,168.19102,10.271185,9.581295
2026-10-06 16:23:10,kick_3.mp4,29,0,157.64586,170.42639,145.98238,168.21796,11.487886,10.791695
2026-10-06 16:23:10,kick_3.mp4,30,0,153.10138,168.06378,145.43428,169.59544,12.237548,11.674845
2026-10-06 16:23:10,kick_3.mp4,31,0,150.98164,168.0532,143.66121,171.224,12.247203,11.959884
2026-10-06 16:23:10,kick_3.mp4,32,0,148.78194,169.03708,142.39291,173.73138,12.140564,11.78356
2026-10-06 16:23:10,kick_3.mp4,33,0,153.33626,172.68669,146.19434,179.08484,13.934458,13.517672
2026-10-06 16:23:10,kick_3.mp4,34,0,161.69644,177.24379,152.03882,174.4694,18.744434,18.292957
2026-10-06 16:23:10,kick_3.mp4,35,0,160.88805,176.49948,153.53293,172.19566,27.024,26.162731
2026-10-06 16:23:10,kick_3.mp4,36,0,157.89139,170.10503,153.15483,174.02692,37.01735,35.990322
2026-10-06 16:23:10,kick_3.mp4,37,0,148.88478,160.27176,149.22746,178.62698,41.884056,40.115498
2026-10-06 16:23:10,kick_3.mp4,38,0,146.85275,154.30865,153.28767,176.72731,70.12896,68.31169
2026-10-06 16:23:10,kick_3.mp4,39,0,142.7823,148.60934,155.9979,177.611,38.806175,36.315784
2026-10-06 16:23:10,kick_3.mp4,40,0,136.83192,136.90187,157.78847,177.43195,22.833553,19.44691
2026-10-06 16:23:10,kick_3.mp4,41,0,139.79765,136.49106,160.90326,175.46857,18.660892,14.687756
2026-10-06 16:23:10,kick_3.mp4,42,1,145.3393,150.58656,162.25255,173.81393,21.24769,17.888018
2026-10-06 16:23:10,kick_3.mp4,43,1,137.12279,123.350464,161.95341,150.47209,10.315699,7.820564
2026-10-06 16:23:10,kick_3.mp4,44,1,125.4708,94.75322,159.22939,130.8955,7.178468,4.311928
2026-10-06 16:23:10,kick_3.mp4,45,1,126.74044,77.60341,154.28479,107.83,6.1894383,3.0937521
2026-10-06 16:23:10,kick_3.mp4,46,1,150.09459,158.80339,162.5213,165.37462,12.728954,10.88958
2026-10-06 16:23:10,kick_3.mp4,47,1,145.84036,144.38731,158.31384,152.79924,10.0794525,8.239778
2026-10-06 16:23:10,kick_3.mp4,48,1,126.408844,102.261055,137.08957,104.02461,6.130024,4.850773
2026-10-06 16:23:10,kick_3.mp4,49,1,134.74323,107.97619,147.53969,103.10877,4.6800447,3.8310277
2026-10-06 16:23:10,kick_3.mp4,50,1,151.33621,152.72174,164.25464,160.39828,9.38916,8.5280485
2026-10-06 16:23:10,kick_3.mp4,51,1,136.70956,142.14137,154.39406,155.89522,9.079169,8.5837965
2026-10-06 16:23:10,kick_3.mp4,52,1,144.60892,152.721,164.59392,169.286,9.372545,9.09476
2026-10-06 16:23:11,kick_3.mp4,53,1,150.54205,153.3607,164.42442,164.98935,9.489135,8.946607
2026-10-06 16:23:11,kick_3.mp4,54,1,141.15927,147.02885,162.42131,164.5405,9.680124,9.713848
2026-10-06 16:23:11,kick_3.mp4,55,1,161.45924,163.14713,178.61505,179.89346,10.112808,10.173037
2026-10-06 16:23:11,kick_3.mp4,56,0,160.20274,161.0716,177.379,178.12372,9.82205,9.836689
2026-10-06 16:23:11,kick_3.mp4,57,0,148.27983,154.68417,172.40794,177.56354,8.064404,8.000525
2026-10-06 16:23:11,kick_3.mp4,58,0,161.62955,164.48668,179.44893,178.19473,10.472089,10.488754
2026-10-06 16:23:11,kick_3.mp4,59,0,161.64642,164.47768,179.56433,178.4482,9.319629,9.178259
2026-10-06 16:23:11,kick_3.mp4,60,0,159.39156,158.49797,177.0234,173.4496,7.048274,6.6051407
2026-10-06 16:23:11,kick_3.mp4,61,0,158.93608,138.33656,173.88277,141.11275,4.2951083,3.5911748
2026-10-06 16:23:11,kick_3.mp4,62,0,162.14052,139.2385,175.21446,138.74263,4.149507,3.4526317
2026-10-06 16:23:11,kick_3.mp4,63,0,164.69725,145.78636,173.09839,146.64786,4.297165,3.6813436
2026-10-06 16:23:11,kick_3.mp4,64,0,166.17294,148.51265,172.7084,153.25708,4.3786407,3.7940474
2026-10-06 16:23:11,kick_3.mp4,65,0,165.1141,152.8886,173.52893,164.22098,4.470236,3.870404
2026-10-06 16:23:11,kick_3.mp4,66,0,154.11086,141.43028,179.87027,168.87291,5.2511806,4.4477215
2026-10-06 16:23:11,kick_3.mp4,67,0,157.18507,149.29845,179.06163,174.19186,5.5919614,5.08742
2026-10-06 16:23:11,kick_3.mp4,68,0,164.97844,163.61179,177.92886,177.3936,6.4962378,6.3865037
2026-10-06 16:23:11,kick_3.mp4,69,0,170.63173,169.63028,177.28407,169.36807,7.9813223,7.728428
2026-10-06 16:23:11,kick_3.mp4,70,0,169.17308,167.8678,179.01761,162.44156,8.676253,8.330006
2026-10-06 16:23:11,kick_3.mp4,71,0,165.8776,166.9766,179.59409,158.0083,10.299714,10.113971
2026-10-06 16:23:11,kick_3.mp4,72,0,160.33453,162.6261,175.02432,160.21341,9.020925,8.443442
2026-10-06 16:23:11,kick_3.mp4,73,0,161.46634,165.88312,174.01947,157.26082,10.599515,10.268932
2026-10-06 16:23:11,kick_3.mp4,74,0,159.49815,163.54857,170.20561,161.1799,11.998847,11.990846
2026-10-06 16:23:11,kick_3.mp4,75,0,165.38019,169.86108,167.70546,160.68863,13.822192,13.713585
2026-10-06 16:23:11,kick_3.mp4,76,0,168.83379,172.17355,164.95378,163.22414,19.923054,19.341719
2026-10-06 16:23:11,kick_3.mp4,77,0,168.06053,171.06369,158.26959,171.39052,57.544876,54.52302
2026-10-06 16:23:11,kick_3.mp4,78,0,167.27792,172.4257,155.9642,172.97691,49.69116,47.073696
2026-10-06 16:23:11,kick_4.mp4,1,0,141.59135,73.46365,179.7482,110.74934,2.8750408,1.0168501
2026-10-06 16:23:11,kick_4.mp4,2,0,153.61363,98.8927,174.47078,127.6843,2.9350476,1.3121303
2026-10-06 16:23:11,kick_4.mp4,3,0,152.99776,104.257965,173.60664,137.09421,2.8856888,1.4756659
2026-10-06 16:23:11,kick_4.mp4,4,0,152.9715,116.34609,174.17438,146.71399,2.835774,1.7761651
2026-10-06 16:23:11,kick_4.mp4,5,0,153.00343,125.0379,175.75235,147.99582,2.674138,1.9839311
2026-10-06 16:23:11,kick_4.mp4,6,0,152.70337,135.15477,178.62997,153.59824,2.6433144,2.4633203
2026-10-06 16:23:11,kick_4.mp4,7,0,155.16237,146.04875,179.00691,159.14699,2.671081,2.760274
2026-10-06 16:23:12,kick_4.mp4,8,0,162.54588,160.57495,174.38594,170.24777,2.6927457,2.8944204
2026-10-06 16:23:12,kick_4.mp4,9,0,177.87651,172.55882,170.38016,175.10378,2.628128,2.8928123
2026-10-06 16:23:12,kick_4.mp4,10,0,176.6831,173.60661,170.7382,176.06332,2.6318007,2.9404025
2026-10-06 16:23:12,kick_4.mp4,11,0,172.88023,174.61433,170.837,176.20547,2.6037092,2.9085796
2026-10-06 16:23:12,kick_4.mp4,12,0,172.96184,174.88538,172.5847,175.51375,2.6993942,2.9716074
2026-10-06 16:23:12,kick_4.mp4,13,0,167.62387,177.73462,173.14375,175.02228,2.6653986,2.8800478
2026-10-06 16:23:12,kick_4.mp4,14,0,163.0261,175.73804,174.95091,173.80899,2.574902,2.8584108
2026-10-06 16:23:12,kick_4.mp4,15,0,160.16159,170.86359,173.98593,174.74495,2.603121,2.9213645
2026-10-06 16:23:12,kick_4.mp4,16,0,157.94295,166.45535,172.45638,175.68112,2.6792042,2.9731898
2026-10-06 16:23:12,kick_4.mp4,17,0,154.7939,163.13002,170.15314,175.6381,2.6325169,3.0352466
2026-10-06 16:23:12,kick_4.mp4,18,0,164.52216,167.77306,171.52489,171.29965,2.69209,3.1389802
2026-10-06 16:23:12,kick_4.mp4,19,0,163.28584,162.40204,168.0997,172.83327,2.6721585,3.1080503
2026-10-06 16:23:12,kick_4.mp4,20,0,170.35954,171.39314,168.63638,165.8812,2.588112,3.0400796
2026-10-06 16:23:12,kick_4.mp4,21,0,173.20032,171.732,165.60893,165.77893,2.564571,3.173908
2026-10-06 16:23:12,kick_4.mp4,22,0,175.39201,173.82076,163.91147,164.034,2.602602,3.2382112
2026-10-06 16:23:12,kick_4.mp4,23,0,178.62085,175.04167,164.96054,161.73721,2.6145363,3.17333
2026-10-06 16:23:12,kick_4.mp4,24,0,179.66838,171.60037,159.9796,165.06631,2.5679421,3.0275176
2026-10-06 16:23:12,kick_4.mp4,25,0,178.81303,172.03488,160.52783,163.04924,2.5463696,3.0094974
2026-10-06 16:23:12,kick_5.mp4,1,0,159.08441,148.30746,159.66406,172.37724,2.7368336,2.6917212
2026-10-06 16:23:12,kick_5.mp4,2,0,162.59631,149.8127,158.64929,173.27327,2.7522502,2.671347
2026-10-06 16:23:12,kick_5.mp4,3,0,167.44319,154.38803,155.64148,175.66054,2.7924607,2.630117
2026-10-06 16:23:12,kick_5.mp4,4,0,166.03189,147.49756,156.72072,169.39601,2.7319732,2.4866729
2026-10-06 16:23:12,kick_5.mp4,5,0,164.80614,142.31438,155.67464,164.5485,2.639386,2.21682
2026-10-06 16:23:12,kick_5.mp4,6,1,153.62949,126.02697,154.72362,155.00525,2.4651694,1.9144422
2026-10-06 16:23:12,kick_5.mp4,7,1,157.0113,103.266235,155.9467,136.65755,2.2914574,1.2695676
2026-10-06 16:23:12,kick_5.mp4,8,1,146.98166,78.286964,159.50925,117.77259,2.1235745,0.9340899
2026-10-06 16:23:12,kick_5.mp4,9,1,151.68408,88.005104,155.87393,114.47064,2.0825577,0.9806934
2026-10-06 16:23:12,kick_5.mp4,10,1,155.26299,161.86119,157.65283,175.21848,2.8421805,2.2111368
2026-10-06 16:23:12,kick_5.mp4,11,1,160.222,112.18487,151.6198,116.940384,2.1912315,1.2801744
2026-10-06 16:23:12,kick_5.mp4,12,1,167.83612,147.92397,153.6718,153.00555,2.590049,1.6467941
2026-10-06 16:23:12,kick_5.mp4,13,1,160.15877,165.97382,161.83461,176.88385,3.3491716,2.6175337
2026-10-06 16:23:13,kick_5.mp4,14,1,161.31561,170.70543,163.66602,178.93742,3.3892367,2.5822291
2026-10-06 16:23:13,kick_5.mp4,15,1,157.51161,173.99089,160.95001,168.27919,3.5870984,3.0307398
2026-10-06 16:23:13,kick_5.mp4,16,0,163.49573,161.93083,156.57405,170.17346,3.337565,2.4155588
2026-10-06 16:23:13,kick_5.mp4,17,0,165.93532,132.25027,145.4976,138.4435,2.657588,1.5750382
2026-10-06 16:23:13,kick_5.mp4,18,0,159.77217,136.23964,152.81667,143.84755,2.6116445,1.4517673
2026-10-06 16:23:13,kick_5.mp4,19,0,162.55357,143.14827,151.4913,145.13606,2.705406,1.8152349
2026-10-06 16:23:13,kick_5.mp4,20,0,175.41768,143.39154,150.37006,137.40573,2.732892,1.9541022
2026-10-06 16:23:13,kick_5.mp4,21,0,162.25632,130.47333,156.69402,140.60846,2.5054193,1.7498932
2026-10-06 16:23:13,kick_5.mp4,22,0,169.67119,147.65858,153.10922,142.00372,2.50753,1.9821801
2026-10-06 16:23:13,kick_5.mp4,23,0,154.69357,113.60543,145.28712,150.12701,2.4475896,1.3960407
2026-10-06 16:23:13,kick_5.mp4,24,0,154.04448,106.31465,143.98514,135.8564,2.119012,1.2443436
2026-10-06 16:23:13,kick_5.mp4,25,0,165.71707,116.86075,147.44154,114.84092,2.1001596,1.3612142
2026-10-06 16:23:13,kick_5.mp4,26,0,172.81061,155.83243,150.85516,131.14534,2.3727653,2.0920055
2026-10-06 16:23:13,kick_5.mp4,27,0,174.0527,153.62119,150.97775,134.2833,2.4969678,2.2216992
2026-10-06 16:23:13,kick_5.mp4,28,0,172.03261,157.51123,148.92838,146.41695,2.9742055,2.5986378
2026-10-06 16:23:13,kick_5.mp4,29,0,169.26398,152.88828,145.61642,150.03969,3.0396423,2.31828
2026-10-06 16:23:13,kick_5.mp4,30,0,167.64671,160.08083,148.11382,166.86389,3.5795977,2.5946949
2026-10-06 16:23:13,kick_5.mp4,31,0,168.0572,143.0524,161.05992,131.77403,2.8778212,2.3639073
2026-10-06 16:23:13,kick_5.mp4,32,0,166.95097,142.78467,153.17355,127.42385,2.6804945,1.9019815
2026-10-06 16:23:13,kick_5.mp4,33,0,163.85751,155.36823,153.93604,141.37373,2.8651805,1.6981921
2026-10-06 16:23:13,kick_5.mp4,34,0,151.726,131.72272,156.75586,149.55763,2.7289317,1.4631552
2026-10-06 16:23:13,kick_5.mp4,35,0,152.9052,160.03882,157.17215,167.18297,3.366468,2.6770916
2026-10-06 16:23:13,kick_5.mp4,36,0,156.34279,146.72557,158.3479,174.30263,2.9264975,1.889478
2026-10-06 16:23:13,kick_5.mp4,37,0,156.65358,140.34862,158.02954,173.86865,3.0180569,2.0086308
2026-10-06 16:23:13,kick_5.mp4,38,0,147.6698,65.080246,165.67322,121.86013,2.2477353,0.7574006
2026-10-06 16:23:13,kick_5.mp4,39,0,142.38474,104.73641,168.38072,147.02403,2.418856,1.4328711
2026-10-06 16:23:13,kick_5.mp4,40,0,147.85207,100.12733,167.49304,151.79994,2.6259396,1.3178952
2026-10-06 16:23:13,kick_5.mp4,41,0,149.22571,111.60133,170.13211,158.58165,2.834465,1.7841599
2026-10-06 16:23:13,kick_5.mp4,42,0,152.22028,128.28325,170.28368,167.91162,2.9663446,2.1828446
2026-10-06 16:23:13,kick_5.mp4,43,0,155.44649,138.42073,170.20848,174.49048,3.0392487,2.445153
2026-10-06 16:23:13,kick_5.mp4,44,0,157.7905,145.31403,169.37274,179.44786,2.8994331,2.4704716
2026-10-06 16:23:13,kick_6.mp4,1,0,122.08711,117.806854,168.57808,162.25433,3.436772,3.0479844
2026-10-06 16:23:14,kick_6.mp4,2,0,121.39125,131.43896,174.56682,179.86877,3.0305266,3.2480378
2026-10-06 16:23:14,kick_6.mp4,3,0,123.94048,135.40218,177.85733,172.33673,2.9678593,3.1464636
2026-10-06 16:23:14,kick_6.mp4,4,0,128.70653,144.19403,179.53604,175.61325,3.1379294,3.5112922
2026-10-06 16:23:14,kick_6.mp4,5,1,142.82658,149.47702,173.77986,172.81952,3.3479967,3.3962243
2026-10-06 16:23:14,kick_6.mp4,6,1,143.6168,148.92285,173.3065,172.75922,3.5892992,3.4832513
2026-10-06 16:23:14,kick_6.mp4,7,1,133.08267,73.65774,177.10146,126.27846,3.0459895,1.336109
2026-10-06 16:23:14,kick_6.mp4,8,1,150.18793,134.00305,176.87543,125.53894,3.7490995,2.6784582
2026-10-06 16:23:14,kick_6.mp4,9,1,157.83177,141.2826,176.52446,121.57709,4.1301584,3.2635581
2026-10-06 16:23:14,kick_6.mp4,10,1,168.17313,149.2406,173.28612,102.56458,4.022973,3.7135575
2026-10-06 16:23:14,kick_6.mp4,11,1,179.4633,143.75017,167.02484,91.19731,3.533709,3.720676
2026-10-06 16:23:14,kick_6.mp4,12,1,155.39542,119.96537,169.38075,82.03108,3.9742393,4.0700784
2026-10-06 16:23:14,kick_6.mp4,13,1,120.345116,113.95752,112.034485,87.970894,6.8678064,6.789512
2026-10-06 16:23:14,kick_6.mp4,14,0,161.44614,110.60782,172.10204,92.361946,4.624766,3.5861378
2026-10-06 16:23:14,kick_6.mp4,15,0,149.52771,110.95941,177.62372,100.32788,4.3762627,2.5686014
2026-10-06 16:23:14,kick_6.mp4,16,0,148.16634,105.12242,178.85327,107.201645,4.366259,2.2648826
2026-10-06 16:23:14,kick_6.mp4,17,0,143.07109,118.813446,178.23863,125.34746,4.3822417,2.9198718
2026-10-06 16:23:14,kick_6.mp4,18,0,150.59625,122.225914,177.89436,128.47371,4.386601,2.9762604
2026-10-06 16:23:14,kick_6.mp4,19,0,151.12248,129.74269,178.67424,135.3153,4.464567,3.6130605
2026-10-06 16:23:14,kick_6.mp4,20,0,150.10454,142.2552,176.6254,145.72015,4.6195736,4.1549354
2026-10-06 16:23:14,kick_6.mp4,21,0,149.12694,148.44777,171.48119,156.00642,4.5674787,4.1696177
2026-10-06 16:23:14,kick_6.mp4,22,0,141.47206,142.56213,172.08171,155.78812,4.3124113,4.01515
2026-10-06 16:23:14,kick_6.mp4,23,0,136.56563,138.85355,172.90208,154.11255,4.482385,4.089232
2026-10-06 16:23:14,kick_6.mp4,24,0,137.14082,131.54762,172.8669,149.62512,3.7279215,3.3886988
2026-10-06 16:23:14,kick_6.mp4,25,0,136.49184,129.7163,171.56697,149.6901,3.504008,3.1048293
2026-10-06 16:23:14,kick_6.mp4,26,0,136.16116,129.70776,171.92136,148.57281,3.2931807,2.9999473
2026-10-06 16:23:14,kick_6.mp4,27,0,139.94711,137.01549,168.21489,154.74309,3.2928321,2.954933
2026-10-06 16:23:14,kick_6.mp4,28,0,143.55545,137.98936,165.4908,158.76817,3.0476196,2.7070873
2026-10-06 16:23:14,kick_6.mp4,29,0,145.3684,140.72194,166.88094,158.514,2.896171,2.6680515
2026-10-06 16:23:14,kick_6.mp4,30,0,151.40788,147.2759,167.44482,158.94757,2.792368,2.6962109
2026-10-06 16:23:14,kick_6.mp4,31,0,150.81372,150.98468,169.44122,161.18372,2.7356114,2.7314231
2026-10-06 16:23:14,kick_6.mp4,32,0,156.68227,159.1967,168.12221,163.67293,2.7869978,2.852196
2026-10-06 16:23:14,kick_6.mp4,33,0,165.89943,166.50116,166.50005,165.726,2.7817492,2.8649688
2026-10-06 16:23:14,kick_6.mp4,34,0,167.65959,166.83652,169.39992,162.27289,2.750803,2.8498871
2026-10-06 16:23:15,kick_6.mp4,35,0,169.94241,168.17604,169.07358,162.93628,2.6601315,2.7829506
2026-10-06 16:23:15,kick_7.mp4,1,0,167.24573,154.12096,156.84438,114.14397,1.9431323,2.1604073
2026-10-06 16:23:15,kick_7.mp4,2,0,171.85948,158.0887,152.93767,114.1411,2.1064274,2.1358538
2026-10-06 16:23:15,kick_7.mp4,3,0,166.83469,163.1891,152.10736,117.64717,2.1171486,2.134708
2026-10-06 16:23:15,kick_7.mp4,4,0,166.73479,167.32924,154.39383,116.5535,1.9902828,2.087055
2026-10-06 16:23:15,kick_7.mp4,5,0,171.55605,151.6326,158.25977,134.44609,2.6569657,1.992369
2026-10-06 16:23:15,kick_7.mp4,6,0,176.38777,159.53831,168.733,118.04091,2.242681,1.9304256
2026-10-06 16:23:15,kick_7.mp4,7,0,172.38458,140.53056,171.66745,115.33976,2.0924177,1.4661396
2026-10-06 16:23:15,kick_7.mp4,8,0,170.21559,140.04364,156.81133,150.04663,2.3093154,1.6578511
2026-10-06 16:23:15,kick_7.mp4,9,0,173.18867,133.72275,162.36287,143.1157,2.2448666,1.1176941
2026-10-06 16:23:15,kick_7.mp4,10,0,168.71983,107.40422,162.55785,149.23952,2.2101028,1.0309452
2026-10-06 16:23:15,kick_7.mp4,11,0,167.28017,96.25025,165.2058,148.94286,2.2452219,0.9358832
2026-10-06 16:23:15,kick_7.mp4,12,0,161.33923,96.397415,167.98334,154.2559,2.3453422,1.1579459
2026-10-06 16:23:15,kick_7.mp4,13,0,165.98352,115.53602,163.13135,167.66557,2.523667,1.4225806
2026-10-06 16:23:15,kick_7.mp4,14,0,165.38853,125.1775,163.40085,172.57497,2.5653687,1.5465595
2026-10-06 16:23:15,kick_7.mp4,15,0,175.2422,138.69576,164.73836,174.45178,2.4361234,1.474559
2026-10-06 16:23:15,kick_7.mp4,16,0,173.50049,164.55927,165.34679,175.59846,2.620025,2.1639194
2026-10-06 16:23:15,kick_7.mp4,17,0,166.94283,170.69319,168.03003,174.32825,2.5652013,2.299638
2026-10-06 16:23:15,kick_7.mp4,18,0,158.94215,169.83586,167.42976,169.45929,2.457356,2.354068
2026-10-06 16:23:15,kick_7.mp4,19,0,172.81807,153.61635,171.55476,174.43869,2.5442817,2.2212238
2026-10-06 16:23:15,kick_7.mp4,20,0,170.13345,155.75604,171.34416,172.99112,2.5277343,2.2768748
2026-10-06 16:23:15,kick_7.mp4,21,0,169.36043,154.75621,172.02626,173.41586,2.5142395,2.2366765
2026-10-06 16:23:15,kick_7.mp4,22,0,165.40128,159.45929,173.42209,174.66354,2.6068077,2.3373618
2026-10-06 16:23:15,kick_7.mp4,23,0,167.41412,162.68542,174.12317,174.20752,2.7965214,2.4479866
2026-10-06 16:23:15,kick_7.mp4,24,0,171.78165,165.53354,174.84933,173.36229,3.0394254,2.688038
2026-10-06 16:23:15,kick_7.mp4,25,0,176.17018,158.63477,174.1255,174.0585,3.017659,2.7820406
2026-10-06 16:23:15,kick_7.mp4,26,0,167.28519,154.43103,174.10867,176.1152,3.053284,2.777945
2026-10-06 16:23:15,kick_7.mp4,27,0,164.61734,152.65535,172.09865,176.3208,3.198155,2.6628106
2026-10-06 16:23:15,kick_7.mp4,28,0,163.0214,152.8038,170.7907,178.68805,3.7943645,2.869643
2026-10-06 16:23:15,kick_7.mp4,29,0,161.14691,148.6116,170.34383,176.92368,4.0702553,2.921983
2026-10-06 16:23:15,kick_7.mp4,30,0,163.60263,149.91753,171.82271,175.03448,4.0209575,2.800845
2026-10-06 16:23:15,kick_7.mp4,31,0,160.86348,142.27779,175.50363,168.33347,4.152059,2.7832935
2026-10-06 16:23:15,kick_7.mp4,32,0,161.15343,142.25597,177.10829,166.79225,4.1700206,2.7362225
2026-10-06 16:23:16,kick_7.mp4,33,0,162.72475,145.51152,176.84364,167.20317,4.5271053,3.0571086
2026-10-06 16:23:16,kick_7.mp4,34,0,163.49608,145.71652,177.05302,167.66704,5.02109,3.3656492
2026-10-06 16:23:16,kick_7.mp4,35,0,164.84152,147.35991,178.13376,168.6471,5.271736,3.493262
2026-10-06 16:23:16,kick_7.mp4,36,0,164.2956,147.92035,179.08571,170.72577,5.566834,3.7689047
2026-10-06 16:23:16,kick_8.mp4,1,0,142.79991,118.757164,168.08998,161.98302,4.9819713,3.4918501
2026-10-06 16:23:16,kick_8.mp4,2,0,157.40294,133.12286,171.60406,176.51372,4.86423,3.5946622
2026-10-06 16:23:16,kick_8.mp4,3,0,162.91977,134.79706,172.21722,178.01425,5.123779,3.6877105
2026-10-06 16:23:16,kick_8.mp4,4,0,167.2327,141.34047,170.04282,173.38255,5.280514,4.181298
2026-10-06 16:23:16,kick_8.mp4,5,0,174.5441,158.16264,173.46198,166.54991,5.5351434,4.7426577
2026-10-06 16:23:16,kick_8.mp4,6,0,160.96735,138.3729,166.61703,176.05617,5.230237,4.020578
2026-10-06 16:23:16,kick_8.mp4,7,0,154.79066,134.45264,166.19945,173.05394,5.1341205,4.152801
2026-10-06 16:23:16,kick_8.mp4,8,0,147.01416,134.78897,162.31866,164.40523,4.9349194,4.024567
2026-10-06 16:23:16,kick_8.mp4,9,0,115.80726,112.4698,154.51622,151.87968,4.1464043,3.964158
2026-10-06 16:23:16,kick_8.mp4,10,0,115.45914,108.58626,160.95078,153.54848,4.946916,4.8101096
2026-10-06 16:23:16,kick_8.mp4,11,0,134.79303,121.22521,168.33037,155.40573,4.8042965,4.6465535
2026-10-06 16:23:16,kick_8.mp4,12,0,133.41199,126.91958,173.78642,157.07443,3.856469,4.315035
2026-10-06 16:23:16,kick_8.mp4,13,0,140.13611,129.30356,164.06688,149.30722,4.017941,4.0523973
2026-10-06 16:23:16,kick_8.mp4,14,0,152.9938,139.40971,147.64485,153.66356,3.6517591,3.594367
2026-10-06 16:23:16,kick_8.mp4,15,0,147.4384,141.99284,176.53333,136.9025,3.7943678,3.8033772
2026-10-06 16:23:16,kick_8.mp4,16,0,163.34697,158.57869,157.10951,149.42001,3.5252502,3.51156
2026-10-06 16:23:16,kick_8.mp4,17,0,156.18428,155.93643,154.63799,122.19616,3.8572834,4.040178
2026-10-06 16:23:16,kick_8.mp4,18,0,164.88063,139.79634,131.45776,101.61702,3.273059,3.6102686
2026-10-06 16:23:16,kick_8.mp4,19,0,156.20984,145.56606,173.02936,136.38052,3.3885138,3.1712236
2026-10-06 16:23:16,kick_8.mp4,20,0,151.78345,123.45254,165.36914,130.22221,3.3082254,2.578794
2026-10-06 16:23:16,kick_8.mp4,21,0,143.84645,119.4306,164.9524,137.91907,3.0584242,2.4536133
2026-10-06 16:23:16,kick_8.mp4,22,0,150.06232,122.93242,171.86452,144.53694,3.3413367,2.5023303
2026-10-06 16:23:16,kick_8.mp4,23,0,160.14886,133.51788,171.17538,156.15396,3.4952538,2.62726
2026-10-06 16:23:16,kick_8.mp4,24,0,163.6967,127.55767,175.03148,165.44406,3.3148673,2.3148687
2026-10-06 16:23:16,kick_8.mp4,25,0,173.06703,154.07848,177.97154,179.63736,3.7461627,2.900995
2026-10-06 16:23:16,kick_8.mp4,26,0,171.8479,157.75089,172.82709,179.67795,3.6914403,3.0252495
2026-10-06 16:23:16,kick_8.mp4,27,0,169.68814,156.68408,170.57239,174.48885,3.77617,3.3951452
2026-10-06 16:23:17,kick_8.mp4,28,0,169.05396,161.76514,167.812,170.37401,3.9448385,3.974672
2026-10-06 16:23:17,kick_9.mp4,1,1,164.10387,97.28669,163.1629,125.13639,2.837566,1.0707009
2026-10-06 16:23:17,kick_9.mp4,2,1,178.63612,149.26837,162.11655,121.697105,3.4431055,2.3455937
2026-10-06 16:23:17,kick_9.mp4,3,1,170.38245,151.30798,166.9731,113.98963,3.0066547,2.6169302
2026-10-06 16:23:17,kick_9.mp4,4,1,162.63103,163.14282,167.20976,108.850655,2.7770333,3.211576
2026-10-06 16:23:17,kick_9.mp4,5,1,173.2296,162.5024,177.89484,107.695625,3.3472128,3.3413005
2026-10-06 16:23:17,kick_9.mp4,6,1,176.08713,173.3257,169.10497,132.31224,4.85358,3.6714702
2026-10-06 16:23:17,kick_9.mp4,7,1,166.7212,139.58917,165.54173,98.69136,3.1929376,2.6419873
2026-10-06 16:23:17,kick_9.mp4,8,1,164.31131,133.72537,174.44426,98.232414,2.8241148,2.2944748
2026-10-06 16:23:17,kick_9.mp4,9,1,167.99594,131.47739,177.81993,94.64235,2.5611074,1.657938
2026-10-06 16:23:17,kick_9.mp4,10,1,159.28935,111.50267,177.68115,99.92295,2.507586,1.1963058
2026-10-06 16:23:17,kick_9.mp4,11,1,154.98021,76.18003,179.50662,93.78332,2.3534207,0.720515
2026-10-06 16:23:17,kick_9.mp4,12,1,145.9735,71.72682,177.78264,113.23087,2.5704234,0.9448839
2026-10-06 16:23:17,kick_9.mp4,13,0,144.29344,80.63785,179.0361,129.75763,2.6633198,1.119581
2026-10-06 16:23:17,kick_9.mp4,14,0,132.86488,105.82927,179.82306,148.71938,2.7737901,1.8576944
2026-10-06 16:23:17,kick_9.mp4,15,0,147.24342,126.906204,172.64005,164.35066,2.873102,2.1182833
2026-10-06 16:23:17,kick_9.mp4,16,0,148.48074,132.50601,170.64214,172.53645,2.8338668,2.2461386
2026-10-06 16:23:17,kick_9.mp4,17,0,155.33769,143.6673,170.01143,164.53542,3.1182013,2.668968
2026-10-06 16:23:17,kick_9.mp4,18,0,150.50461,151.73238,169.84846,158.12819,3.552877,3.2977397
2026-10-06 16:23:17,kick_9.mp4,19,0,151.98862,152.37509,173.01114,163.2841,3.5285084,3.5374439
2026-10-06 16:23:17,kick_9.mp4,20,0,152.7714,151.21004,172.60399,163.15416,3.4829192,3.494933
2026-10-06 16:23:17,kick_9.mp4,21,0,150.68143,151.42393,174.5556,163.49403,3.578753,3.5490139
2026-10-06 16:23:17,kick_9.mp4,22,0,151.02332,152.3769,176.02043,164.65271,3.7059886,3.6328764
2026-10-06 16:23:17,kick_9.mp4,23,0,155.06541,144.57697,179.49332,173.69527,3.5026147,3.0117261
2026-10-06 16:23:17,kick_9.mp4,24,0,155.36464,146.97832,179.67134,172.89793,3.669096,3.3604176
2026-10-06 16:23:17,kick_9.mp4,25,0,159.45409,149.01083,179.55765,172.31107,3.7161486,3.36091
2026-10-06 16:23:17,kick_9.mp4,26,0,162.06914,152.1863,178.56413,170.69627,3.898691,3.4419165
2026-10-06 16:23:17,kick_9.mp4,27,0,163.99248,153.48378,179.44292,171.05489,3.8848472,3.4957201
2026-10-06 16:23:17,kick_9.mp4,28,0,161.05872,161.69621,177.6182,166.83853,4.0220356,3.962571
2026-10-06 16:23:17,kick_9.mp4,29,0,163.65865,162.1181,177.68268,167.4059,3.9979808,3.8779244
2026-10-06 16:23:17,kick_9.mp4,30,0,164.60822,163.18335,175.15128,170.54472,4.179477,3.9746776
2026-10-06 16:23:18,kick_9.mp4,31,0,165.81154,163.69797,174.59541,170.95012,4.224137,3.9858105
2026-10-06 16:23:18,kick_9.mp4,32,0,169.61429,166.3976,174.24721,171.48592,4.3342614,4.0148954
2026-10-06 16:23:18,kick_9.mp4,33,0,172.00789,169.05046,174.25269,170.38063,4.538373,4.158672
2026-10-06 16:23:18,kick_9.mp4,34,0,171.14516,168.11226,171.90646,173.38924,4.56017,4.17935
2026-10-06 16:23:18,kick_9.mp4,35,0,169.49695,167.01242,166.78796,176.89763,4.509195,4.14049
2026-10-06 16:23:18,kick_9.mp4,36,0,170.3559,167.08351,166.19444,178.29623,4.39738,4.0813003
2026-10-06 16:23:18,kick_9.mp4,37,0,172.90103,168.20749,167.33243,178.00414,4.565226,4.1798854
2026-10-06 16:23:18,kick_9.mp4,38,0,177.15648,169.46596,170.10515,177.92094,4.6884136,4.2250385
2026-10-06 16:23:18,kick_9.mp4,39,0,176.33563,167.53238,170.21866,179.71883,4.4697943,3.947419
2026-10-06 16:23:18,no_kick_1.mp4,1,0,175.34789,173.15572,172.688,164.46112,8.673114,6.834662
2026-10-06 16:23:18,no_kick_1.mp4,2,0,175.49466,174.19893,171.04488,164.82365,7.662178,5.741343
2026-10-06 16:23:18,no_kick_1.mp4,3,0,174.87233,174.30452,170.11215,166.24225,7.4671273,5.7892575
2026-10-06 16:23:18,no_kick_1.mp4,4,0,173.66357,172.973,169.36644,167.58707,8.206285,6.53888
2026-10-06 16:23:18,no_kick_1.mp4,5,0,172.30098,171.00816,167.93153,168.7897,8.19093,6.537006
2026-10-06 16:23:18,no_kick_1.mp4,6,0,170.87978,169.27405,166.21648,170.42009,9.2434435,7.3386664
2026-10-06 16:23:18,no_kick_1.mp4,7,0,171.96312,164.82872,167.78606,173.81667,9.641993,7.885321
2026-10-06 16:23:18,no_kick_1.mp4,8,0,170.10385,165.55692,167.54831,172.56354,10.039902,8.20298
2026-10-06 16:23:18,no_kick_1.mp4,9,0,167.94725,170.50026,165.39697,170.70056,9.6420965,7.748626
2026-10-06 16:23:18,no_kick_1.mp4,10,0,167.48357,171.03333,165.55266,170.73425,10.150892,8.058685
2026-10-06 16:23:18,no_kick_1.mp4,11,0,167.75845,172.24315,166.42477,169.61375,10.056352,7.89848
2026-10-06 16:23:18,no_kick_10.mp4,1,0,143.58499,150.21132,153.26335,165.19162,4.251209,4.312767
2026-10-06 16:23:18,no_kick_10.mp4,2,0,146.602,144.75665,150.66948,159.58806,4.403747,4.0165496
2026-10-06 16:23:18,no_kick_10.mp4,3,0,150.79778,137.63574,150.26038,154.17708,4.6934266,3.6809442
2026-10-06 16:23:18,no_kick_10.mp4,4,0,147.21635,130.373,145.78212,146.8948,4.573379,3.524638
2026-10-06 16:23:18,no_kick_10.mp4,5,0,144.41997,132.56795,144.11836,146.98299,4.973532,3.8543522
2026-10-06 16:23:18,no_kick_10.mp4,6,0,147.27364,131.65588,147.63457,147.52118,5.182721,4.0141506
2026-10-06 16:23:18,no_kick_10.mp4,7,0,150.55739,138.41983,153.10422,153.6494,5.530384,4.471771
2026-10-06 16:23:18,no_kick_10.mp4,8,0,147.50035,147.61473,155.52635,159.40143,7.6664724,6.7939053
2026-10-06 16:23:18,no_kick_10.mp4,9,0,148.74776,152.4234,156.974,162.77191,11.468352,10.567667
2026-10-06 16:23:19,no_kick_10.mp4,10,0,151.72874,153.18745,159.84384,162.89058,17.410412,15.998877
2026-10-06 16:23:19,no_kick_10.mp4,11,0,152.4992,154.42047,161.18042,163.62225,28.217821,26.180971
2026-10-06 16:23:19,no_kick_10.mp4,12,0,156.12181,155.22652,161.631,162.83969,22.968271,20.730795
2026-10-06 16:23:19,no_kick_10.mp4,13,0,155.75781,158.69888,159.52122,160.79987,15.609348,14.295954
2026-10-06 16:23:19,no_kick_10.mp4,14,0,158.91284,164.82881,159.5614,159.04727,9.468709,9.28717
2026-10-06 16:23:19,no_kick_10.mp4,15,0,160.99895,165.50024,160.36815,159.39247,6.8234015,6.474889
2026-10-06 16:23:19,no_kick_10.mp4,16,0,158.67072,168.2084,157.94536,158.93512,7.1513147,6.8847733
2026-10-06 16:23:19,no_kick_10.mp4,17,0,158.91406,169.53386,160.70416,160.99258,7.400937,6.9095497
2026-10-06 16:23:19,no_kick_10.mp4,18,0,160.33691,171.28265,163.67256,165.56651,7.466867,7.220233
2026-10-06 16:23:19,no_kick_10.mp4,19,0,162.8692,170.58047,166.12228,167.04224,7.4107227,7.393227
2026-10-06 16:23:19,no_kick_10.mp4,20,0,161.35307,166.60886,164.98625,165.66946,9.696201,9.706048
2026-10-06 16:23:19,no_kick_10.mp4,21,0,163.72043,169.90628,170.80379,172.83202,17.371616,16.773893
2026-10-06 16:23:19,no_kick_10.mp4,22,0,163.09406,171.5185,170.44553,173.17989,35.704357,34.25677
2026-10-06 16:23:19,no_kick_10.mp4,23,0,158.2943,167.43898,166.85071,169.25952,36.244507,33.808754
2026-10-06 16:23:19,no_kick_10.mp4,24,0,155.2926,169.6803,161.39583,163.58632,33.123672,30.451439
2026-10-06 16:23:19,no_kick_10.mp4,25,0,146.79768,165.62552,154.89459,159.65315,30.439243,27.558304
2026-10-06 16:23:19,no_kick_10.mp4,26,0,142.86374,154.00647,150.19864,152.36479,8.755786,8.081342
2026-10-06 16:23:19,no_kick_10.mp4,27,0,141.0583,148.69409,148.61093,147.33162,7.514115,7.0831532
2026-10-06 16:23:19,no_kick_10.mp4,28,0,140.6619,148.17465,148.72961,146.87454,7.7712517,7.2611156
2026-10-06 16:23:19,no_kick_10.mp4,29,0,140.2183,152.93741,148.74377,149.39772,8.995464,8.510125
2026-10-06 16:23:19,no_kick_10.mp4,30,0,140.90881,156.04405,151.54918,151.16348,8.658305,8.326058
2026-10-06 16:23:19,no_kick_10.mp4,31,0,141.41104,153.69138,149.57077,150.98936,7.5236034,7.3720946
2026-10-06 16:23:19,no_kick_10.mp4,32,0,140.79181,151.18022,146.75565,148.32486,12.133587,11.816204
2026-10-06 16:23:19,no_kick_10.mp4,33,0,143.88518,152.98872,146.96718,150.44069,14.291401,13.6657295
2026-10-06 16:23:19,no_kick_10.mp4,34,0,142.40791,152.73169,146.39691,150.21991,74.14017,70.76687
2026-10-06 16:23:19,no_kick_10.mp4,35,0,136.28084,146.72784,140.52956,144.70096,27.535187,27.153612
2026-10-06 16:23:19,no_kick_10.mp4,36,0,136.60101,148.01382,140.31413,145.7912,11.366329,11.384292
2026-10-06 16:23:19,no_kick_10.mp4,37,0,137.74477,151.85202,141.58362,145.83795,9.853699,9.4319935
2026-10-06 16:23:19,no_kick_10.mp4,38,0,138.77281,152.39954,145.51274,148.65405,10.399766,9.841217
2026-10-06 16:23:19,no_kick_10.mp4,39,0,142.59636,154.36383,149.39122,153.14096,9.963667,9.414115
2026-10-06 16:23:19,no_kick_10.mp4,40,0,142.74898,153.09645,151.21138,156.62294,10.390318,9.908389
2026-10-06 16:23:19,no_kick_10.mp4,41,0,146.42462,159.46808,155.33482,161.26309,16.901901,15.60101
2026-10-06 16:23:19,no_kick_10.mp4,42,0,143.01762,159.12662,159.33598,159.91296,18.012508,17.84693
2026-10-06 16:23:20,no_kick_10.mp4,43,0,145.28358,161.76366,164.94737,160.6724,18.893517,19.791933
2026-10-06 16:23:20,no_kick_10.mp4,44,0,149.29282,161.894,171.21207,162.53233,18.955837,19.629782
2026-10-06 16:23:20,no_kick_10.mp4,45,0,151.65273,154.35602,159.98701,175.2277,20.308477,18.781286
2026-10-06 16:23:20,no_kick_10.mp4,46,0,141.94247,157.00743,158.81247,173.58469,17.653658,15.923637
2026-10-06 16:23:20,no_kick_10.mp4,47,0,144.50298,150.79172,161.81204,172.0748,21.63124,20.63945
2026-10-06 16:23:20,no_kick_10.mp4,48,0,148.55014,169.23404,179.27611,165.85382,12.650193,13.491176
2026-10-06 16:23:20,no_kick_10.mp4,49,0,153.61646,168.6749,175.95624,164.92297,9.667433,9.985258
2026-10-06 16:23:20,no_kick_10.mp4,50,0,159.14565,168.38185,172.21657,163.88399,8.103958,8.251842
2026-10-06 16:23:20,no_kick_10.mp4,51,0,166.42944,173.86626,171.26788,162.90837,6.396635,6.4959984
2026-10-06 16:23:20,no_kick_10.mp4,52,0,166.57936,172.95026,173.90701,159.70909,6.304547,6.605374
2026-10-06 16:23:20,no_kick_10.mp4,53,0,166.73471,171.82317,175.11882,159.2248,6.4548073,6.698736
2026-10-06 16:23:20,no_kick_10.mp4,54,0,165.41286,175.71347,178.54396,159.66061,5.477008,5.619746
2026-10-06 16:23:20,no_kick_10.mp4,55,0,166.33319,171.521,177.60509,159.87166,5.644899,5.8134036
2026-10-06 16:23:20,no_kick_10.mp4,56,0,168.42923,172.85138,177.02124,161.4377,6.185268,6.2946296
2026-10-06 16:23:20,no_kick_10.mp4,57,0,175.32118,177.06995,174.77478,164.40816,6.5154467,6.4202976
2026-10-06 16:23:20,no_kick_10.mp4,58,0,175.03746,176.1415,174.27576,166.21294,6.63994,6.540831
2026-10-06 16:23:20,no_kick_10.mp4,59,0,175.53546,175.03796,173.59479,166.57805,6.2939444,6.258619
2026-10-06 16:23:20,no_kick_11.mp4,1,0,152.59113,160.35353,166.90326,156.51022,16.735325,12.308605
2026-10-06 16:23:20,no_kick_11.mp4,2,0,150.08507,160.43764,156.47513,149.83096,9.521263,7.532734
2026-10-06 16:23:20,no_kick_11.mp4,3,0,153.14381,152.96426,160.31776,150.8268,11.164656,8.711397
2026-10-06 16:23:20,no_kick_11.mp4,4,0,148.79494,143.67024,147.39903,141.00134,11.26997,8.794074
2026-10-06 16:23:20,no_kick_11.mp4,5,0,151.84767,142.43271,144.80737,138.64688,9.083213,7.097196
2026-10-06 16:23:20,no_kick_11.mp4,6,0,157.7325,146.0347,148.99721,144.34406,8.859988,7.098795
2026-10-06 16:23:20,no_kick_11.mp4,7,0,158.16379,147.46735,149.78331,146.93977,8.297584,6.9499445
2026-10-06 16:23:20,no_kick_11.mp4,8,0,158.61986,149.7833,149.45436,148.7942,7.0738497,6.259664
2026-10-06 16:23:20,no_kick_11.mp4,9,0,159.27042,151.27269,153.17818,149.49568,5.560134,4.8536105
2026-10-06 16:23:20,no_kick_11.mp4,10,0,159.18584,157.55315,152.73232,156.54523,5.7379503,5.290557
2026-10-06 16:23:20,no_kick_11.mp4,11,0,155.97382,155.28935,154.74356,157.51155,6.37965,6.3926225
2026-10-06 16:23:20,no_kick_11.mp4,12,0,160.7636,162.92622,158.70679,164.35516,7.1759963,6.9077253
2026-10-06 16:23:20,no_kick_11.mp4,13,0,160.39351,164.34517,160.28943,166.30545,8.535065,8.522159
2026-10-06 16:23:20,no_kick_11.mp4,14,0,160.81866,164.0425,161.68666,167.25253,9.126133,8.961715
2026-10-06 16:23:20,no_kick_11.mp4,15,0,162.54659,163.68248,168.50952,171.8251,17.295797,16.542099
2026-10-06 16:23:21,no_kick_11.mp4,16,0,157.83382,156.18056,167.925,169.2624,22.486301,21.262465
2026-10-06 16:23:21,no_kick_11.mp4,17,0,158.61969,158.52692,168.79068,170.55986,23.511992,22.602482
2026-10-06 16:23:21,no_kick_11.mp4,18,0,166.20642,165.9367,178.37477,179.89346,22.212597,21.427095
2026-10-06 16:23:21,no_kick_11.mp4,19,0,168.65387,167.72603,179.52728,179.14041,18.227882,17.17191
2026-10-06 16:23:21,no_kick_11.mp4,20,0,172.03232,171.30307,179.60385,179.07867,11.817644,11.643295
2026-10-06 16:23:21,no_kick_11.mp4,21,0,169.83363,170.28548,178.73715,178.77092,17.673994,17.57944
2026-10-06 16:23:21,no_kick_11.mp4,22,0,169.1395,171.39256,177.73167,178.90263,17.80997,17.81109
2026-10-06 16:23:21,no_kick_11.mp4,23,0,165.89711,168.43803,174.56215,176.41055,17.479092,16.302269
2026-10-06 16:23:21,no_kick_11.mp4,24,0,167.6053,167.54362,175.73001,176.00206,16.589336,15.017789
2026-10-06 16:23:21,no_kick_11.mp4,25,0,169.79561,169.33128,177.04169,178.25514,14.750494,13.909534
2026-10-06 16:23:21,no_kick_11.mp4,26,0,171.38943,168.24384,177.71767,179.74283,17.547668,15.797099
2026-10-06 16:23:21,no_kick_12.mp4,1,0,157.81459,169.44109,163.95967,171.90924,8.682646,8.5079565
2026-10-06 16:23:21,no_kick_12.mp4,2,0,159.93253,170.79721,167.34605,172.95775,10.601702,10.0011835
2026-10-06 16:23:21,no_kick_12.mp4,3,0,161.18475,170.38158,167.53386,173.8095,13.99611,12.9513855
2026-10-06 16:23:21,no_kick_12.mp4,4,0,163.21274,167.5984,166.14517,171.39035,14.527378,13.181337
2026-10-06 16:23:21,no_kick_12.mp4,5,0,160.91707,165.4425,163.43977,169.14877,34.484024,31.076014
2026-10-06 16:23:21,no_kick_12.mp4,6,0,160.06557,166.69203,165.33873,171.50862,13.62667,12.638154
2026-10-06 16:23:21,no_kick_12.mp4,7,0,159.05693,163.7809,164.65868,168.79211,26.265413,23.92935
2026-10-06 16:23:21,no_kick_12.mp4,8,0,159.32796,162.58301,166.17224,169.33043,36.16862,33.048656
2026-10-06 16:23:21,no_kick_12.mp4,9,0,160.48497,168.05696,168.36186,172.3159,64.0644,58.47787
2026-10-06 16:23:21,no_kick_12.mp4,10,0,159.99709,168.06203,167.56985,172.41956,43.806168,41.322117
2026-10-06 16:23:21,no_kick_12.mp4,11,0,137.21219,142.55289,123.323006,142.46722,10.152047,9.533268
2026-10-06 16:23:21,no_kick_12.mp4,12,0,148.40326,165.94034,159.30647,168.04666,16.793224,16.234287
2026-10-06 16:23:21,no_kick_12.mp4,13,0,153.02757,165.8023,161.15038,167.83432,16.07933,15.542657
2026-10-06 16:23:21,no_kick_12.mp4,14,0,138.52989,142.37074,130.9974,136.1894,67.354324,64.80039
2026-10-06 16:23:21,no_kick_12.mp4,15,0,155.9429,166.77168,158.12883,163.68275,31.709557,29.413176
2026-10-06 16:23:21,no_kick_12.mp4,16,0,157.32169,164.82896,161.35794,166.26617,21.941858,20.376858
2026-10-06 16:23:21,no_kick_12.mp4,17,0,157.13498,167.17128,162.46022,167.34435,110.29842,102.54774
2026-10-06 16:23:21,no_kick_12.mp4,18,0,158.36755,166.49884,163.33191,167.22496,37.40768,34.096992
2026-10-06 16:23:21,no_kick_12.mp4,19,0,158.97417,167.32823,164.66089,167.9782,55.22606,50.289707
2026-10-06 16:23:22,no_kick_12.mp4,20,0,158.49738,165.95622,163.8241,166.36958,45.46977,41.42605
2026-10-06 16:23:22,no_kick_12.mp4,21,0,160.43793,167.09135,163.94482,166.4465,35.985435,32.52919
2026-10-06 16:23:22,no_kick_12.mp4,22,0,163.8611,170.09561,171.87448,174.92766,50.68623,47.750507
2026-10-06 16:23:22,no_kick_12.mp4,23,0,158.69444,171.51584,167.6051,173.18735,29.328775,28.448484
2026-10-06 16:23:22,no_kick_12.mp4,24,0,151.09988,166.19308,163.06241,169.61667,15.226569,15.027872
2026-10-06 16:23:22,no_kick_12.mp4,25,0,150.11833,163.14696,161.88844,167.61458,13.95908,13.93915
2026-10-06 16:23:22,no_kick_12.mp4,26,0,149.32332,165.57352,160.51549,167.79094,14.955774,14.991149
2026-10-06 16:23:22,no_kick_12.mp4,27,0,156.40845,162.1575,160.15775,166.1561,10.156678,10.279653
2026-10-06 16:23:22,no_kick_12.mp4,28,0,164.17033,171.0909,166.67207,170.48186,12.694545,12.6214285
2026-10-06 16:23:22,no_kick_12.mp4,29,0,163.92336,170.23795,167.14014,171.26851,14.639615,13.937552
2026-10-06 16:23:22,no_kick_12.mp4,30,0,159.7779,165.34593,161.77661,166.64061,26.319162,24.522455
2026-10-06 16:23:22,no_kick_12.mp4,31,0,161.2188,168.71738,160.44446,164.40236,42.202908,39.739017
2026-10-06 16:23:22,no_kick_12.mp4,32,0,162.00531,168.3481,162.41537,165.23807,48.462013,45.23743
2026-10-06 16:23:22,no_kick_12.mp4,33,0,165.06244,169.27318,162.73001,166.829,54.830933,51.9879
2026-10-06 16:23:22,no_kick_12.mp4,34,0,161.66821,168.58958,159.85452,164.6042,34.681656,32.644146
2026-10-06 16:23:22,no_kick_12.mp4,35,0,161.07056,166.99055,162.46481,166.8693,27.00086,25.644558
2026-10-06 16:23:22,no_kick_12.mp4,36,0,153.84659,163.58951,156.11444,163.11743,15.859628,15.798225
2026-10-06 16:23:22,no_kick_12.mp4,37,0,154.01094,164.0995,158.9279,165.95807,13.437235,13.464371
2026-10-06 16:23:22,no_kick_12.mp4,38,0,153.12611,163.13959,158.60678,165.23294,10.896829,11.080865
2026-10-06 16:23:22,no_kick_12.mp4,39,0,156.21277,162.99762,160.14809,165.41751,9.081998,9.315592
2026-10-06 16:23:22,no_kick_12.mp4,40,0,161.18108,164.52347,164.54225,167.69089,10.320258,10.549271
2026-10-06 16:23:22,no_kick_12.mp4,41,0,165.47511,165.01732,170.35191,171.35622,10.182149,10.213461
2026-10-06 16:23:22,no_kick_12.mp4,42,0,168.32457,167.5779,176.09744,176.15334,11.31118,11.270814
2026-10-06 16:23:22,no_kick_12.mp4,43,0,166.48114,168.21487,175.15369,176.66316,13.559572,13.660058
2026-10-06 16:23:22,no_kick_12.mp4,44,0,166.5579,166.15642,174.77234,175.03023,18.179806,18.21924
2026-10-06 16:23:22,no_kick_12.mp4,45,0,168.12465,168.1835,176.72725,176.73312,19.62169,19.820236
2026-10-06 16:23:22,no_kick_12.mp4,46,0,168.84186,168.45004,175.79811,175.56065,17.883312,17.893183
2026-10-06 16:23:22,no_kick_12.mp4,47,0,169.88283,169.81844,177.74884,177.66652,20.104546,20.11015
2026-10-06 16:23:22,no_kick_12.mp4,48,0,170.59938,170.31941,178.82964,178.51443,20.915907,21.144852
2026-10-06 16:23:22,no_kick_12.mp4,49,0,170.50493,166.24689,178.36852,176.14333,20.739792,20.75912
2026-10-06 16:23:22,no_kick_12.mp4,50,0,170.48639,167.43015,178.65141,176.81653,20.841263,20.5962
2026-10-06 16:23:22,no_kick_12.mp4,51,0,171.47928,168.76611,178.47208,176.42696,20.45422,20.105717
2026-10-06 16:23:23,no_kick_12.mp4,52,0,172.49652,169.93556,177.56119,177.29266,24.39404,24.004898
2026-10-06 16:23:23,no_kick_12.mp4,53,0,169.14764,166.96484,176.00888,175.44171,16.34505,15.989839
2026-10-06 16:23:23,no_kick_12.mp4,54,0,171.32117,169.50099,176.27557,177.06628,17.893728,17.478323
2026-10-06 16:23:23,no_kick_12.mp4,55,0,171.18703,168.51535,175.60193,175.73845,19.007326,18.613993
2026-10-06 16:23:23,no_kick_12.mp4,56,0,171.43867,169.58417,176.87305,176.94417,18.78779,18.343206
2026-10-06 16:23:23,no_kick_12.mp4,57,0,169.82967,167.59041,174.92738,174.47731,17.373165,17.017265
2026-10-06 16:23:23,no_kick_13.mp4,1,0,157.93869,171.7479,165.71246,170.17789,10.25483,9.979813
2026-10-06 16:23:23,no_kick_13.mp4,2,0,156.46504,170.80833,163.98883,170.19261,19.39914,18.386993
2026-10-06 16:23:23,no_kick_13.mp4,3,0,156.80513,168.8927,166.19841,171.34477,31.62173,29.91008
2026-10-06 16:23:23,no_kick_13.mp4,4,0,157.88097,168.42514,165.8754,170.69582,27.788692,26.005005
2026-10-06 16:23:23,no_kick_13.mp4,5,0,158.74608,163.65831,162.8056,165.86975,97.21406,88.04515
2026-10-06 16:23:23,no_kick_13.mp4,6,0,159.16302,166.02812,165.01984,167.7804,55.46213,51.255596
2026-10-06 16:23:23,no_kick_13.mp4,7,0,162.49866,170.44891,169.12901,171.83533,38.333393,35.820107
2026-10-06 16:23:23,no_kick_13.mp4,8,0,162.21017,170.83101,168.61638,172.32669,19.139385,17.961977
2026-10-06 16:23:23,no_kick_13.mp4,9,0,161.67969,171.20975,169.48477,174.21863,26.556215,24.827484
2026-10-06 16:23:23,no_kick_13.mp4,10,0,163.97993,174.28806,176.17577,178.1807,15.74615,14.6491375
2026-10-06 16:23:23,no_kick_13.mp4,11,0,157.11734,171.38507,170.53728,176.25758,15.4556,14.72898
2026-10-06 16:23:23,no_kick_13.mp4,12,0,153.61119,173.74005,168.27147,175.29044,8.510244,8.257096
2026-10-06 16:23:23,no_kick_13.mp4,13,0,151.5659,167.39563,170.3564,174.50462,8.224916,8.007544
2026-10-06 16:23:23,no_kick_13.mp4,14,0,152.58185,168.41653,169.02702,172.96786,9.106517,8.872187
2026-10-06 16:23:23,no_kick_13.mp4,15,0,156.59805,175.33989,168.94322,175.1841,10.51897,10.349447
2026-10-06 16:23:23,no_kick_13.mp4,16,0,158.5943,174.72414,169.12996,175.0416,10.792372,10.47419
2026-10-06 16:23:23,no_kick_13.mp4,17,0,161.45984,172.29005,169.28145,174.55081,20.40695,19.19119
2026-10-06 16:23:23,no_kick_13.mp4,18,0,161.48534,171.83432,171.91919,176.51007,19.892605,19.03167
2026-10-06 16:23:23,no_kick_13.mp4,19,0,162.84407,172.19214,170.14183,174.75935,19.732994,18.755524
2026-10-06 16:23:23,no_kick_13.mp4,20,0,163.35118,168.48956,164.92728,168.67317,52.39227,47.9023
2026-10-06 16:23:23,no_kick_13.mp4,21,0,162.85483,168.95215,162.82164,166.38641,65.47742,60.049988
2026-10-06 16:23:23,no_kick_13.mp4,22,0,166.12636,172.28568,166.93819,170.20157,137.74658,127.91215
2026-10-06 16:23:23,no_kick_13.mp4,23,0,165.45894,170.93532,166.93582,170.61101,69.855644,64.55166
2026-10-06 16:23:23,no_kick_13.mp4,24,0,166.01598,174.36238,170.62468,175.23572,18.783176,17.531136
2026-10-06 16:23:23,no_kick_13.mp4,25,0,165.46532,175.22807,171.1554,175.35417,25.180855,23.680975
2026-10-06 16:23:23,no_kick_13.mp4,26,0,163.93561,176.1537,169.98383,175.4642,14.910707,14.15262
2026-10-06 16:23:24,no_kick_13.mp4,27,0,159.31938,176.77638,168.79964,176.16716,10.383398,10.295573
2026-10-06 16:23:24,no_kick_13.mp4,28,0,156.07007,175.79042,168.72691,176.67302,7.8179207,8.002884
2026-10-06 16:23:24,no_kick_13.mp4,29,0,157.58937,175.5989,169.26006,176.68333,7.674132,7.78348
2026-10-06 16:23:24,no_kick_13.mp4,30,0,156.74542,174.67323,168.86334,175.56009,8.206191,8.314498
2026-10-06 16:23:24,no_kick_13.mp4,31,0,157.98848,173.92165,167.98419,174.36768,8.998267,8.916414
2026-10-06 16:23:24,no_kick_13.mp4,32,0,160.74252,169.94511,170.84499,175.41237,9.263458,8.747559
2026-10-06 16:23:24,no_kick_13.mp4,33,0,161.56453,173.93436,169.40685,175.65295,14.77782,14.350614
2026-10-06 16:23:24,no_kick_13.mp4,34,0,164.85248,173.12735,174.32404,178.7826,23.417688,22.40451
2026-10-06 16:23:24,no_kick_13.mp4,35,0,164.49611,174.04552,174.76103,179.47548,31.38889,30.894352
2026-10-06 16:23:24,no_kick_13.mp4,36,0,164.24149,172.25371,172.68889,177.16986,35.345234,33.768047
2026-10-06 16:23:24,no_kick_14.mp4,1,0,157.60405,170.76494,162.64378,179.65169,7.8060484,6.7377687
2026-10-06 16:23:24,no_kick_14.mp4,2,0,157.84552,172.08008,158.6445,177.18895,9.193065,7.7967715
2026-10-06 16:23:24,no_kick_14.mp4,3,0,154.3093,171.69359,155.82346,176.1931,12.356062,10.85438
2026-10-06 16:23:24,no_kick_14.mp4,4,0,154.41656,174.62202,157.04584,178.78372,16.287525,14.163898
2026-10-06 16:23:24,no_kick_14.mp4,5,0,160.3104,174.15352,161.11784,179.21616,12.381865,10.551724
2026-10-06 16:23:24,no_kick_14.mp4,6,0,161.93565,172.53839,162.72736,179.4042,9.843775,8.293705
2026-10-06 16:23:24,no_kick_14.mp4,7,0,162.65701,170.1521,163.7067,179.48528,10.043058,8.430577
2026-10-06 16:23:24,no_kick_14.mp4,8,0,163.30309,166.46973,162.60551,178.3561,8.0619545,6.666183
2026-10-06 16:23:24,no_kick_14.mp4,9,0,163.96854,168.32549,162.43669,179.05975,8.861859,7.3723016
2026-10-06 16:23:24,no_kick_14.mp4,10,0,162.41151,168.04369,160.18188,177.20543,11.363834,9.464003
2026-10-06 16:23:24,no_kick_14.mp4,11,0,162.44003,162.96419,159.8854,174.87863,8.984653,7.457914
2026-10-06 16:23:24,no_kick_14.mp4,12,0,164.10017,163.99854,161.13414,175.41742,8.615031,7.1511216
2026-10-06 16:23:24,no_kick_14.mp4,13,0,164.56544,164.43954,162.00462,177.10455,8.579574,7.1394067
2026-10-06 16:23:24,no_kick_14.mp4,14,0,165.33948,163.43402,162.08493,176.42159,8.646288,7.213893
2026-10-06 16:23:24,no_kick_14.mp4,15,0,166.61557,165.40953,163.52916,178.77875,10.059867,8.390653
2026-10-06 16:23:24,no_kick_14.mp4,16,0,168.89668,168.05821,164.7502,179.83806,9.714234,8.235986
2026-10-06 16:23:24,no_kick_14.mp4,17,0,164.80122,168.25606,164.77843,179.4937,13.981284,12.037099
2026-10-06 16:23:24,no_kick_14.mp4,18,0,166.02104,169.69768,161.03578,176.9796,25.050386,21.093193
2026-10-06 16:23:24,no_kick_14.mp4,19,0,165.86214,171.70058,160.31816,178.80727,30.8786,26.454678
2026-10-06 16:23:24,no_kick_14.mp4,20,0,167.07233,172.15157,160.83907,179.9802,28.940466,24.901787
2026-10-06 16:23:25,no_kick_14.mp4,21,0,167.45624,172.17204,161.37729,178.9622,20.13236,17.393532
2026-10-06 16:23:25,no_kick_14.mp4,22,0,164.76991,168.84651,160.68346,179.25374,19.006481,17.094307
2026-10-06 16:23:25,no_kick_14.mp4,23,0,166.762,170.96922,166.29198,175.60555,25.019472,22.90093
2026-10-06 16:23:25,no_kick_14.mp4,24,0,167.48854,168.5977,163.41708,179.92596,32.41204,27.556704
2026-10-06 16:23:25,no_kick_14.mp4,25,0,166.82977,167.24904,163.3062,179.95152,36.81699,31.285877
2026-10-06 16:23:25,no_kick_14.mp4,26,0,161.26065,167.25957,162.51675,179.57066,63.77729,57.608456
2026-10-06 16:23:25,no_kick_14.mp4,27,0,159.59839,167.16402,161.14664,178.98682,55.358246,50.721992
2026-10-06 16:23:25,no_kick_14.mp4,28,0,160.6444,168.19644,162.03558,180.0,44.574467,41.438976
2026-10-06 16:23:25,no_kick_14.mp4,29,0,163.39482,166.21542,160.53656,177.46974,20.176039,18.436716
2026-10-06 16:23:25,no_kick_14.mp4,30,0,166.19702,168.15735,162.81049,179.73755,19.013426,17.375368
2026-10-06 16:23:25,no_kick_14.mp4,31,0,166.28688,169.54578,163.24841,178.09216,26.567808,24.168528
2026-10-06 16:23:25,no_kick_14.mp4,32,0,166.01956,170.85005,164.25897,176.98077,25.105104,22.728106
2026-10-06 16:23:25,no_kick_14.mp4,33,0,166.13309,171.91225,165.24802,175.73463,22.39643,20.206484
2026-10-06 16:23:25,no_kick_14.mp4,34,0,167.12749,171.6128,166.94824,174.94208,15.142128,13.648384
2026-10-06 16:23:25,no_kick_14.mp4,35,0,165.2045,170.9553,169.33241,174.28484,19.074814,17.30878
2026-10-06 16:23:25,no_kick_14.mp4,36,0,165.64972,173.31903,168.90659,174.14665,20.989267,19.395292
2026-10-06 16:23:25,no_kick_14.mp4,37,0,167.40459,173.41039,169.1116,175.11974,14.860051,14.026567
2026-10-06 16:23:25,no_kick_14.mp4,38,0,168.12175,171.02202,170.25412,175.02086,14.488742,13.777617
2026-10-06 16:23:25,no_kick_14.mp4,39,0,168.41478,169.93633,169.93745,175.73524,15.049385,14.4559765
2026-10-06 16:23:25,no_kick_14.mp4,40,0,168.86317,169.27946,169.99986,176.27048,13.155208,12.395803
2026-10-06 16:23:25,no_kick_14.mp4,41,0,171.43355,173.59625,171.25995,175.41096,15.211173,13.745598
2026-10-06 16:23:25,no_kick_14.mp4,42,0,172.80537,173.91037,170.54054,176.48953,16.558462,15.122952
2026-10-06 16:23:25,no_kick_14.mp4,43,0,172.68686,171.35556,171.53934,174.91676,20.551569,18.725657
2026-10-06 16:23:25,no_kick_14.mp4,44,0,173.1141,171.76094,173.22215,173.6637,26.058905,23.716082
2026-10-06 16:23:25,no_kick_14.mp4,45,0,173.44057,174.35599,173.1259,173.11284,27.338514,24.908049
2026-10-06 16:23:25,no_kick_15.mp4,1,0,152.1778,162.18523,149.98666,170.07446,13.859659,11.193198
2026-10-06 16:23:25,no_kick_15.mp4,2,0,151.7759,164.93567,150.02492,169.94267,12.077176,9.976388
2026-10-06 16:23:25,no_kick_15.mp4,3,0,151.68764,164.93782,148.37389,170.75084,13.331984,10.831412
2026-10-06 16:23:25,no_kick_15.mp4,4,0,155.689,164.07509,154.48967,172.25294,11.053623,9.0254
2026-10-06 16:23:25,no_kick_15.mp4,5,0,155.07843,160.85272,151.54436,169.90327,9.598626,7.817775
2026-10-06 16:23:26,no_kick_15.mp4,6,0,156.12404,168.30818,154.69214,174.48262,14.476951,11.823318
2026-10-06 16:23:26,no_kick_15.mp4,7,0,156.70395,166.84723,155.735,174.06543,10.692037,8.885934
2026-10-06 16:23:26,no_kick_15.mp4,8,0,160.13333,168.6519,157.34244,174.78381,9.988414,8.226793
2026-10-06 16:23:26,no_kick_15.mp4,9,0,163.47148,171.23901,158.51631,175.08972,10.538468,8.511593
2026-10-06 16:23:26,no_kick_15.mp4,10,0,160.18285,177.89326,158.6689,178.3478,12.660824,10.902427
2026-10-06 16:23:26,no_kick_15.mp4,11,0,160.29199,178.41339,161.18866,179.93439,11.559477,10.061625
2026-10-06 16:23:26,no_kick_15.mp4,12,0,159.53409,178.77122,162.56947,178.308,14.526758,12.839658
2026-10-06 16:23:26,no_kick_15.mp4,13,0,159.61229,180.0,159.09064,179.63954,19.664927,17.485355
2026-10-06 16:23:26,no_kick_15.mp4,14,0,159.78758,178.42752,161.55449,179.0355,19.987995,17.527143
2026-10-06 16:23:26,no_kick_15.mp4,15,0,158.70271,175.46628,160.42609,179.0186,21.728064,19.411623
2026-10-06 16:23:26,no_kick_15.mp4,16,0,160.83072,177.22285,160.40567,178.59792,18.987997,17.324848
2026-10-06 16:23:26,no_kick_15.mp4,17,0,161.34706,177.34546,161.48691,178.07408,15.078176,13.840627
2026-10-06 16:23:26,no_kick_15.mp4,18,0,162.03261,176.80762,164.28062,178.2481,12.923608,11.876702
2026-10-06 16:23:26,no_kick_15.mp4,19,0,163.7914,179.5463,165.70541,178.558,11.009043,10.0614
2026-10-06 16:23:26,no_kick_15.mp4,20,0,165.47664,176.48051,167.96597,178.96864,9.343329,8.347528
2026-10-06 16:23:26,no_kick_15.mp4,21,0,163.1114,179.06454,165.58543,178.41168,11.363868,10.196298
2026-10-06 16:23:26,no_kick_15.mp4,22,0,162.85466,173.24843,165.67006,175.53932,12.596145,11.407423
2026-10-06 16:23:26,no_kick_15.mp4,23,0,161.93924,176.99826,159.74629,178.19061,8.649528,7.5596576
2026-10-06 16:23:26,no_kick_15.mp4,24,0,161.02417,179.86295,161.54196,178.60533,8.497067,7.3727727
2026-10-06 16:23:26,no_kick_15.mp4,25,0,162.07,178.24721,159.59193,175.56226,8.237012,6.7995467
2026-10-06 16:23:26,no_kick_15.mp4,26,0,162.44615,174.78455,158.6141,172.90442,7.2662997,5.953165
2026-10-06 16:23:26,no_kick_15.mp4,27,0,165.14494,176.26093,158.92174,174.98921,7.7058,6.416445
2026-10-06 16:23:26,no_kick_15.mp4,28,0,163.51865,174.2692,159.45688,171.21677,6.348845,5.224202
2026-10-06 16:23:26,no_kick_15.mp4,29,0,164.10628,165.84221,160.12212,168.63687,5.5846925,4.5764747
2026-10-06 16:23:26,no_kick_15.mp4,30,0,164.4935,165.09418,161.14143,169.78545,5.3439474,4.5026245
2026-10-06 16:23:26,no_kick_15.mp4,31,0,162.23935,165.59158,159.96024,170.40028,5.746579,4.8286805
2026-10-06 16:23:26,no_kick_15.mp4,32,0,159.16753,171.31874,156.83461,171.23125,7.348602,6.2323747
2026-10-06 16:23:26,no_kick_15.mp4,33,0,161.13297,179.73979,157.38576,177.53494,10.54439,8.795621
2026-10-06 16:23:26,no_kick_15.mp4,34,0,160.82304,175.70198,158.64217,178.04965,9.816032,8.345342
2026-10-06 16:23:26,no_kick_15.mp4,35,0,160.79437,174.64737,159.26881,178.69269,12.890819,10.949982
2026-10-06 16:23:26,no_kick_15.mp4,36,0,162.35861,175.42053,162.65564,178.82196,12.754121,11.191366
2026-10-06 16:23:26,no_kick_15.mp4,37,0,163.43832,175.16316,165.89517,175.99551,15.081866,13.324608
2026-10-06 16:23:26,no_kick_15.mp4,38,0,162.63174,174.77231,166.52567,175.34497,16.582535,14.684074
2026-10-06 16:23:27,no_kick_15.mp4,39,0,161.72575,174.85025,161.19601,179.6164,24.203531,21.59793
2026-10-06 16:23:27,no_kick_15.mp4,40,0,158.58598,177.19731,161.19464,177.59418,30.785133,28.62575
2026-10-06 16:23:27,no_kick_15.mp4,41,0,158.25409,178.34708,160.08823,177.75964,22.580399,21.183702
2026-10-06 16:23:27,no_kick_15.mp4,42,0,158.25258,179.8333,160.45352,176.65823,18.567938,17.484343
2026-10-06 16:23:27,no_kick_15.mp4,43,0,157.86853,178.41971,160.99493,176.80849,18.575842,17.350212
2026-10-06 16:23:27,no_kick_15.mp4,44,0,159.5062,177.73193,161.89243,178.37453,20.32191,18.997845
2026-10-06 16:23:27,no_kick_15.mp4,45,0,167.93143,175.61482,167.71288,176.66135,22.745493,21.19476
2026-10-06 16:23:27,no_kick_15.mp4,46,0,166.12715,173.26164,164.7083,179.6916,16.994354,15.704076
2026-10-06 16:23:27,no_kick_15.mp4,47,0,163.88034,179.95152,167.84134,172.79532,12.397783,10.978601
2026-10-06 16:23:27,no_kick_15.mp4,48,0,162.45726,178.45198,167.35512,173.58684,12.297871,10.56389
2026-10-06 16:23:27,no_kick_15.mp4,49,0,161.94116,178.79146,164.92874,175.28282,10.982541,9.321711
2026-10-06 16:23:27,no_kick_15.mp4,50,0,158.06514,167.51645,161.16884,178.81583,10.360283,8.843181
2026-10-06 16:23:27,no_kick_15.mp4,51,0,160.05202,168.31339,162.44893,179.3045,9.364438,7.940644
2026-10-06 16:23:27,no_kick_15.mp4,52,0,159.30939,173.27628,160.43408,179.84549,15.340744,13.060695
2026-10-06 16:23:27,no_kick_15.mp4,53,0,160.23872,169.30692,161.45366,178.19571,10.445051,8.828416
2026-10-06 16:23:27,no_kick_15.mp4,54,0,159.8403,167.68085,161.83978,177.68057,9.504062,7.9530907
2026-10-06 16:23:27,no_kick_15.mp4,55,0,159.9519,169.11253,160.49841,177.1547,9.876029,8.231783
2026-10-06 16:23:27,no_kick_15.mp4,56,0,159.90913,171.08296,160.64514,178.4497,11.277743,9.400581
2026-10-06 16:23:27,no_kick_15.mp4,57,0,160.36182,175.27638,160.70058,179.0022,15.679326,13.177061
2026-10-06 16:23:27,no_kick_15.mp4,58,0,161.48442,170.79607,161.2574,178.4838,11.621769,9.822756
2026-10-06 16:23:27,no_kick_15.mp4,59,0,166.91994,176.32011,162.25128,179.46294,11.112971,9.011463
2026-10-06 16:23:27,no_kick_15.mp4,60,0,166.67798,178.0691,164.35025,176.09595,16.513498,13.820616
2026-10-06 16:23:27,no_kick_15.mp4,61,0,166.59138,179.72516,165.96988,175.54617,15.411312,13.329008
2026-10-06 16:23:27,no_kick_15.mp4,62,0,169.0273,178.63354,169.04665,173.47934,19.063541,16.864145
2026-10-06 16:23:27,no_kick_15.mp4,63,0,168.78706,177.90536,169.99443,171.85614,22.687706,20.238342
2026-10-06 16:23:27,no_kick_16.mp4,1,0,166.60774,158.25484,166.12053,176.23479,9.169795,7.990065
2026-10-06 16:23:27,no_kick_16.mp4,2,0,169.17601,160.52068,169.65173,177.93587,9.480716,8.418754
2026-10-06 16:23:27,no_kick_16.mp4,3,0,169.28438,160.83836,170.6177,178.86476,9.608318,8.552689
2026-10-06 16:23:27,no_kick_16.mp4,4,0,168.16681,160.37694,171.28719,179.70325,9.223205,8.193976
2026-10-06 16:23:27,no_kick_16.mp4,5,0,167.54051,161.49464,171.44472,179.91843,8.686774,7.700773
2026-10-06 16:23:27,no_kick_16.mp4,6,0,163.61989,170.86972,169.56932,176.11823,11.934321,10.929492
2026-10-06 16:23:27,no_kick_16.mp4,7,0,161.2468,176.10086,168.00185,175.64575,14.948812,13.5427475
2026-10-06 16:23:28,no_kick_16.mp4,8,0,160.95505,173.51218,167.15804,177.27882,13.462524,12.268108
2026-10-06 16:23:28,no_kick_16.mp4,9,0,159.22934,171.86624,164.06152,177.36343,14.585879,13.222398
2026-10-06 16:23:28,no_kick_16.mp4,10,0,162.34058,176.10257,169.21893,175.15123,14.875027,13.394211
2026-10-06 16:23:28,no_kick_16.mp4,11,0,166.52855,171.41833,172.42749,175.7224,10.431608,9.315961
2026-10-06 16:23:28,no_kick_16.mp4,12,0,168.03226,163.13876,169.3596,179.96042,10.242174,8.860537
2026-10-06 16:23:28,no_kick_16.mp4,13,0,168.38289,163.92476,170.15569,178.58127,10.426024,9.122883
2026-10-06 16:23:28,no_kick_16.mp4,14,0,170.10161,162.45337,171.45671,178.50261,9.863529,8.618681
2026-10-06 16:23:28,no_kick_16.mp4,15,0,170.30812,161.32198,170.71089,179.50504,8.602232,7.499839
2026-10-06 16:23:28,no_kick_16.mp4,16,0,170.30008,163.67189,169.99084,179.80118,8.633171,7.8729205
2026-10-06 16:23:28,no_kick_16.mp4,17,0,168.64427,164.6669,169.76819,176.92691,8.66448,7.8085775
2026-10-06 16:23:28,no_kick_16.mp4,18,0,167.7491,163.32982,168.60509,178.2055,9.01598,8.163105
2026-10-06 16:23:28,no_kick_16.mp4,19,0,167.51694,163.3499,168.42307,178.1261,10.040241,9.098999
2026-10-06 16:23:28,no_kick_16.mp4,20,0,166.98282,163.72244,166.92978,179.18027,10.972324,9.897695
2026-10-06 16:23:28,no_kick_16.mp4,21,0,168.02518,164.52147,167.75325,178.1542,10.50223,9.452608
2026-10-06 16:23:28,no_kick_16.mp4,22,0,171.0656,163.86092,169.09999,179.93439,10.555148,9.524623
2026-10-06 16:23:28,no_kick_16.mp4,23,0,170.35858,163.36089,169.14621,178.50497,11.277589,9.764549
2026-10-06 16:23:28,no_kick_16.mp4,24,0,169.95393,165.23363,169.78203,177.05203,12.861653,11.209504
2026-10-06 16:23:28,no_kick_16.mp4,25,0,168.81451,166.24629,168.74591,177.0267,16.440273,14.507508
2026-10-06 16:23:28,no_kick_16.mp4,26,0,164.9899,169.70781,165.25035,175.64008,48.846478,45.238495
2026-10-06 16:23:28,no_kick_16.mp4,27,0,165.02505,172.1599,163.01463,175.71956,20.10142,18.458805
2026-10-06 16:23:28,no_kick_16.mp4,28,0,166.29907,171.59642,162.10226,176.94398,17.09165,15.621162
2026-10-06 16:23:28,no_kick_16.mp4,29,0,167.51118,172.0407,165.5477,177.3397,20.420347,18.186626
2026-10-06 16:23:28,no_kick_16.mp4,30,0,166.97876,172.98143,164.99586,177.08864,16.269642,14.673586
2026-10-06 16:23:28,no_kick_16.mp4,31,0,170.58076,177.7523,167.43344,173.24757,18.67645,17.913944
2026-10-06 16:23:28,no_kick_16.mp4,32,0,166.52614,171.88948,167.90845,175.89368,14.843661,14.003689
2026-10-06 16:23:28,no_kick_16.mp4,33,0,165.5686,171.11905,167.87827,176.04263,12.17546,11.553838
2026-10-06 16:23:28,no_kick_16.mp4,34,0,164.30203,171.70767,167.14902,176.51636,12.499325,11.946246
2026-10-06 16:23:28,no_kick_16.mp4,35,0,164.8403,172.90042,169.66724,174.09856,13.337166,13.057576
2026-10-06 16:23:28,no_kick_16.mp4,36,0,167.45222,169.22517,170.19124,173.54866,12.991319,12.367811
2026-10-06 16:23:28,no_kick_16.mp4,37,0,168.69427,171.23201,172.15503,171.34532,12.925659,11.679546
2026-10-06 16:23:28,no_kick_16.mp4,38,0,139.65024,147.02443,122.24649,142.76262,17.249748,15.900058
2026-10-06 16:23:28,no_kick_16.mp4,39,0,169.08571,170.22945,173.92738,171.12837,13.064484,12.187935
2026-10-06 16:23:28,no_kick_16.mp4,40,0,170.22827,170.09027,177.6703,168.88763,13.997018,13.077685
2026-10-06 16:23:28,no_kick_16.mp4,41,0,167.8708,168.41928,178.57562,169.03473,13.426204,12.585404
2026-10-06 16:23:29,no_kick_16.mp4,42,0,167.92465,167.25275,179.37817,168.91377,14.004438,13.083944
2026-10-06 16:23:29,no_kick_16.mp4,43,0,167.6388,167.48738,179.5612,168.75322,14.184882,13.22434
2026-10-06 16:23:29,no_kick_17.mp4,1,0,147.34763,119.29201,179.14568,137.58173,7.1347303,5.1514316
2026-10-06 16:23:29,no_kick_17.mp4,2,0,146.10338,116.67331,175.83678,138.68497,5.992412,4.3727884
2026-10-06 16:23:29,no_kick_17.mp4,3,0,143.91524,126.78866,179.07127,142.17773,9.0678835,7.432786
2026-10-06 16:23:29,no_kick_17.mp4,4,0,143.74692,129.11905,177.74675,144.1541,4.7720237,3.7844458
2026-10-06 16:23:29,no_kick_17.mp4,5,0,145.65613,132.39789,171.88316,150.83081,4.4266253,3.530285
2026-10-06 16:23:29,no_kick_17.mp4,6,0,135.06494,130.99208,174.61787,151.39072,3.5769196,2.982851
2026-10-06 16:23:29,no_kick_17.mp4,7,0,131.92838,130.2285,172.00845,151.1754,3.4913926,3.004472
2026-10-06 16:23:29,no_kick_17.mp4,8,0,132.18556,133.09763,173.44872,151.61699,3.6076949,3.1561522
2026-10-06 16:23:29,no_kick_17.mp4,9,0,134.2023,134.50061,174.27258,149.23305,3.8852534,3.2191963
2026-10-06 16:23:29,no_kick_17.mp4,10,0,129.38336,131.83333,179.84172,148.738,3.5991209,3.0643625
2026-10-06 16:23:29,no_kick_17.mp4,11,0,138.98495,125.98147,178.08632,143.614,7.5546017,6.2815614
2026-10-06 16:23:29,no_kick_17.mp4,12,0,138.53757,123.10357,177.00441,140.02745,8.172426,6.618617
2026-10-06 16:23:29,no_kick_17.mp4,13,0,146.55704,120.65809,176.96223,133.64774,9.726554,7.208413
2026-10-06 16:23:29,no_kick_17.mp4,14,0,144.99559,124.85412,179.54715,136.39656,7.2947917,5.496604
2026-10-06 16:23:29,no_kick_17.mp4,15,0,143.34735,125.94608,175.80936,138.397,8.466965,6.893877
2026-10-06 16:23:29,no_kick_17.mp4,16,0,143.33212,126.76882,176.47324,139.15982,8.810721,7.052907
2026-10-06 16:23:29,no_kick_17.mp4,17,0,143.42165,129.36484,177.07135,140.62854,7.4879694,6.0290484
2026-10-06 16:23:29,no_kick_17.mp4,18,0,144.05722,132.43944,178.29991,140.25848,6.3794217,5.180141
2026-10-06 16:23:29,no_kick_17.mp4,19,0,143.01343,134.48273,179.513,142.94475,5.752711,4.676186
2026-10-06 16:23:29,no_kick_17.mp4,20,0,145.42091,137.4296,177.39653,144.9784,5.9657288,4.953595
2026-10-06 16:23:29,no_kick_17.mp4,21,0,149.36476,139.5643,175.78397,147.23097,4.743518,4.049151
2026-10-06 16:23:29,no_kick_17.mp4,22,0,152.47134,142.25743,174.07993,148.01698,4.314056,3.8419528
2026-10-06 16:23:29,no_kick_17.mp4,23,0,159.32584,148.26717,169.91353,151.31209,3.977898,3.6405275
2026-10-06 16:23:29,no_kick_17.mp4,24,0,156.93947,148.65277,171.13077,151.58311,3.7020528,3.4578629
2026-10-06 16:23:29,no_kick_17.mp4,25,0,165.19342,154.095,166.01805,154.64594,3.405569,3.24566
2026-10-06 16:23:29,no_kick_17.mp4,26,0,164.77493,155.04958,166.62646,154.79898,3.163358,3.0556674
2026-10-06 16:23:29,no_kick_17.mp4,27,0,166.03468,156.12204,165.10239,155.56212,3.0471816,2.9486291
2026-10-06 16:23:29,no_kick_17.mp4,28,0,165.8261,157.6481,165.01991,156.35857,2.9919808,2.9066806
2026-10-06 16:23:29,no_kick_17.mp4,29,0,166.27153,159.11823,164.46043,157.48787,2.9154844,2.830269
2026-10-06 16:23:30,no_kick_17.mp4,30,0,166.9836,158.63516,164.1579,157.61864,2.847247,2.7595453
2026-10-06 16:23:30,no_kick_17.mp4,31,0,169.96815,158.65974,163.2948,157.01903,2.7523954,2.725799
2026-10-06 16:23:30,no_kick_17.mp4,32,0,169.64499,160.00946,162.63322,158.13264,2.7870939,2.736046
2026-10-06 16:23:30,no_kick_17.mp4,33,0,167.13905,159.98868,163.51775,157.66173,2.786136,2.7470455
2026-10-06 16:23:30,no_kick_17.mp4,34,0,167.55827,161.39867,162.93024,158.66187,2.7986412,2.7737663
2026-10-06 16:23:30,no_kick_17.mp4,35,0,168.6074,161.23438,162.3968,158.9887,2.7997446,2.7681732
2026-10-06 16:23:30,no_kick_18.mp4,1,0,173.21808,169.17915,166.37192,176.51546,3.3339045,3.3140304
2026-10-06 16:23:30,no_kick_18.mp4,2,0,173.07236,169.85138,166.60143,176.92018,3.2255259,3.282889
2026-10-06 16:23:30,no_kick_18.mp4,3,0,169.72084,168.40591,167.4858,177.75134,3.0757127,3.4176733
2026-10-06 16:23:30,no_kick_18.mp4,4,0,169.95895,168.65106,167.37366,178.04173,3.058158,3.3830178
2026-10-06 16:23:30,no_kick_18.mp4,5,0,169.20102,167.72296,167.26349,178.86356,3.0855765,3.372137
2026-10-06 16:23:30,no_kick_18.mp4,6,0,167.98817,166.13066,167.48996,179.3406,3.0944521,3.3709219
2026-10-06 16:23:30,no_kick_18.mp4,7,0,168.03511,165.37787,166.90547,178.33798,3.2139904,3.2467127
2026-10-06 16:23:30,no_kick_18.mp4,8,0,169.16388,166.7028,166.50645,178.08723,3.1856987,3.2399938
2026-10-06 16:23:30,no_kick_18.mp4,9,0,170.55658,166.1203,167.02948,178.52487,3.2299626,3.2842834
2026-10-06 16:23:30,no_kick_18.mp4,10,0,170.61938,168.69052,165.77995,176.65877,3.3928792,3.4248257
2026-10-06 16:23:30,no_kick_18.mp4,11,0,168.95663,168.94687,167.40302,177.04567,3.6761615,3.5771677
2026-10-06 16:23:30,no_kick_18.mp4,12,0,171.99744,162.10013,168.38428,178.8248,3.6927512,3.3368747
2026-10-06 16:23:30,no_kick_18.mp4,13,0,172.11165,162.61288,167.905,178.69522,3.9189353,3.3667648
2026-10-06 16:23:30,no_kick_18.mp4,14,0,175.0817,161.43295,168.47333,179.42087,4.476144,3.8277292
2026-10-06 16:23:30,no_kick_18.mp4,15,0,174.16228,164.14624,167.1865,177.02519,5.151881,4.607458
2026-10-06 16:23:30,no_kick_18.mp4,16,0,176.88464,163.6265,168.20074,179.42699,5.2843127,4.5458126
2026-10-06 16:23:30,no_kick_18.mp4,17,0,175.46687,164.77159,168.42249,179.79251,6.1200647,5.326651
2026-10-06 16:23:30,no_kick_18.mp4,18,0,174.92673,167.7167,169.0178,179.52481,6.9833183,6.0536656
2026-10-06 16:23:30,no_kick_18.mp4,19,0,174.7408,164.3403,171.44751,178.06801,11.873243,9.873776
2026-10-06 16:23:30,no_kick_18.mp4,20,0,174.14943,162.47208,170.21535,174.66759,10.375919,8.383921
2026-10-06 16:23:30,no_kick_18.mp4,21,0,174.70604,166.62656,167.17221,178.03436,8.07844,6.4874415
2026-10-06 16:23:30,no_kick_18.mp4,22,0,175.09244,171.47446,166.69562,175.69452,9.375429,7.543708
2026-10-06 16:23:30,no_kick_18.mp4,23,0,174.14183,171.30757,167.99234,176.71358,9.801732,7.82595
2026-10-06 16:23:30,no_kick_18.mp4,24,0,173.11943,166.5912,173.88213,175.28589,10.429541,9.102564
2026-10-06 16:23:30,no_kick_18.mp4,25,0,173.07408,165.15979,173.54927,174.5578,7.664736,6.3272166
2026-10-06 16:23:31,no_kick_18.mp4,26,0,173.15219,165.84132,173.47537,174.91992,6.891551,5.789194
2026-10-06 16:23:31,no_kick_18.mp4,27,0,172.00642,169.28734,172.861,177.48099,6.6687217,5.761682
2026-10-06 16:23:31,no_kick_18.mp4,28,0,173.19261,170.51488,172.2611,178.90085,4.884551,4.1446624
2026-10-06 16:23:31,no_kick_18.mp4,29,0,172.69135,172.51299,173.24362,178.67868,4.8037224,4.1000714
2026-10-06 16:23:31,no_kick_18.mp4,30,0,173.952,173.31622,171.72943,179.88635,4.3795543,3.7653465
2026-10-06 16:23:31,no_kick_18.mp4,31,0,173.39728,170.30067,170.83366,179.73979,3.9264565,3.3787494
2026-10-06 16:23:31,no_kick_18.mp4,32,0,173.93796,171.09464,168.45366,177.2292,3.8382244,3.4137082
2026-10-06 16:23:31,no_kick_18.mp4,33,0,173.81047,168.04607,168.43889,177.92253,3.738739,3.3482273
2026-10-06 16:23:31,no_kick_18.mp4,34,0,175.87192,168.26093,166.57436,176.76462,3.6576686,3.2859013
2026-10-06 16:23:31,no_kick_18.mp4,35,0,176.41377,169.56348,165.34964,175.32085,3.5371902,3.1533766
2026-10-06 16:23:31,no_kick_18.mp4,36,0,175.70293,168.20122,167.08315,177.2541,3.493187,3.0204034
2026-10-06 16:23:31,no_kick_18.mp4,37,0,175.31323,167.82394,167.6283,177.42624,3.472236,2.971371
2026-10-06 16:23:31,no_kick_18.mp4,38,0,175.78903,167.76242,167.98947,177.63892,3.5089998,2.9486942
2026-10-06 16:23:31,no_kick_18.mp4,39,0,173.57242,167.06706,168.45433,177.82219,3.617831,2.988307
2026-10-06 16:23:31,no_kick_18.mp4,40,0,174.18391,165.5132,168.63815,178.33798,3.6195188,2.9413228
2026-10-06 16:23:31,no_kick_18.mp4,41,0,175.7706,168.44043,169.1153,179.02702,3.6675346,2.9765706
2026-10-06 16:23:31,no_kick_18.mp4,42,0,174.47809,166.77425,169.34445,179.33206,3.7691092,3.0390933
2026-10-06 16:23:31,no_kick_18.mp4,43,0,176.93088,169.74454,168.71046,178.5038,3.6806028,2.9439542
2026-10-06 16:23:31,no_kick_19.mp4,1,0,153.74193,132.88684,175.47173,142.75359,4.938621,3.4521677
2026-10-06 16:23:31,no_kick_19.mp4,2,0,151.33817,135.34685,171.66702,149.14008,4.383788,3.3205361
2026-10-06 16:23:31,no_kick_19.mp4,3,0,144.86037,135.60677,173.21475,149.02963,3.7255633,2.669566
2026-10-06 16:23:31,no_kick_19.mp4,4,0,144.29993,137.59923,172.72147,150.80627,3.195236,2.559618
2026-10-06 16:23:31,no_kick_19.mp4,5,0,144.83122,137.84398,173.69646,150.19984,3.1274366,2.5338733
2026-10-06 16:23:31,no_kick_19.mp4,6,0,144.25345,138.31932,174.15916,150.19868,3.3770223,2.6945364
2026-10-06 16:23:31,no_kick_19.mp4,7,0,144.11934,140.53491,178.1281,145.92955,4.3311863,3.2203808
2026-10-06 16:23:31,no_kick_19.mp4,8,0,150.398,140.17625,179.43385,144.86491,4.6111884,3.5273926
2026-10-06 16:23:31,no_kick_19.mp4,9,0,151.21432,130.97092,179.13768,140.63373,9.293623,6.9807696
2026-10-06 16:23:31,no_kick_19.mp4,10,0,152.40428,133.12631,177.38527,139.69334,9.203459,6.606011
2026-10-06 16:23:31,no_kick_19.mp4,11,0,149.49402,130.00023,176.81444,138.00945,11.629635,8.215032
2026-10-06 16:23:31,no_kick_19.mp4,12,0,149.3577,127.149864,176.39912,136.70465,13.0765085,9.107759
2026-10-06 16:23:31,no_kick_19.mp4,13,0,150.05568,129.56288,176.77298,137.10664,14.790289,10.438472
2026-10-06 16:23:31,no_kick_19.mp4,14,0,149.40721,132.5083,178.1877,139.30127,11.923087,8.456553
2026-10-06 16:23:32,no_kick_19.mp4,15,0,149.1362,134.72038,179.35652,140.95874,8.96988,6.605255
2026-10-06 16:23:32,no_kick_19.mp4,16,0,148.99467,138.71355,177.87872,145.45378,7.517582,5.843092
2026-10-06 16:23:32,no_kick_19.mp4,17,0,154.28603,143.31078,176.90749,146.44604,7.4008594,5.645187
2026-10-06 16:23:32,no_kick_19.mp4,18,0,151.80513,144.6257,176.22383,148.0343,6.5731983,5.218643
2026-10-06 16:23:32,no_kick_19.mp4,19,0,156.93724,144.95554,175.00679,148.26006,5.208552,4.1421733
2026-10-06 16:23:32,no_kick_19.mp4,20,0,157.56558,149.58401,172.18912,152.45215,5.0747395,4.135235
2026-10-06 16:23:32,no_kick_19.mp4,21,0,156.77907,150.56303,171.0431,153.83575,4.4095674,3.725397
2026-10-06 16:23:32,no_kick_19.mp4,22,0,153.89632,146.7301,170.50552,153.06984,4.0615287,3.5009725
2026-10-06 16:23:32,no_kick_19.mp4,23,0,160.11739,154.50612,169.29762,155.74435,3.5028641,3.1996405
2026-10-06 16:23:32,no_kick_19.mp4,24,0,161.95164,157.68329,164.24086,160.03456,3.3849201,2.9081068
2026-10-06 16:23:32,no_kick_19.mp4,25,0,164.51003,158.47751,162.63066,161.24672,3.1853037,2.7462642
2026-10-06 16:23:32,no_kick_19.mp4,26,0,166.08261,159.00674,162.23407,161.169,3.1091533,2.6830149
2026-10-06 16:23:32,no_kick_19.mp4,27,0,167.94633,159.06259,162.24377,160.01123,3.014071,2.6710641
2026-10-06 16:23:32,no_kick_19.mp4,28,0,168.36034,157.88943,162.25829,159.30988,2.9583302,2.637746
2026-10-06 16:23:32,no_kick_2.mp4,1,0,165.45364,176.55609,175.98457,165.80737,3.4882143,3.8002903
2026-10-06 16:23:32,no_kick_2.mp4,2,0,169.38715,176.81972,179.65678,167.4156,3.6282766,3.9377184
2026-10-06 16:23:32,no_kick_2.mp4,3,0,170.2411,174.83588,177.62701,168.45729,3.8697922,4.110045
2026-10-06 16:23:32,no_kick_2.mp4,4,0,171.03824,172.48515,174.53735,169.28406,4.160627,4.423417
2026-10-06 16:23:32,no_kick_2.mp4,5,0,167.67578,166.90677,173.8831,173.91985,4.5540905,4.8587756
2026-10-06 16:23:32,no_kick_2.mp4,6,0,164.62926,161.2109,174.82793,177.005,5.5589757,5.8354483
2026-10-06 16:23:32,no_kick_2.mp4,7,0,163.83458,160.3107,176.37317,178.70682,5.857467,6.120304
2026-10-06 16:23:32,no_kick_2.mp4,8,0,168.25238,162.68315,174.8553,174.25368,6.566345,7.1863627
2026-10-06 16:23:32,no_kick_2.mp4,9,0,167.64027,160.16187,174.08807,171.88249,9.430364,10.097531
2026-10-06 16:23:32,no_kick_2.mp4,10,0,166.99492,156.4326,176.82639,163.75122,18.375187,18.9999
2026-10-06 16:23:32,no_kick_2.mp4,11,0,172.45988,161.16974,176.06253,161.51418,27.039968,27.761248
2026-10-06 16:23:32,no_kick_2.mp4,12,0,173.86981,163.48683,175.04247,160.73793,62.462536,64.82255
2026-10-06 16:23:32,no_kick_2.mp4,13,0,175.07065,166.08081,173.99986,160.28546,36.20316,37.988197
2026-10-06 16:23:32,no_kick_2.mp4,14,0,172.57132,165.36469,176.6941,157.27019,21.38249,22.371592
2026-10-06 16:23:32,no_kick_2.mp4,15,0,173.03113,161.39049,179.77618,150.02731,13.269582,13.75245
2026-10-06 16:23:32,no_kick_2.mp4,16,0,167.37085,164.66417,177.0131,155.20753,8.027678,8.328853
2026-10-06 16:23:32,no_kick_2.mp4,17,0,167.93137,161.50409,173.58224,155.71642,6.9287834,7.060519
2026-10-06 16:23:32,no_kick_2.mp4,18,0,168.5399,165.59828,173.032,157.4092,4.9838886,5.174132
2026-10-06 16:23:33,no_kick_2.mp4,19,0,168.62065,164.12526,170.09251,160.8267,4.0901036,4.349441
2026-10-06 16:23:33,no_kick_2.mp4,20,0,168.73051,164.73418,169.6855,161.82558,3.5199735,3.6724586
2026-10-06 16:23:33,no_kick_2.mp4,21,0,169.3205,165.14856,169.09526,163.40588,3.284258,3.3462195
2026-10-06 16:23:33,no_kick_2.mp4,22,0,174.66104,168.55716,167.77715,166.15465,3.326791,3.343227
2026-10-06 16:23:33,no_kick_2.mp4,23,0,179.88635,169.87308,163.50032,169.38849,3.338177,3.404459
2026-10-06 16:23:33,no_kick_2.mp4,24,0,177.29599,173.88524,162.83208,172.058,3.3429651,3.3567295
2026-10-06 16:23:33,no_kick_2.mp4,25,0,175.88576,176.47873,162.25143,174.01361,3.2760224,3.3045084
2026-10-06 16:23:33,no_kick_2.mp4,26,0,170.96626,177.27962,160.44318,176.18205,3.3397477,3.298218
2026-10-06 16:23:33,no_kick_2.mp4,27,0,166.51431,172.84131,158.308,178.77602,3.488069,3.4250221
2026-10-06 16:23:33,no_kick_2.mp4,28,0,163.1745,170.00339,156.12624,179.82866,3.7657647,3.6346974
2026-10-06 16:23:33,no_kick_2.mp4,29,0,160.94002,169.87744,154.13745,179.0969,4.3226233,4.1582866
2026-10-06 16:23:33,no_kick_2.mp4,30,0,159.32196,167.19565,150.97755,176.74399,4.8928447,4.732823
2026-10-06 16:23:33,no_kick_2.mp4,31,0,159.32632,166.11174,150.7679,176.76892,5.648112,5.485498
2026-10-06 16:23:33,no_kick_2.mp4,32,0,157.9517,163.57787,148.63632,174.0657,6.7843757,6.5820107
2026-10-06 16:23:33,no_kick_2.mp4,33,0,158.0076,164.09506,147.91315,172.5977,8.0647545,7.6972957
2026-10-06 16:23:33,no_kick_2.mp4,34,0,158.05508,164.52205,147.47559,172.4543,9.274388,8.866315
2026-10-06 16:23:33,no_kick_2.mp4,35,0,159.44637,164.346,147.976,173.15208,10.990128,10.555388
2026-10-06 16:23:33,no_kick_2.mp4,36,0,160.33371,164.7334,149.20224,174.36618,13.871667,13.280761
2026-10-06 16:23:33,no_kick_2.mp4,37,0,160.68797,166.08511,151.8022,176.4436,20.91847,20.14476
2026-10-06 16:23:33,no_kick_20.mp4,1,0,150.96828,163.64381,167.37878,176.62506,7.9106474,6.811726
2026-10-06 16:23:33,no_kick_20.mp4,2,0,152.51987,163.31947,167.3964,177.4648,8.928751,7.690675
2026-10-06 16:23:33,no_kick_20.mp4,3,0,153.31693,159.52092,166.1802,179.52893,8.851601,7.567706
2026-10-06 16:23:33,no_kick_20.mp4,4,0,155.02895,154.96696,166.43686,177.1114,9.595025,8.184147
2026-10-06 16:23:33,no_kick_20.mp4,5,0,154.57718,159.64854,167.56364,178.99321,11.553953,9.971025
2026-10-06 16:23:33,no_kick_20.mp4,6,0,154.16714,157.54729,167.19112,179.93742,11.646774,10.009575
2026-10-06 16:23:33,no_kick_20.mp4,7,0,154.02782,153.10733,165.6493,176.28484,10.934483,9.305186
2026-10-06 16:23:33,no_kick_20.mp4,8,0,154.8042,155.9327,166.75577,179.27367,11.085324,9.405432
2026-10-06 16:23:33,no_kick_20.mp4,9,0,155.25108,155.72017,167.57678,179.8333,9.631184,8.1503
2026-10-06 16:23:33,no_kick_20.mp4,10,0,155.82216,157.41203,167.60646,179.89531,9.584137,7.9808593
2026-10-06 16:23:33,no_kick_20.mp4,11,0,155.5196,157.94383,166.40224,177.8877,9.614395,8.123882
2026-10-06 16:23:33,no_kick_20.mp4,12,0,153.85086,156.86215,165.94438,177.68953,9.2308855,7.7966766
2026-10-06 16:23:33,no_kick_20.mp4,13,0,154.35649,158.6335,167.41444,178.9376,9.238185,7.8556757
2026-10-06 16:23:33,no_kick_20.mp4,14,0,155.65144,157.86795,167.0254,176.71388,8.889717,7.591067
2026-10-06 16:23:34,no_kick_20.mp4,15,0,157.15042,160.41847,167.71783,178.02939,8.24762,7.0236664
2026-10-06 16:23:34,no_kick_21.mp4,1,0,143.34161,139.56903,156.3557,174.13826,21.591877,17.095516
2026-10-06 16:23:34,no_kick_21.mp4,2,0,143.4089,141.94293,155.85828,176.64783,32.628407,26.598984
2026-10-06 16:23:34,no_kick_21.mp4,3,0,152.58406,154.33934,160.28528,174.05023,42.324062,34.832977
2026-10-06 16:23:34,no_kick_21.mp4,4,0,153.30296,160.59816,161.35062,171.81596,60.60163,49.110004
2026-10-06 16:23:34,no_kick_21.mp4,5,0,151.98792,167.58044,164.81784,164.36453,11.019177,10.209439
2026-10-06 16:23:34,no_kick_21.mp4,6,0,146.05368,167.28796,163.2828,164.33669,8.8722925,8.470789
2026-10-06 16:23:34,no_kick_21.mp4,7,0,143.96117,166.3262,162.68706,163.65193,7.281106,7.082419
2026-10-06 16:23:34,no_kick_21.mp4,8,0,144.07451,167.16835,163.25371,163.62988,7.3584104,7.1539683
2026-10-06 16:23:34,no_kick_21.mp4,9,0,144.73726,168.04611,163.74492,163.5215,7.8950267,7.6796193
2026-10-06 16:23:34,no_kick_21.mp4,10,0,144.68681,169.9813,164.07845,162.866,7.6948757,7.4254093
2026-10-06 16:23:34,no_kick_21.mp4,11,0,145.22516,169.53308,162.56154,164.28104,8.010466,7.6946154
2026-10-06 16:23:34,no_kick_21.mp4,12,0,147.50583,171.69472,162.31897,164.94061,8.6521225,8.196449
2026-10-06 16:23:34,no_kick_21.mp4,13,0,152.31557,171.69931,161.71494,168.70604,9.83127,8.794419
2026-10-06 16:23:34,no_kick_21.mp4,14,0,155.1703,169.05954,160.82196,173.33899,11.407313,10.079
2026-10-06 16:23:34,no_kick_21.mp4,15,0,155.77573,167.58371,160.19783,175.60764,12.888,11.362976
2026-10-06 16:23:34,no_kick_21.mp4,16,0,156.3751,166.1682,159.99643,175.78065,18.230232,15.972503
2026-10-06 16:23:34,no_kick_21.mp4,17,0,160.60854,167.22272,162.97942,175.96124,23.53041,20.357288
2026-10-06 16:23:34,no_kick_21.mp4,18,0,158.72806,164.35587,160.64386,178.48276,24.924582,21.612709
2026-10-06 16:23:34,no_kick_21.mp4,19,0,154.75453,163.13654,159.36327,178.93484,25.565317,22.711685
2026-10-06 16:23:34,no_kick_21.mp4,20,0,155.12334,165.34393,159.879,178.00706,27.296286,24.307125
2026-10-06 16:23:34,no_kick_21.mp4,21,0,156.51381,164.77173,160.87372,177.82956,28.13812,24.549723
2026-10-06 16:23:34,no_kick_21.mp4,22,0,154.98952,164.12195,160.42427,178.24956,23.217928,19.736443
2026-10-06 16:23:34,no_kick_21.mp4,23,0,154.23677,162.85887,160.65105,178.55516,23.635618,20.004711
2026-10-06 16:23:34,no_kick_21.mp4,24,0,160.35515,165.92961,164.33855,177.90144,20.489855,16.695948
2026-10-06 16:23:34,no_kick_21.mp4,25,0,158.73305,165.12003,163.76808,177.42062,21.1934,17.590403
2026-10-06 16:23:34,no_kick_21.mp4,26,0,160.5954,168.02795,164.54443,176.11868,20.835657,17.433386
2026-10-06 16:23:34,no_kick_22.mp4,1,0,152.28336,158.35057,157.4289,179.09755,11.445194,10.252255
2026-10-06 16:23:34,no_kick_22.mp4,2,0,151.32162,158.53539,157.68031,179.22543,18.061188,16.154127
2026-10-06 16:23:35,no_kick_22.mp4,3,0,151.35522,161.17772,157.60655,178.9226,25.487177,22.564829
2026-10-06 16:23:35,no_kick_22.mp4,4,0,150.96457,162.21016,157.87933,178.1642,30.202806,26.673147
2026-10-06 16:23:35,no_kick_22.mp4,5,0,151.63611,163.24849,158.33627,177.96779,34.894444,30.924303
2026-10-06 16:23:35,no_kick_22.mp4,6,0,154.74725,165.05447,157.81224,179.50981,27.850525,23.259342
2026-10-06 16:23:35,no_kick_22.mp4,7,0,155.87053,168.5311,158.56049,179.0361,25.07168,20.989388
2026-10-06 16:23:35,no_kick_22.mp4,8,0,156.20697,168.63799,158.02823,179.47398,21.094343,17.548931
2026-10-06 16:23:35,no_kick_22.mp4,9,0,156.32343,169.78836,158.43607,178.49207,24.368711,20.279934
2026-10-06 16:23:35,no_kick_22.mp4,10,0,156.88724,170.4066,158.06015,178.66542,26.7319,22.309635
2026-10-06 16:23:35,no_kick_22.mp4,11,0,158.85312,170.35274,162.42729,173.79858,27.514568,22.771389
2026-10-06 16:23:35,no_kick_22.mp4,12,0,159.07828,170.77603,163.69215,172.52342,29.331776,24.57136
2026-10-06 16:23:35,no_kick_22.mp4,13,0,158.85155,171.01875,164.4552,172.18327,25.203535,21.08591
2026-10-06 16:23:35,no_kick_22.mp4,14,0,157.85516,170.84633,163.93282,172.67548,25.92404,21.527348
2026-10-06 16:23:35,no_kick_22.mp4,15,0,158.3826,171.25363,164.71175,172.23361,22.93502,18.918337
2026-10-06 16:23:35,no_kick_22.mp4,16,0,158.80386,171.76814,165.05405,171.52202,25.697792,21.19839
2026-10-06 16:23:35,no_kick_22.mp4,17,0,159.5293,173.08357,165.67021,170.24521,27.457247,22.669708
2026-10-06 16:23:35,no_kick_22.mp4,18,0,160.37598,175.61823,166.29077,168.2372,27.463253,22.613138
2026-10-06 16:23:35,no_kick_22.mp4,19,0,161.02737,176.83232,166.99442,167.27206,25.35128,20.793095
2026-10-06 16:23:35,no_kick_22.mp4,20,0,162.1386,178.26268,167.3405,166.49501,24.40795,19.931818
2026-10-06 16:23:35,no_kick_22.mp4,21,0,162.12927,178.26234,167.73633,166.52094,24.937548,20.47508
2026-10-06 16:23:35,no_kick_22.mp4,22,0,162.34828,179.62674,168.6466,165.54565,24.009634,19.888153
2026-10-06 16:23:35,no_kick_22.mp4,23,0,163.43845,179.08742,169.80504,164.92572,26.362122,21.524096
2026-10-06 16:23:35,no_kick_22.mp4,24,0,163.58997,177.63884,170.27695,164.10088,26.26893,21.065825
2026-10-06 16:23:35,no_kick_22.mp4,25,0,164.28064,176.59279,171.01704,163.24089,26.029379,20.907274
2026-10-06 16:23:35,no_kick_22.mp4,26,0,164.21606,176.28685,171.59099,162.80812,25.225216,20.07375
2026-10-06 16:23:35,no_kick_22.mp4,27,0,163.97844,176.20381,171.8601,162.52795,26.411436,21.172344
2026-10-06 16:23:35,no_kick_23.mp4,1,0,159.5611,167.54015,168.01718,172.33087,18.755882,15.393436
2026-10-06 16:23:35,no_kick_23.mp4,2,0,159.30592,168.4876,167.2254,172.06854,19.625965,16.19258
2026-10-06 16:23:35,no_kick_23.mp4,3,0,160.8743,167.71065,168.18794,172.03267,18.91458,15.680198
2026-10-06 16:23:35,no_kick_23.mp4,4,0,161.57196,169.40427,167.8035,171.85213,17.770498,14.660645
2026-10-06 16:23:35,no_kick_23.mp4,5,0,161.03719,168.88803,166.90079,172.58937,18.035166,14.774791
2026-10-06 16:23:35,no_kick_23.mp4,6,0,162.4165,168.92029,166.46448,173.39703,18.055779,14.53637
2026-10-06 16:23:36,no_kick_23.mp4,7,0,161.8674,168.88228,165.36098,174.69547,17.803164,14.395727
2026-10-06 16:23:36,no_kick_23.mp4,8,0,161.10988,169.12286,164.58066,175.13452,18.473682,14.833275
2026-10-06 16:23:36,no_kick_23.mp4,9,0,161.80309,170.3151,165.40356,175.33296,19.06683,15.501914
2026-10-06 16:23:36,no_kick_23.mp4,10,0,162.01402,173.72845,166.60323,173.77513,20.39846,16.797264
2026-10-06 16:23:36,no_kick_23.mp4,11,0,161.76637,170.77454,166.9706,174.82593,18.305239,15.032404
2026-10-06 16:23:36,no_kick_23.mp4,12,0,161.76964,168.80746,167.24106,175.57428,16.14584,12.925154
2026-10-06 16:23:36,no_kick_23.mp4,13,0,162.07803,170.80711,168.06508,174.1165,16.985441,13.818523
2026-10-06 16:23:36,no_kick_24.mp4,1,0,156.11595,164.16063,157.37224,179.77443,22.762331,19.37794
2026-10-06 16:23:36,no_kick_24.mp4,2,0,156.60088,166.81575,160.31786,175.33191,9.126642,7.999864
2026-10-06 16:23:36,no_kick_24.mp4,3,0,154.71283,166.62712,161.4607,172.1379,6.6030335,5.7030764
2026-10-06 16:23:36,no_kick_24.mp4,4,0,153.36804,171.53452,165.12093,167.30446,6.391849,5.102268
2026-10-06 16:23:36,no_kick_24.mp4,5,0,151.77594,162.23022,159.84424,170.64752,6.192408,4.9392548
2026-10-06 16:23:36,no_kick_24.mp4,6,0,154.3015,168.34344,165.8141,165.43553,6.408841,4.876157
2026-10-06 16:23:36,no_kick_24.mp4,7,0,155.84547,169.24162,165.79474,167.78575,7.7436104,5.958872
2026-10-06 16:23:36,no_kick_24.mp4,8,0,154.3456,164.03789,161.84676,173.18207,11.358679,8.474672
2026-10-06 16:23:36,no_kick_24.mp4,9,0,150.08055,155.21786,158.28505,179.47139,31.774614,24.595144
2026-10-06 16:23:36,no_kick_24.mp4,10,0,147.98015,155.34529,155.84837,178.76663,40.982,31.395641
2026-10-06 16:23:36,no_kick_24.mp4,11,0,151.39479,148.15277,156.2403,175.40593,16.46759,11.649248
2026-10-06 16:23:36,no_kick_24.mp4,12,0,151.94223,144.35593,156.65794,171.88196,8.303714,6.1447806
2026-10-06 16:23:36,no_kick_24.mp4,13,0,151.3691,144.61674,157.12453,174.72351,11.193155,8.195585
2026-10-06 16:23:36,no_kick_24.mp4,14,0,151.35304,155.21826,157.62856,179.44786,29.801157,23.31067
2026-10-06 16:23:36,no_kick_24.mp4,15,0,155.94173,157.48744,163.285,176.90881,34.38536,26.87277
2026-10-06 16:23:36,no_kick_24.mp4,16,0,156.06038,155.77617,161.696,177.4383,21.769054,17.338696
2026-10-06 16:23:36,no_kick_24.mp4,17,0,154.39064,154.75526,162.87689,176.19707,8.644089,6.778828
2026-10-06 16:23:36,no_kick_24.mp4,18,0,152.0769,157.55026,165.42085,172.8348,5.3478656,4.13023
2026-10-06 16:23:36,no_kick_24.mp4,19,0,150.43733,158.00685,165.26164,172.61002,4.8291707,3.6930702
2026-10-06 16:23:36,no_kick_24.mp4,20,0,151.50519,164.99521,169.35353,164.2364,4.6573057,3.3183894
2026-10-06 16:23:36,no_kick_24.mp4,21,0,151.92874,166.94421,169.06125,162.53395,4.6237087,3.2963133
2026-10-06 16:23:36,no_kick_24.mp4,22,0,156.86186,159.31674,170.2826,168.67299,4.505134,3.3066146
2026-10-06 16:23:36,no_kick_24.mp4,23,0,157.41898,156.59576,169.52849,172.35825,4.3752756,3.0289843
2026-10-06 16:23:36,no_kick_24.mp4,24,0,159.60231,160.70082,170.15935,171.15443,4.504596,3.3314
2026-10-06 16:23:36,no_kick_24.mp4,25,0,160.17113,164.73361,167.40912,172.66884,4.777195,3.550568
2026-10-06 16:23:36,no_kick_24.mp4,26,0,161.12473,165.29254,163.98694,177.01337,5.200344,3.874279
2026-10-06 16:23:37,no_kick_24.mp4,27,0,159.55843,165.34898,161.43192,178.85225,5.772897,4.37532
2026-10-06 16:23:37,no_kick_24.mp4,28,0,159.47984,176.82207,161.5274,173.00443,7.327749,5.751812
2026-10-06 16:23:37,no_kick_24.mp4,29,0,159.3752,176.61562,160.55728,174.2978,8.362161,6.6066136
2026-10-06 16:23:37,no_kick_24.mp4,30,0,156.90306,176.4554,158.07487,176.79654,10.531978,8.345203
2026-10-06 16:23:37,no_kick_24.mp4,31,0,154.2584,170.02028,156.5275,178.69974,25.514906,20.134407
2026-10-06 16:23:37,no_kick_24.mp4,32,0,155.837,170.73116,158.01614,179.68971,28.306559,23.016266
2026-10-06 16:23:37,no_kick_24.mp4,33,0,155.6834,171.20299,158.73405,178.81517,28.96739,23.697351
2026-10-06 16:23:37,no_kick_24.mp4,34,0,158.67406,175.0162,160.34239,176.75175,32.182533,26.755497
2026-10-06 16:23:37,no_kick_24.mp4,35,0,155.86101,172.30289,157.58788,179.96573,31.838676,25.542168
2026-10-06 16:23:37,no_kick_24.mp4,36,0,158.01491,173.96486,158.66823,179.02081,30.53331,24.323288
2026-10-06 16:23:37,no_kick_25.mp4,1,0,148.48756,173.64026,161.7185,156.72794,18.343044,16.795662
2026-10-06 16:23:37,no_kick_25.mp4,2,0,143.30946,169.4076,161.84862,153.17496,15.28772,14.13795
2026-10-06 16:23:37,no_kick_25.mp4,3,0,144.4423,174.11197,162.75165,153.63277,14.477774,13.392216
2026-10-06 16:23:37,no_kick_25.mp4,4,0,149.61357,177.4468,162.77303,156.70059,11.029268,9.879118
2026-10-06 16:23:37,no_kick_25.mp4,5,0,149.74794,177.12648,160.1839,159.85431,12.86711,11.272345
2026-10-06 16:23:37,no_kick_25.mp4,6,0,148.4935,178.42355,155.07365,164.8002,23.985237,20.606058
2026-10-06 16:23:37,no_kick_25.mp4,7,0,151.50958,176.10121,153.69003,169.79166,41.228004,35.634468
2026-10-06 16:23:37,no_kick_25.mp4,8,0,154.55952,175.86482,155.90565,170.1856,32.388226,27.508661
2026-10-06 16:23:37,no_kick_25.mp4,9,0,156.25693,174.68234,155.38107,172.55135,17.901915,14.996313
2026-10-06 16:23:37,no_kick_25.mp4,10,0,157.94072,173.12515,154.7496,173.94662,11.916654,10.188866
2026-10-06 16:23:37,no_kick_25.mp4,11,0,154.41283,167.49438,151.01427,179.59698,7.597358,6.5917244
2026-10-06 16:23:37,no_kick_25.mp4,12,0,155.07242,165.44481,150.97137,179.15674,6.091852,5.311545
2026-10-06 16:23:37,no_kick_25.mp4,13,0,155.83708,163.3023,151.19092,179.10583,6.256869,5.51036
2026-10-06 16:23:37,no_kick_25.mp4,14,0,156.49904,164.71082,151.99762,180.0,5.9826803,5.246066
2026-10-06 16:23:37,no_kick_25.mp4,15,0,157.65102,166.46138,153.20789,178.7359,5.793004,5.074917
2026-10-06 16:23:37,no_kick_25.mp4,16,0,159.48001,169.4692,154.93275,176.3504,5.975449,5.1974235
2026-10-06 16:23:37,no_kick_25.mp4,17,0,163.46022,174.66345,159.03127,172.96758,6.286721,5.3490934
2026-10-06 16:23:37,no_kick_25.mp4,18,0,164.92235,177.9168,160.40419,170.9645,6.636409,5.6760955
2026-10-06 16:23:37,no_kick_25.mp4,19,0,165.46465,178.45972,161.56912,170.07874,6.7628756,5.800662
2026-10-06 16:23:37,no_kick_25.mp4,20,0,164.88069,178.75998,162.16322,169.58987,7.5264177,6.5195065
2026-10-06 16:23:37,no_kick_25.mp4,21,0,166.16428,179.62257,162.74803,169.01323,8.508347,7.4599295
2026-10-06 16:23:37,no_kick_25.mp4,22,0,165.33963,177.06473,161.53676,169.55713,10.388474,9.193965
2026-10-06 16:23:38,no_kick_25.mp4,23,0,169.88618,176.49841,164.78644,167.56238,11.630501,10.257511
2026-10-06 16:23:38,no_kick_25.mp4,24,0,170.66093,177.53351,165.3117,165.67561,12.622334,11.201247
2026-10-06 16:23:38,no_kick_25.mp4,25,0,169.5831,176.7411,165.24156,166.19606,13.474291,12.177131
2026-10-06 16:23:38,no_kick_25.mp4,26,0,169.38167,176.77255,164.85022,165.6894,19.40288,17.201366
2026-10-06 16:23:38,no_kick_25.mp4,27,0,169.81328,175.553,163.15222,167.44322,27.194519,24.281809
2026-10-06 16:23:38,no_kick_26.mp4,1,0,157.69153,169.48573,155.26416,170.90598,8.822741,7.2853236
2026-10-06 16:23:38,no_kick_26.mp4,2,0,157.36504,169.35384,153.75261,172.63957,10.188503,8.245116
2026-10-06 16:23:38,no_kick_26.mp4,3,0,158.37633,171.29199,153.41849,172.40385,12.613445,10.316728
2026-10-06 16:23:38,no_kick_26.mp4,4,0,161.21725,174.90152,155.69392,169.83147,17.594332,14.036445
2026-10-06 16:23:38,no_kick_26.mp4,5,0,160.80849,172.44543,156.09364,172.48515,30.674625,24.58358
2026-10-06 16:23:38,no_kick_26.mp4,6,0,160.50725,173.29317,155.40062,171.29283,23.375021,18.723204
2026-10-06 16:23:38,no_kick_26.mp4,7,0,161.12892,175.01186,154.52321,172.87001,18.890007,15.065234
2026-10-06 16:23:38,no_kick_26.mp4,8,0,160.06435,173.59224,153.13423,175.95953,11.675957,9.452472
2026-10-06 16:23:38,no_kick_26.mp4,9,0,158.81284,171.49791,152.54533,176.53914,10.158075,8.426067
2026-10-06 16:23:38,no_kick_26.mp4,10,0,161.6408,174.03677,155.10657,175.23476,9.535784,7.8904176
2026-10-06 16:23:38,no_kick_26.mp4,11,0,163.04149,176.10986,157.18358,174.5174,8.755049,7.2250543
2026-10-06 16:23:38,no_kick_26.mp4,12,0,164.39507,177.41797,158.7903,173.8779,8.404298,7.0734015
2026-10-06 16:23:38,no_kick_26.mp4,13,0,164.31635,171.46283,160.9967,176.86691,7.1019983,6.18153
2026-10-06 16:23:38,no_kick_26.mp4,14,0,163.90254,170.19435,161.41,177.59035,7.2155704,6.3990726
2026-10-06 16:23:38,no_kick_26.mp4,15,0,165.85208,171.65941,162.63452,176.70395,7.078106,6.38143
2026-10-06 16:23:38,no_kick_26.mp4,16,0,165.58092,171.13759,162.76268,176.20326,6.966382,6.224017
2026-10-06 16:23:38,no_kick_26.mp4,17,0,166.70505,170.72853,164.33159,174.98158,6.708461,5.9809737
2026-10-06 16:23:38,no_kick_26.mp4,18,0,166.02988,168.5774,164.38887,175.3322,6.3273354,5.5804334
2026-10-06 16:23:38,no_kick_26.mp4,19,0,166.99539,171.50134,165.04646,172.73764,6.9613857,6.0864825
2026-10-06 16:23:38,no_kick_26.mp4,20,0,166.17827,170.23949,163.70657,173.80096,6.843623,6.109881
2026-10-06 16:23:38,no_kick_26.mp4,21,0,167.30063,169.43187,163.44183,174.68056,6.6164193,5.935135
2026-10-06 16:23:38,no_kick_26.mp4,22,0,167.34587,168.42725,163.5324,175.1009,6.662253,5.9993963
2026-10-06 16:23:38,no_kick_26.mp4,23,0,168.11151,168.67175,164.02455,174.41913,6.6872325,6.007388
2026-10-06 16:23:38,no_kick_26.mp4,24,0,168.46005,168.89265,163.28804,174.64041,6.7905946,6.1345396
2026-10-06 16:23:38,no_kick_26.mp4,25,0,167.80109,168.02997,163.43974,174.66887,6.796309,6.1442146
2026-10-06 16:23:38,no_kick_26.mp4,26,0,168.37401,168.19667,163.24101,174.86957,6.769484,6.0809546
2026-10-06 16:23:38,no_kick_26.mp4,27,0,168.50171,168.8331,163.61914,174.45746,6.8155684,6.085207
2026-10-06 16:23:39,no_kick_26.mp4,28,0,168.40158,168.71913,164.15942,174.10507,6.8077674,6.1087184
2026-10-06 16:23:39,no_kick_26.mp4,29,0,167.5736,167.11342,163.88246,174.9004,6.7972255,6.0786486
2026-10-06 16:23:39,no_kick_26.mp4,30,0,166.30724,165.6272,163.98492,174.68547,6.7713785,6.028084
2026-10-06 16:23:39,no_kick_26.mp4,31,0,165.05435,163.4994,163.79266,175.45251,6.5044613,5.7895727
2026-10-06 16:23:39,no_kick_26.mp4,32,0,164.14146,162.88124,162.49406,175.78012,6.841379,6.0588956
2026-10-06 16:23:39,no_kick_26.mp4,33,0,161.88861,162.75175,160.77069,176.36772,7.407692,6.5257497
2026-10-06 16:23:39,no_kick_26.mp4,34,0,161.55731,163.02716,159.53323,176.94437,8.060866,7.097352
2026-10-06 16:23:39,no_kick_26.mp4,35,0,160.2671,164.54544,157.71771,179.67374,8.079147,7.1501803
2026-10-06 16:23:39,no_kick_26.mp4,36,0,162.24799,166.2254,158.13538,178.72833,8.950095,7.8973317
2026-10-06 16:23:39,no_kick_26.mp4,37,0,162.94739,167.4758,157.03358,179.64888,10.302442,9.090328
2026-10-06 16:23:39,no_kick_26.mp4,38,0,165.61594,169.77061,160.29095,176.91992,12.764447,11.231373
2026-10-06 16:23:39,no_kick_26.mp4,39,0,166.9002,169.45007,160.33917,178.11247,13.835647,12.4754505
2026-10-06 16:23:39,no_kick_26.mp4,40,0,165.2465,173.06314,157.01514,177.87273,14.202525,12.80012
2026-10-06 16:23:39,no_kick_26.mp4,41,0,164.54077,171.54196,157.21434,178.6821,16.346342,14.948454
2026-10-06 16:23:39,no_kick_26.mp4,42,0,163.14104,172.53217,159.73955,176.5302,20.23353,18.019274
2026-10-06 16:23:39,no_kick_27.mp4,1,0,154.94063,144.30179,154.81816,172.99205,3.716608,2.7947628
2026-10-06 16:23:39,no_kick_27.mp4,2,0,152.42587,132.87714,152.05383,166.54904,3.5337486,2.4877405
2026-10-06 16:23:39,no_kick_27.mp4,3,0,152.25926,134.87532,154.61232,170.331,3.830696,2.646652
2026-10-06 16:23:39,no_kick_27.mp4,4,0,150.03418,144.74521,153.06174,172.3025,3.81877,2.8155148
2026-10-06 16:23:39,no_kick_27.mp4,5,0,146.92934,143.81447,150.48808,171.0922,5.7028027,4.388374
2026-10-06 16:23:39,no_kick_27.mp4,6,0,151.92847,154.57513,156.58904,179.3245,10.167909,8.33466
2026-10-06 16:23:39,no_kick_27.mp4,7,0,149.39845,159.52084,157.68639,174.24966,29.532955,24.594637
2026-10-06 16:23:39,no_kick_27.mp4,8,0,147.0976,169.40857,159.8142,166.74135,13.432334,11.209833
2026-10-06 16:23:39,no_kick_27.mp4,9,0,149.95155,173.90187,160.8628,162.27231,8.06861,6.5565085
2026-10-06 16:23:39,no_kick_27.mp4,10,0,148.10645,173.80428,160.46732,161.88547,7.4608026,5.929856
2026-10-06 16:23:39,no_kick_27.mp4,11,0,146.88126,164.36494,161.14777,164.26643,6.2288785,5.1263967
2026-10-06 16:23:39,no_kick_27.mp4,12,0,144.33754,163.75484,158.98033,165.92062,6.7794642,5.5977044
2026-10-06 16:23:39,no_kick_27.mp4,13,0,145.21642,170.87442,158.46172,164.12086,8.212864,6.7145743
2026-10-06 16:23:39,no_kick_27.mp4,14,0,147.03664,172.68077,159.75204,163.58104,8.705952,7.2585225
2026-10-06 16:23:39,no_kick_27.mp4,15,0,149.82883,173.57776,159.07526,165.1257,10.1529875,8.293245
2026-10-06 16:23:39,no_kick_27.mp4,16,0,155.98418,174.89792,160.89847,163.39828,9.21123,7.4033694
2026-10-06 16:23:39,no_kick_27.mp4,17,0,158.34355,178.40282,163.65753,162.06139,15.708251,12.547918
2026-10-06 16:23:39,no_kick_27.mp4,18,0,162.78346,176.97469,164.81946,165.8639,21.635656,17.919502
2026-10-06 16:23:40,no_kick_27.mp4,19,0,163.6793,178.15558,163.40358,167.4715,37.83075,32.240013
2026-10-06 16:23:40,no_kick_27.mp4,20,0,165.55957,177.12675,162.23904,169.94707,23.177073,19.573696
2026-10-06 16:23:40,no_kick_27.mp4,21,0,167.09473,177.2173,161.33418,172.31412,17.033266,14.489491
2026-10-06 16:23:40,no_kick_27.mp4,22,0,167.09312,179.9802,159.54105,176.42372,13.399091,11.498494
2026-10-06 16:23:40,no_kick_27.mp4,23,0,165.75526,177.3484,157.97014,178.66249,10.802507,9.286268
2026-10-06 16:23:40,no_kick_27.mp4,24,0,167.04169,176.63924,158.36108,178.48909,9.43524,8.140701
2026-10-06 16:23:40,no_kick_27.mp4,25,0,167.48727,178.07388,158.51845,178.22127,8.620469,7.4980454
2026-10-06 16:23:40,no_kick_27.mp4,26,0,169.35411,179.34239,159.98186,176.85309,7.9125714,6.844325
2026-10-06 16:23:40,no_kick_27.mp4,27,0,170.90688,179.61794,160.50304,176.83961,7.708724,6.7080555
2026-10-06 16:23:40,no_kick_27.mp4,28,0,171.13066,178.91556,160.63705,177.6304,7.6065617,6.5581107
2026-10-06 16:23:40,no_kick_27.mp4,29,0,171.24695,179.14522,160.86092,177.42047,7.5068445,6.474895
2026-10-06 16:23:40,no_kick_27.mp4,30,0,170.95148,177.77621,161.29047,177.6429,7.516142,6.468578
2026-10-06 16:23:40,no_kick_27.mp4,31,0,170.75946,176.52423,161.05692,178.32262,7.22485,6.2563863
2026-10-06 16:23:40,no_kick_27.mp4,32,0,170.90483,177.35815,161.90576,177.5467,7.423906,6.286439
2026-10-06 16:23:40,no_kick_27.mp4,33,0,171.5906,176.85912,162.27617,178.02632,7.449001,6.3199773
2026-10-06 16:23:40,no_kick_27.mp4,34,0,169.91129,175.35417,160.93166,179.50623,7.503015,6.419202
2026-10-06 16:23:40,no_kick_27.mp4,35,0,170.39268,175.54555,162.03352,178.66866,7.454445,6.3387218
2026-10-06 16:23:40,no_kick_27.mp4,36,0,170.23401,173.98495,162.60608,178.73436,7.4588175,6.3397017
2026-10-06 16:23:40,no_kick_27.mp4,37,0,169.70091,172.8324,162.0217,179.74588,8.0725355,6.8832707
2026-10-06 16:23:40,no_kick_28.mp4,1,0,163.89873,164.51854,175.76941,157.14148,5.920026,4.8410583
2026-10-06 16:23:40,no_kick_28.mp4,2,0,161.69911,168.59354,174.3952,160.60425,6.427448,5.373141
2026-10-06 16:23:40,no_kick_28.mp4,3,0,151.82152,157.30507,175.80113,160.20001,5.605029,4.9750414
2026-10-06 16:23:40,no_kick_28.mp4,4,0,149.91364,157.14844,176.6016,158.33113,6.506116,5.603383
2026-10-06 16:23:40,no_kick_28.mp4,5,0,150.42783,160.2415,177.96971,159.51599,6.9101734,5.9549537
2026-10-06 16:23:40,no_kick_28.mp4,6,0,149.15324,157.3667,178.02592,158.66948,6.8158555,5.778955
2026-10-06 16:23:40,no_kick_28.mp4,7,0,148.48518,152.07797,179.56075,154.77414,7.568614,6.6422205
2026-10-06 16:23:40,no_kick_28.mp4,8,0,153.0361,156.0204,179.97202,154.52516,7.6316743,6.1927347
2026-10-06 16:23:40,no_kick_28.mp4,9,0,152.76042,158.67001,179.7368,155.37666,11.00554,9.001938
2026-10-06 16:23:40,no_kick_28.mp4,10,0,155.82854,159.31596,179.1865,154.98534,18.226452,14.846777
2026-10-06 16:23:40,no_kick_28.mp4,11,0,159.99988,157.1166,178.08072,150.5864,20.53361,18.454803
2026-10-06 16:23:41,no_kick_28.mp4,12,0,162.3112,154.86702,173.93134,153.40294,11.518033,10.2628565
2026-10-06 16:23:41,no_kick_28.mp4,13,0,165.62823,153.05318,170.64702,155.16516,9.92422,8.732909
2026-10-06 16:23:41,no_kick_28.mp4,14,0,167.85863,153.99306,167.82063,158.2246,8.905882,7.9045944
2026-10-06 16:23:41,no_kick_28.mp4,15,0,168.85437,156.4322,165.49838,162.68295,8.623818,7.634951
2026-10-06 16:23:41,no_kick_28.mp4,16,0,170.33511,157.72595,164.20474,163.16396,8.589454,7.6806183
2026-10-06 16:23:41,no_kick_28.mp4,17,0,170.50891,158.56346,163.56993,164.08942,8.735643,7.969349
2026-10-06 16:23:41,no_kick_28.mp4,18,0,169.50264,159.50444,163.57426,166.39171,9.158608,8.414271
2026-10-06 16:23:41,no_kick_28.mp4,19,0,167.7133,159.20084,164.30786,166.89468,10.02068,9.301456
2026-10-06 16:23:41,no_kick_28.mp4,20,0,167.8915,161.41779,164.69028,163.32983,10.041048,9.147363
2026-10-06 16:23:41,no_kick_28.mp4,21,0,166.05568,157.71793,166.56398,164.8284,10.674211,10.060754
2026-10-06 16:23:41,no_kick_28.mp4,22,0,166.7943,158.76314,165.68547,165.06456,11.68463,10.975886
2026-10-06 16:23:41,no_kick_28.mp4,23,0,166.335,159.69019,165.60533,166.78458,13.02702,12.302252
2026-10-06 16:23:41,no_kick_28.mp4,24,0,165.77205,161.89876,165.5467,168.34209,16.671055,15.994697
2026-10-06 16:23:41,no_kick_28.mp4,25,0,164.63525,162.64699,167.24265,167.456,19.736132,19.334415
2026-10-06 16:23:41,no_kick_28.mp4,26,0,169.09653,163.18109,163.58836,167.72508,20.544657,19.55213
2026-10-06 16:23:41,no_kick_28.mp4,27,0,168.16267,163.1808,163.63658,167.80304,17.14955,16.30539
2026-10-06 16:23:41,no_kick_28.mp4,28,0,168.25731,164.0957,164.3315,167.62003,11.867508,11.200001
2026-10-06 16:23:41,no_kick_28.mp4,29,0,170.86739,166.89775,162.81976,168.77222,8.836484,8.095144
2026-10-06 16:23:41,no_kick_28.mp4,30,0,171.54805,166.57503,161.97214,168.61267,8.94016,8.340274
2026-10-06 16:23:41,no_kick_28.mp4,31,0,171.72105,166.19876,161.87187,168.96153,7.0281425,6.6159234
2026-10-06 16:23:41,no_kick_28.mp4,32,0,171.41502,165.65198,160.97131,169.1768,6.8039784,6.2681026
2026-10-06 16:23:41,no_kick_28.mp4,33,0,171.78621,163.68323,159.89279,169.73305,6.007183,5.5679445
2026-10-06 16:23:41,no_kick_28.mp4,34,0,171.32945,161.71136,159.35829,169.5356,5.099091,4.6983666
2026-10-06 16:23:41,no_kick_28.mp4,35,0,174.48988,163.98679,158.63467,171.43408,4.491616,4.1058326
2026-10-06 16:23:41,no_kick_28.mp4,36,0,172.83475,162.73114,158.65709,170.29701,4.286555,3.9482157
2026-10-06 16:23:41,no_kick_28.mp4,37,0,173.3401,164.02399,158.54488,170.53523,4.2799616,3.9835176
2026-10-06 16:23:41,no_kick_28.mp4,38,0,173.75787,164.39789,159.3579,169.74283,4.0042872,3.7260067
2026-10-06 16:23:41,no_kick_29.mp4,1,0,160.83144,155.00954,168.76614,156.11931,9.11619,7.740333
2026-10-06 16:23:41,no_kick_29.mp4,2,0,159.29851,152.00713,170.22356,156.05362,6.906926,6.1002054
2026-10-06 16:23:41,no_kick_29.mp4,3,0,153.74353,146.58003,173.58461,156.33528,7.3992352,6.878331
2026-10-06 16:23:41,no_kick_29.mp4,4,0,153.33098,149.77454,174.38464,158.43065,7.8952894,7.32771
2026-10-06 16:23:41,no_kick_29.mp4,5,0,155.81879,152.58101,174.24864,161.40205,7.474088,7.019328
2026-10-06 16:23:41,no_kick_29.mp4,6,0,157.15077,154.95515,173.14441,160.50893,8.148051,7.6626344
2026-10-06 16:23:42,no_kick_29.mp4,7,0,158.95552,156.60846,172.75233,163.09026,8.897937,8.334441
2026-10-06 16:23:42,no_kick_29.mp4,8,0,159.45316,157.24881,171.32536,166.17496,9.190225,8.567265
2026-10-06 16:23:42,no_kick_29.mp4,9,0,159.55836,158.17795,171.1151,167.72734,9.77339,9.1069
2026-10-06 16:23:42,no_kick_29.mp4,10,0,157.9458,157.47334,170.73409,169.28577,10.020166,9.320252
2026-10-06 16:23:42,no_kick_29.mp4,11,0,162.83351,168.73111,168.17229,171.85896,12.191134,11.197504
2026-10-06 16:23:42,no_kick_29.mp4,12,0,166.38805,166.23174,165.43425,169.97203,12.877789,11.352744
2026-10-06 16:23:42,no_kick_29.mp4,13,0,166.27324,165.32365,165.08818,169.18642,13.364595,11.718282
2026-10-06 16:23:42,no_kick_29.mp4,14,0,165.90942,162.94211,164.83327,167.22603,15.129232,13.066715
2026-10-06 16:23:42,no_kick_29.mp4,15,0,165.48828,163.24283,165.20486,166.95459,15.566161,13.439734
2026-10-06 16:23:42,no_kick_29.mp4,16,0,165.62659,163.32109,164.36916,167.8449,24.385733,22.049637
2026-10-06 16:23:42,no_kick_29.mp4,17,0,163.68379,157.34389,166.70964,167.16118,26.205252,24.464603
2026-10-06 16:23:42,no_kick_29.mp4,18,0,166.11308,157.48378,165.16707,165.61404,19.918095,17.45238
2026-10-06 16:23:42,no_kick_29.mp4,19,0,163.88367,160.18987,166.4003,166.93445,15.074316,13.2589035
2026-10-06 16:23:42,no_kick_29.mp4,20,0,161.93274,161.22041,169.27948,165.22957,13.637759,12.421229
2026-10-06 16:23:42,no_kick_29.mp4,21,0,163.10449,162.28055,167.98099,167.06032,9.271471,8.360766
2026-10-06 16:23:42,no_kick_29.mp4,22,0,164.3056,161.21867,166.27853,167.57271,7.4151034,6.7054214
2026-10-06 16:23:42,no_kick_3.mp4,1,0,174.38087,174.20766,174.09311,174.6113,4.614036,3.9876077
2026-10-06 16:23:42,no_kick_3.mp4,2,0,174.90572,173.44193,174.35155,173.92667,4.648918,3.9923785
2026-10-06 16:23:42,no_kick_3.mp4,3,0,175.2829,173.57849,174.29538,173.526,4.620242,3.9626617
2026-10-06 16:23:42,no_kick_3.mp4,4,0,175.58624,171.86435,173.60197,172.385,4.676284,4.007929
2026-10-06 16:23:42,no_kick_3.mp4,5,0,176.35722,174.58568,172.61064,175.1146,4.783656,4.1207523
2026-10-06 16:23:42,no_kick_3.mp4,6,0,175.93295,174.20532,173.62723,173.75262,4.8083715,4.1438074
2026-10-06 16:23:42,no_kick_3.mp4,7,0,175.45135,173.65636,173.78061,173.86746,4.8526344,4.140393
2026-10-06 16:23:42,no_kick_3.mp4,8,0,175.3494,173.60242,173.91235,174.01738,4.938698,4.2855015
2026-10-06 16:23:42,no_kick_3.mp4,9,0,174.46887,171.52995,173.74498,174.49152,4.8527236,4.1563087
2026-10-06 16:23:42,no_kick_3.mp4,10,0,174.2755,167.38443,174.83995,171.50165,4.9816365,4.5853395
2026-10-06 16:23:42,no_kick_3.mp4,11,0,173.64761,166.24997,174.86545,172.39384,4.992169,4.565378
2026-10-06 16:23:42,no_kick_3.mp4,12,0,171.93169,164.5965,175.56883,173.37839,5.1634836,4.727606
2026-10-06 16:23:42,no_kick_3.mp4,13,0,170.97969,163.56328,175.48805,174.7591,5.2583055,4.8010387
2026-10-06 16:23:42,no_kick_3.mp4,14,0,171.90155,164.89276,175.32,175.73299,5.1735635,4.7347517
2026-10-06 16:23:42,no_kick_3.mp4,15,0,173.23682,166.84506,174.60852,176.88107,5.1452947,4.7176366
2026-10-06 16:23:42,no_kick_3.mp4,16,0,174.17647,167.76848,174.2698,177.82794,5.1801643,4.7180686
2026-10-06 16:23:43,no_kick_3.mp4,17,0,174.32079,169.49211,174.07248,178.72543,5.2006273,4.757176
2026-10-06 16:23:43,no_kick_3.mp4,18,0,174.74591,173.26086,173.3883,179.32855,5.120069,4.6699953
2026-10-06 16:23:43,no_kick_3.mp4,19,0,173.62268,170.2066,175.42036,177.92058,4.9602356,4.5667386
2026-10-06 16:23:43,no_kick_3.mp4,20,0,174.3893,170.56642,175.73859,177.64133,5.044704,4.608088
2026-10-06 16:23:43,no_kick_3.mp4,21,0,174.67409,170.36125,174.94684,178.33316,5.024666,4.56548
2026-10-06 16:23:43,no_kick_30.mp4,1,0,174.45107,165.76228,162.1869,162.51868,5.8825197,5.534683
2026-10-06 16:23:43,no_kick_30.mp4,2,0,174.61049,166.92145,162.08702,162.82841,5.5897465,5.283235
2026-10-06 16:23:43,no_kick_30.mp4,3,0,174.76811,166.55258,162.05421,162.38947,5.6638813,5.3693714
2026-10-06 16:23:43,no_kick_30.mp4,4,0,175.24637,165.33868,161.81113,162.04065,5.5692735,5.2751346
2026-10-06 16:23:43,no_kick_30.mp4,5,0,175.72404,165.4035,160.98904,162.58917,5.618491,5.341084
2026-10-06 16:23:43,no_kick_30.mp4,6,0,175.41016,164.39577,162.2205,161.50612,6.006185,5.750637
2026-10-06 16:23:43,no_kick_30.mp4,7,0,177.12178,165.48694,161.02463,163.67912,5.6654353,5.306333
2026-10-06 16:23:43,no_kick_30.mp4,8,0,176.4217,164.2554,160.88591,163.04054,6.003044,5.5473833
2026-10-06 16:23:43,no_kick_30.mp4,9,0,176.47435,163.75394,161.29668,162.61697,6.0249944,5.548145
2026-10-06 16:23:43,no_kick_30.mp4,10,0,176.21886,165.04245,161.63766,163.14764,6.2458997,5.7436337
2026-10-06 16:23:43,no_kick_30.mp4,11,0,175.72519,165.71683,162.35281,162.99481,6.1299405,5.612236
2026-10-06 16:23:43,no_kick_30.mp4,12,0,175.2175,165.86227,162.97212,162.7489,6.1874027,5.6666903
2026-10-06 16:23:43,no_kick_30.mp4,13,0,174.70753,165.16689,164.83183,162.38551,6.4787188,6.014563
2026-10-06 16:23:43,no_kick_30.mp4,14,0,174.19601,165.26486,165.63971,162.07149,6.5803895,6.1116586
2026-10-06 16:23:43,no_kick_30.mp4,15,0,173.55536,165.41731,166.32048,161.58891,6.4754314,6.0097523
2026-10-06 16:23:43,no_kick_30.mp4,16,0,173.92828,165.88223,163.95122,160.82825,6.143011,5.778536
2026-10-06 16:23:43,no_kick_30.mp4,17,0,173.79068,166.10919,164.06303,160.8747,6.2292485,5.8364563
2026-10-06 16:23:43,no_kick_30.mp4,18,0,173.71948,164.60081,165.9657,161.5846,6.5829163,6.122339
2026-10-06 16:23:43,no_kick_30.mp4,19,0,174.74991,164.12784,164.64241,161.88501,6.6339173,6.1661735
2026-10-06 16:23:43,no_kick_30.mp4,20,0,171.82953,165.71611,164.87886,162.15619,6.4273467,5.9946637
2026-10-06 16:23:43,no_kick_30.mp4,21,0,174.23125,164.82349,163.4903,160.10605,6.316936,5.9558654
2026-10-06 16:23:43,no_kick_30.mp4,22,0,174.17589,164.72949,163.83559,159.63347,6.515982,6.170544
2026-10-06 16:23:43,no_kick_30.mp4,23,0,174.37767,164.29857,163.1827,159.91595,6.098008,5.7784743
2026-10-06 16:23:43,no_kick_30.mp4,24,0,174.0282,163.75143,163.67831,159.36075,6.1692185,5.8980584
2026-10-06 16:23:43,no_kick_30.mp4,25,0,174.01273,163.28644,164.055,158.79672,6.0030866,5.705
2026-10-06 16:23:43,no_kick_30.mp4,26,0,174.42574,163.05098,163.17154,158.97185,6.0026608,5.695988
2026-10-06 16:23:43,no_kick_30.mp4,27,0,175.12013,164.43124,162.44598,159.77899,5.7127857,5.4155
2026-10-06 16:23:44,no_kick_30.mp4,28,0,175.8398,165.39792,161.34898,160.60925,5.6418386,5.3659997
2026-10-06 16:23:44,no_kick_30.mp4,29,0,175.76204,165.26076,161.56206,160.13675,5.780451,5.529571
2026-10-06 16:23:44,no_kick_30.mp4,30,0,175.6613,165.41257,162.18709,159.96068,5.5569973,5.336342
2026-10-06 16:23:44,no_kick_30.mp4,31,0,175.77084,166.14098,161.34987,160.75438,5.366466,5.1000547
2026-10-06 16:23:44,no_kick_30.mp4,32,0,175.60385,165.63406,161.90416,160.62328,5.386915,5.154204
2026-10-06 16:23:44,no_kick_30.mp4,33,0,175.72717,165.30078,161.85243,160.72368,5.5024676,5.2619267
2026-10-06 16:23:44,no_kick_30.mp4,34,0,175.8247,165.75317,161.52998,161.01627,5.3951397,5.1687655
2026-10-06 16:23:44,no_kick_30.mp4,35,0,176.2388,166.52533,161.37563,161.52548,5.3335586,5.085206
2026-10-06 16:23:44,no_kick_30.mp4,36,0,177.02657,166.64125,161.2675,161.5465,5.505083,5.257294
2026-10-06 16:23:44,no_kick_30.mp4,37,0,176.72063,166.56828,161.20961,161.44838,5.4857826,5.231757
2026-10-06 16:23:44,no_kick_30.mp4,38,0,177.57399,166.90219,161.02621,161.42049,5.452806,5.2248282
2026-10-06 16:23:44,no_kick_30.mp4,39,0,177.64906,167.88086,160.88153,162.01372,5.4898086,5.221124
2026-10-06 16:23:44,no_kick_30.mp4,40,0,177.72195,168.1253,160.5281,162.38219,5.4614434,5.1897573
2026-10-06 16:23:44,no_kick_30.mp4,41,0,177.34746,168.02661,161.15575,162.30603,5.512179,5.2536116
2026-10-06 16:23:44,no_kick_30.mp4,42,0,177.52527,168.26091,160.7636,162.54361,5.609906,5.392169
2026-10-06 16:23:44,no_kick_30.mp4,43,0,177.80597,168.29224,160.23518,162.9818,5.67567,5.455008
2026-10-06 16:23:44,no_kick_30.mp4,44,0,174.70372,167.5441,162.53148,164.78966,6.0690374,5.746278
2026-10-06 16:23:44,no_kick_30.mp4,45,0,175.44682,167.77681,161.999,164.8938,6.145346,5.808131
2026-10-06 16:23:44,no_kick_30.mp4,46,0,176.04852,168.39066,161.27275,165.78668,6.1855993,5.8424954
2026-10-06 16:23:44,no_kick_30.mp4,47,0,175.18138,167.78304,162.04234,165.2262,6.415874,6.018998
2026-10-06 16:23:44,no_kick_30.mp4,48,0,174.22346,166.82037,162.4659,164.74648,6.5339756,6.1327763
2026-10-06 16:23:44,no_kick_30.mp4,49,0,173.90372,166.41545,162.89789,164.23495,6.579919,6.2025747
2026-10-06 16:23:44,no_kick_30.mp4,50,0,173.46803,166.31087,163.24089,163.75641,6.6722507,6.289078
2026-10-06 16:23:44,no_kick_30.mp4,51,0,172.95995,166.35484,163.65828,163.73853,6.5815487,6.2130733
2026-10-06 16:23:44,no_kick_30.mp4,52,0,173.36629,166.93896,163.50615,164.06808,6.5888886,6.189212
2026-10-06 16:23:44,no_kick_30.mp4,53,0,173.14554,167.22372,163.37093,164.0707,6.527681,6.1437497
2026-10-06 16:23:44,no_kick_30.mp4,54,0,172.92981,166.8107,163.47557,163.83148,6.5609636,6.1533523
2026-10-06 16:23:44,no_kick_30.mp4,55,0,172.8601,167.03368,163.33957,163.94731,6.799613,6.38755
2026-10-06 16:23:44,no_kick_30.mp4,56,0,172.75247,166.79192,163.60779,163.4665,6.740327,6.31674
2026-10-06 16:23:44,no_kick_30.mp4,57,0,172.54482,166.65039,164.1346,162.93774,6.7605944,6.303724
2026-10-06 16:23:44,no_kick_30.mp4,58,0,172.33456,167.0231,164.11836,163.15582,6.8465924,6.3494325
2026-10-06 16:23:44,no_kick_30.mp4,59,0,172.90297,167.8224,163.61943,163.78651,6.8720493,6.404078
2026-10-06 16:23:44,no_kick_30.mp4,60,0,172.87819,167.79279,163.50531,163.52136,7.2101083,6.7118487
2026-10-06 16:23:45,no_kick_30.mp4,61,0,171.87347,167.43517,163.37772,164.26454,7.120507,6.6907797
2026-10-06 16:23:45,no_kick_30.mp4,62,0,172.40866,168.43085,163.64427,163.96458,7.2819934,6.778055
2026-10-06 16:23:45,no_kick_30.mp4,63,0,171.82713,168.08562,164.52559,163.51201,7.495552,7.0109315
2026-10-06 16:23:45,no_kick_30.mp4,64,0,173.96797,171.54283,163.84517,164.56961,7.0643067,6.522804
2026-10-06 16:23:45,no_kick_30.mp4,65,0,172.09445,168.32314,164.41095,163.55869,7.5909014,7.092675
2026-10-06 16:23:45,no_kick_30.mp4,66,0,173.47652,170.39565,164.38774,164.00348,7.0309978,6.495703
2026-10-06 16:23:45,no_kick_30.mp4,67,0,173.402,169.62201,164.44275,163.65468,6.8790283,6.346156
2026-10-06 16:23:45,no_kick_30.mp4,68,0,172.57352,167.95526,165.18468,162.37566,7.147467,6.6225433
2026-10-06 16:23:45,no_kick_30.mp4,69,0,171.85393,167.18968,165.03879,162.19408,7.1871705,6.5400524
2026-10-06 16:23:45,no_kick_30.mp4,70,0,170.68929,165.41336,165.9895,161.14719,6.7047296,6.1230035
2026-10-06 16:23:45,no_kick_30.mp4,71,0,169.90358,162.37044,166.27618,159.51726,6.6383514,6.0236936
2026-10-06 16:23:45,no_kick_30.mp4,72,0,168.22275,161.09839,166.9294,159.13412,6.045171,5.438247
2026-10-06 16:23:45,no_kick_30.mp4,73,0,167.76732,158.97275,166.61327,159.1993,5.624743,4.952872
2026-10-06 16:23:45,no_kick_30.mp4,74,0,169.33798,158.6295,164.77098,160.5039,5.226836,4.5880375
2026-10-06 16:23:45,no_kick_30.mp4,75,0,168.61864,159.00063,165.72708,160.65614,4.452091,4.0121384
2026-10-06 16:23:45,no_kick_30.mp4,76,0,167.66208,153.91025,165.59036,157.29561,4.491417,3.9925346
2026-10-06 16:23:45,no_kick_30.mp4,77,0,167.69626,156.04723,170.44586,153.67526,3.5483818,3.2367015
2026-10-06 16:23:45,no_kick_30.mp4,78,0,167.60359,155.5692,172.33195,152.46823,3.334142,2.9304473
2026-10-06 16:23:45,no_kick_30.mp4,79,0,165.6544,155.0804,174.74986,153.04312,3.3386366,2.9453144
2026-10-06 16:23:45,no_kick_30.mp4,80,0,166.57416,154.4636,173.50203,155.48215,3.375382,2.9744308
2026-10-06 16:23:45,no_kick_30.mp4,81,0,165.94449,156.37871,171.07816,157.69098,3.5350752,3.1419864
2026-10-06 16:23:45,no_kick_30.mp4,82,0,165.50241,156.14792,167.51666,160.36035,3.9887936,3.5582588
2026-10-06 16:23:45,no_kick_30.mp4,83,0,164.99786,152.97844,164.21861,161.665,4.735223,4.237461
2026-10-06 16:23:45,no_kick_30.mp4,84,0,161.81789,158.74133,165.38588,164.89749,5.998329,5.3383045
2026-10-06 16:23:45,no_kick_30.mp4,85,0,159.00763,158.34798,167.9766,163.35956,6.707179,5.8486514
2026-10-06 16:23:45,no_kick_30.mp4,86,0,154.07697,156.37923,172.568,162.70677,4.8957057,4.170483
2026-10-06 16:23:45,no_kick_30.mp4,87,0,152.70302,156.32253,177.22905,155.43127,9.660903,8.115979
2026-10-06 16:23:45,no_kick_30.mp4,88,0,154.44547,154.85402,177.99738,153.28983,12.93986,10.83857
2026-10-06 16:23:45,no_kick_30.mp4,89,0,154.61653,151.23773,174.51859,154.46729,36.28783,30.300848
2026-10-06 16:23:45,no_kick_30.mp4,90,0,156.80849,149.03795,170.19073,157.83516,17.894657,14.739383
2026-10-06 16:23:45,no_kick_30.mp4,91,0,155.97382,145.28534,171.49791,156.30113,15.135097,12.62538
2026-10-06 16:23:45,no_kick_30.mp4,92,0,155.8855,144.65033,171.53896,156.09727,12.743678,10.79055
2026-10-06 16:23:45,no_kick_30.mp4,93,0,158.3435,146.2366,170.31721,156.9208,15.045424,12.9353695
2026-10-06 16:23:45,no_kick_30.mp4,94,0,157.57758,146.52223,170.91045,157.198,16.740805,14.5441
2026-10-06 16:23:46,no_kick_30.mp4,95,0,155.57747,146.22394,173.29655,155.313,24.605274,20.981787
2026-10-06 16:23:46,no_kick_30.mp4,96,0,156.04045,153.95605,170.71323,163.05655,8.70564,7.364335
2026-10-06 16:23:46,no_kick_30.mp4,97,0,156.6186,154.88069,168.01454,165.87512,9.648818,8.4664135
2026-10-06 16:23:46,no_kick_30.mp4,98,0,156.01498,151.8607,165.26372,168.25505,7.6264334,6.5401773
2026-10-06 16:23:46,no_kick_30.mp4,99,0,156.20802,152.58667,163.69899,171.26346,5.361794,4.477864
2026-10-06 16:23:46,no_kick_30.mp4,100,0,158.69914,157.88927,166.11882,170.37668,4.0467367,3.4770932
2026-10-06 16:23:46,no_kick_30.mp4,101,0,158.30766,157.04584,168.15144,168.60133,3.6540964,3.1532645
2026-10-06 16:23:46,no_kick_30.mp4,102,0,155.9719,157.74217,169.93639,169.13846,3.7042937,3.1779141
2026-10-06 16:23:46,no_kick_30.mp4,103,0,156.7519,160.70923,168.85118,170.24084,3.5851157,3.078782
2026-10-06 16:23:46,no_kick_30.mp4,104,0,157.54114,161.4912,168.80632,169.55328,3.5293038,3.063724
2026-10-06 16:23:46,no_kick_30.mp4,105,0,159.1582,163.92987,168.15529,170.63266,3.4246378,3.0165682
2026-10-06 16:23:46,no_kick_30.mp4,106,0,159.96637,163.39977,167.59273,169.84683,3.3998113,3.0154047
2026-10-06 16:23:46,no_kick_30.mp4,107,0,159.96889,167.60606,167.2103,171.56871,3.3968475,3.019634
2026-10-06 16:23:46,no_kick_30.mp4,108,0,159.97624,170.38832,166.56812,173.20314,3.3872027,3.0056593
2026-10-06 16:23:46,no_kick_30.mp4,109,0,160.82431,173.27954,165.7843,174.7791,3.4844038,3.0992105
2026-10-06 16:23:46,no_kick_30.mp4,110,0,161.79475,171.45766,165.83453,174.29005,3.451818,3.0901344
2026-10-06 16:23:46,no_kick_30.mp4,111,0,162.60777,172.58582,165.91862,175.26793,3.480077,3.1240337
2026-10-06 16:23:46,no_kick_30.mp4,112,0,162.95726,173.31653,165.35727,176.15558,3.5473857,3.1660616
2026-10-06 16:23:46,no_kick_30.mp4,113,0,162.62064,172.9781,165.14624,175.79228,3.5667248,3.1875675
2026-10-06 16:23:46,no_kick_30.mp4,114,0,163.28792,171.17097,164.56111,175.48395,3.5367343,3.1534014
2026-10-06 16:23:46,no_kick_30.mp4,115,0,163.77173,171.4816,164.91225,175.40039,3.539495,3.151989
2026-10-06 16:23:46,no_kick_30.mp4,116,0,162.4149,168.21054,164.72832,174.18752,3.7332366,3.3212867
2026-10-06 16:23:46,no_kick_30.mp4,117,0,154.47285,161.85057,166.07654,175.6055,3.8823345,3.5211058
2026-10-06 16:23:46,no_kick_30.mp4,118,0,154.7069,161.57225,165.76503,175.65236,3.9270053,3.5658524
2026-10-06 16:23:46,no_kick_30.mp4,119,0,155.9591,161.29805,165.72269,174.07863,4.046255,3.689281
2026-10-06 16:23:46,no_kick_30.mp4,120,0,156.71744,161.63004,164.96419,175.06909,4.0513706,3.6730413
2026-10-06 16:23:46,no_kick_30.mp4,121,0,157.46999,160.84875,166.35226,172.33504,4.086964,3.6326137
2026-10-06 16:23:46,no_kick_30.mp4,122,0,161.18344,161.93146,164.7537,171.58682,4.2632203,3.8156188
2026-10-06 16:23:46,no_kick_31.mp4,1,0,174.82645,171.97609,166.81073,178.86081,3.3833942,3.6171277
2026-10-06 16:23:46,no_kick_31.mp4,2,0,174.60802,171.0301,167.27788,179.64062,3.3375118,3.5717561
2026-10-06 16:23:46,no_kick_31.mp4,3,0,175.26752,172.13297,166.37537,178.64172,3.325168,3.538677
2026-10-06 16:23:46,no_kick_31.mp4,4,0,174.99402,172.54347,166.64882,178.71867,3.311151,3.5199707
2026-10-06 16:23:47,no_kick_31.mp4,5,0,173.92932,172.9931,166.88477,178.72021,3.2803519,3.4743297
2026-10-06 16:23:47,no_kick_31.mp4,6,0,175.00224,173.07967,166.85735,178.82745,3.2798495,3.4715729
2026-10-06 16:23:47,no_kick_31.mp4,7,0,175.78815,173.96745,167.17961,178.86719,3.2618227,3.4721022
2026-10-06 16:23:47,no_kick_31.mp4,8,0,175.84192,175.58163,167.53232,178.53592,3.2612967,3.4866705
2026-10-06 16:23:47,no_kick_31.mp4,9,0,177.09276,175.61053,167.61015,178.88232,3.2018578,3.43349
2026-10-06 16:23:47,no_kick_31.mp4,10,0,178.47208,175.22647,166.24667,177.20116,3.1251032,3.025606
2026-10-06 16:23:47,no_kick_31.mp4,11,0,179.25374,174.4009,166.17516,177.29382,3.1769156,3.0380363
2026-10-06 16:23:47,no_kick_31.mp4,12,0,179.1309,172.34059,166.4186,178.28365,3.1530018,2.9870226
2026-10-06 16:23:47,no_kick_31.mp4,13,0,179.92867,172.40907,166.74918,178.3555,3.2138724,2.9987912
2026-10-06 16:23:47,no_kick_31.mp4,14,0,179.31584,173.11441,166.72682,176.90079,3.3903697,3.0296028
2026-10-06 16:23:47,no_kick_31.mp4,15,0,179.81024,170.71631,167.6358,178.62384,3.4344788,3.0633218
2026-10-06 16:23:47,no_kick_31.mp4,16,0,178.27274,169.53432,169.88185,179.48909,3.5115047,3.0778794
2026-10-06 16:23:47,no_kick_31.mp4,17,0,179.13203,166.83061,170.02571,178.3837,4.0144897,3.437237
2026-10-06 16:23:47,no_kick_31.mp4,18,0,179.87805,168.29604,170.44872,179.32564,4.197349,3.603885
2026-10-06 16:23:47,no_kick_31.mp4,19,0,179.19618,166.09128,171.78462,177.62157,4.6049905,3.8347592
2026-10-06 16:23:47,no_kick_31.mp4,20,0,177.91493,163.02829,171.68036,175.53252,4.964047,3.9288943
2026-10-06 16:23:47,no_kick_32.mp4,1,0,150.68666,162.79367,149.54088,175.09595,6.240859,6.6298256
2026-10-06 16:23:47,no_kick_32.mp4,2,0,143.89851,159.71149,152.33191,172.70601,6.046117,5.682442
2026-10-06 16:23:47,no_kick_32.mp4,3,0,145.74803,160.86751,152.8544,170.81152,7.3470984,6.5925245
2026-10-06 16:23:47,no_kick_32.mp4,4,0,146.39828,155.0662,145.92305,177.46725,11.768846,9.658291
2026-10-06 16:23:47,no_kick_32.mp4,5,0,146.32225,148.44972,143.94571,177.4223,10.909586,8.891694
2026-10-06 16:23:47,no_kick_32.mp4,6,0,146.07301,152.9724,143.37582,179.72876,10.926395,8.840934
2026-10-06 16:23:47,no_kick_32.mp4,7,0,147.87462,150.34502,139.64499,174.47,8.270058,6.4040275
2026-10-06 16:23:47,no_kick_32.mp4,8,0,149.6724,148.24605,138.92253,172.68987,7.364708,5.437753
2026-10-06 16:23:47,no_kick_32.mp4,9,0,152.5586,141.02135,144.18512,169.97783,4.5798454,3.350584
2026-10-06 16:23:47,no_kick_32.mp4,10,0,155.06229,140.95395,145.59901,170.80594,4.6303205,3.374354
2026-10-06 16:23:47,no_kick_32.mp4,11,0,154.97362,143.1241,146.52242,172.58669,4.7042217,3.4638648
2026-10-06 16:23:47,no_kick_32.mp4,12,0,153.80531,146.56883,146.92867,175.30193,4.7711277,3.5910456
2026-10-06 16:23:47,no_kick_32.mp4,13,0,148.88812,151.54736,142.26369,176.87894,6.8693748,5.259505
2026-10-06 16:23:47,no_kick_32.mp4,14,0,145.66452,155.84067,144.95308,177.26797,7.962619,6.1119184
2026-10-06 16:23:47,no_kick_32.mp4,15,0,145.39027,156.11221,147.3127,175.16713,9.748585,7.6219225
2026-10-06 16:23:47,no_kick_32.mp4,16,0,147.25113,151.33392,149.72327,176.69392,10.425499,8.11715
2026-10-06 16:23:48,no_kick_32.mp4,17,0,147.03667,157.93309,153.51247,169.44948,10.503262,8.596406
2026-10-06 16:23:48,no_kick_32.mp4,18,0,147.81512,158.95901,155.6474,170.04149,7.3886557,6.5810547
2026-10-06 16:23:48,no_kick_32.mp4,19,0,148.97557,159.47322,155.90846,169.3757,5.9367948,5.45434
2026-10-06 16:23:48,no_kick_32.mp4,20,0,149.72787,160.19737,156.01714,169.25298,5.307009,4.882736
2026-10-06 16:23:48,no_kick_32.mp4,21,0,148.13658,160.35188,155.73543,168.32779,5.324019,4.849374
2026-10-06 16:23:48,no_kick_32.mp4,22,0,148.40773,161.40077,155.8733,168.17897,5.287801,4.6106663
2026-10-06 16:23:48,no_kick_32.mp4,23,0,149.99358,162.45023,156.19276,168.78108,5.149784,4.471382
2026-10-06 16:23:48,no_kick_32.mp4,24,0,151.71614,163.1359,158.30635,167.06459,5.0844765,4.454136
2026-10-06 16:23:48,no_kick_32.mp4,25,0,151.41785,164.6189,157.38858,166.93661,5.0686765,4.455757
2026-10-06 16:23:48,no_kick_32.mp4,26,0,151.15443,163.913,158.22134,166.52632,5.0489116,4.4339304
2026-10-06 16:23:48,no_kick_32.mp4,27,0,154.15332,163.47763,160.2807,167.924,5.906611,5.0409493
2026-10-06 16:23:48,no_kick_32.mp4,28,0,155.46198,165.18459,161.57886,169.69542,6.4378138,6.189877
2026-10-06 16:23:48,no_kick_32.mp4,29,0,154.38408,164.36237,161.59111,169.22685,6.519745,6.3450403
2026-10-06 16:23:48,no_kick_32.mp4,30,0,153.44633,164.47989,160.82208,169.45644,6.7016573,6.4920344
2026-10-06 16:23:48,no_kick_32.mp4,31,0,153.87857,163.24692,160.44658,170.01474,6.6396046,6.4162407
2026-10-06 16:23:48,no_kick_32.mp4,32,0,152.7747,163.3461,160.64592,168.73718,6.738742,6.550625
2026-10-06 16:23:48,no_kick_32.mp4,33,0,152.5186,162.91803,161.57254,164.95992,6.5917215,5.6654797
2026-10-06 16:23:48,no_kick_32.mp4,34,0,150.24469,162.05612,161.35184,164.55673,5.6931887,5.1736856
2026-10-06 16:23:48,no_kick_32.mp4,35,0,151.05872,163.98584,161.49503,163.03352,5.7022986,5.213311
2026-10-06 16:23:48,no_kick_32.mp4,36,0,151.96921,162.84085,161.66821,163.34822,5.710908,5.151287
2026-10-06 16:23:48,no_kick_32.mp4,37,0,151.11218,162.48116,160.11292,163.93677,5.5950403,4.99376
2026-10-06 16:23:48,no_kick_33.mp4,1,0,157.5627,161.87633,159.20952,179.5252,5.8773203,4.5103173
2026-10-06 16:23:48,no_kick_33.mp4,2,0,153.30536,152.91248,154.289,174.51404,5.20502,4.2409024
2026-10-06 16:23:48,no_kick_33.mp4,3,0,153.54823,150.32213,153.17157,172.97934,5.1453896,4.156175
2026-10-06 16:23:48,no_kick_33.mp4,4,0,153.65103,153.60336,155.73917,176.75966,5.6751585,4.541894
2026-10-06 16:23:48,no_kick_33.mp4,5,0,153.74582,159.60994,160.89018,175.09457,5.989523,4.388967
2026-10-06 16:23:48,no_kick_33.mp4,6,0,152.2836,159.19322,160.83672,173.48521,6.007249,4.4482884
2026-10-06 16:23:48,no_kick_33.mp4,7,0,151.52203,150.89241,153.76234,178.88547,6.8360534,5.1915026
2026-10-06 16:23:48,no_kick_33.mp4,8,0,147.03383,152.61307,150.7575,177.56699,13.691839,10.96679
2026-10-06 16:23:48,no_kick_33.mp4,9,0,141.30391,148.02414,144.22495,171.17816,11.353208,9.2946825
2026-10-06 16:23:48,no_kick_33.mp4,10,0,144.0606,148.4894,144.63004,171.03923,7.6226983,5.840795
2026-10-06 16:23:48,no_kick_33.mp4,11,0,144.01808,142.23747,142.98326,164.70522,5.949017,4.505067
2026-10-06 16:23:48,no_kick_33.mp4,12,0,148.4368,144.1543,146.0762,167.7037,5.511973,4.1561913
2026-10-06 16:23:49,no_kick_33.mp4,13,0,149.36255,143.21594,146.57584,167.78409,5.4695883,4.1277943
2026-10-06 16:23:49,no_kick_33.mp4,14,0,147.66064,149.56906,144.14362,168.70825,6.1320357,4.6806784
2026-10-06 16:23:49,no_kick_33.mp4,15,0,146.33902,154.06013,145.1763,171.05554,8.413371,6.837892
2026-10-06 16:23:49,no_kick_33.mp4,16,0,149.11688,151.42178,151.8245,174.20352,11.686547,9.034395
2026-10-06 16:23:49,no_kick_33.mp4,17,0,152.35051,151.73001,156.18105,178.08919,15.24813,11.528937
2026-10-06 16:23:49,no_kick_33.mp4,18,0,156.05548,155.11809,160.67639,179.29834,7.6515007,5.808137
2026-10-06 16:23:49,no_kick_33.mp4,19,0,156.24396,163.27188,161.66295,176.69398,7.479346,5.729635
2026-10-06 16:23:49,no_kick_33.mp4,20,0,156.82298,165.5403,162.01253,175.91797,7.2238975,5.4583383
2026-10-06 16:23:49,no_kick_33.mp4,21,0,154.13864,154.09,160.1419,178.65782,6.2238398,4.634586
2026-10-06 16:23:49,no_kick_33.mp4,22,0,156.22792,165.82552,164.9209,173.02411,6.3941164,4.786147
2026-10-06 16:23:49,no_kick_33.mp4,23,0,157.02788,165.68057,165.53433,172.63322,6.020775,4.5370255
2026-10-06 16:23:49,no_kick_33.mp4,24,0,158.07361,162.14508,165.60435,175.36003,5.638921,4.377809
2026-10-06 16:23:49,no_kick_33.mp4,25,0,158.1607,162.12828,166.62059,174.35016,5.52316,4.2999344
2026-10-06 16:23:49,no_kick_33.mp4,26,0,157.55673,161.64769,166.41629,174.17838,5.4348893,4.273662
2026-10-06 16:23:49,no_kick_33.mp4,27,0,158.55608,162.63933,166.67934,173.80232,5.6719356,4.501294
2026-10-06 16:23:49,no_kick_33.mp4,28,0,158.00441,163.66751,167.75429,171.39766,5.780144,4.485162
2026-10-06 16:23:49,no_kick_33.mp4,29,0,158.35428,164.71657,167.84843,171.54982,6.0102296,4.599428
2026-10-06 16:23:49,no_kick_33.mp4,30,0,158.29099,164.55765,167.91714,171.6674,6.072813,4.6582184
2026-10-06 16:23:49,no_kick_33.mp4,31,0,158.18362,165.903,168.53325,169.3795,6.08596,4.627246
2026-10-06 16:23:49,no_kick_33.mp4,32,0,160.09505,168.20152,168.77814,170.06099,6.48499,4.99643
2026-10-06 16:23:49,no_kick_33.mp4,33,0,160.69395,168.99907,168.94469,169.09953,6.445917,4.9956346
2026-10-06 16:23:49,no_kick_33.mp4,34,0,159.79883,167.18561,168.43414,169.23352,6.2371254,4.810627
2026-10-06 16:23:49,no_kick_33.mp4,35,0,159.78023,167.52861,168.05629,169.15149,6.2306194,4.8021235
2026-10-06 16:23:49,no_kick_33.mp4,36,0,159.38567,165.87466,168.19421,169.58275,6.094811,4.67354
2026-10-06 16:23:49,no_kick_33.mp4,37,0,160.39816,166.06622,168.52457,169.41687,6.0616846,4.679519
2026-10-06 16:23:49,no_kick_33.mp4,38,0,160.3851,165.47581,168.18156,170.17151,5.999651,4.6776357
2026-10-06 16:23:49,no_kick_33.mp4,39,0,160.89563,165.61261,169.3029,168.70444,5.859416,4.602168
2026-10-06 16:23:49,no_kick_33.mp4,40,0,161.0981,165.45453,169.47461,168.99417,5.801878,4.54729
2026-10-06 16:23:49,no_kick_33.mp4,41,0,161.12228,163.58032,169.35526,169.2172,5.663874,4.4248247
2026-10-06 16:23:49,no_kick_33.mp4,42,0,160.06606,163.65346,169.47986,168.54526,5.8630257,4.619174
2026-10-06 16:23:49,no_kick_33.mp4,43,0,160.2769,163.241,170.18652,168.24928,5.9878035,4.7074327
2026-10-06 16:23:49,no_kick_33.mp4,44,0,161.03401,164.20325,170.04625,167.62114,6.1356497,4.754076
2026-10-06 16:23:50,no_kick_34.mp4,1,0,159.35493,148.9658,162.90659,176.13152,3.759689,2.8585684
2026-10-06 16:23:50,no_kick_34.mp4,2,0,159.33604,153.87283,166.14536,169.85306,3.5597687,2.6755786
2026-10-06 16:23:50,no_kick_34.mp4,3,0,158.33742,151.04665,166.92374,170.21553,3.1700394,2.4576318
2026-10-06 16:23:50,no_kick_34.mp4,4,0,160.62477,156.51595,170.2392,167.03984,3.6532123,2.7599437
2026-10-06 16:23:50,no_kick_34.mp4,5,0,160.98775,152.10078,171.19171,167.67737,3.3482075,2.5876946
2026-10-06 16:23:50,no_kick_34.mp4,6,0,161.97804,150.99702,172.86853,168.35292,3.2855177,2.5181968
2026-10-06 16:23:50,no_kick_34.mp4,7,0,160.76083,148.66296,171.66202,171.69597,3.2754693,2.480958
2026-10-06 16:23:50,no_kick_34.mp4,8,0,159.8979,144.95712,171.7094,173.49042,3.28407,2.4473016
2026-10-06 16:23:50,no_kick_34.mp4,9,0,160.59775,140.91614,171.17255,176.36928,3.2358527,2.49285
2026-10-06 16:23:50,no_kick_34.mp4,10,0,161.10431,143.57713,172.94928,173.53178,3.4613588,2.6638136
2026-10-06 16:23:50,no_kick_34.mp4,11,0,158.71231,137.92342,171.75656,179.00122,3.6247232,2.7244585
2026-10-06 16:23:50,no_kick_34.mp4,12,0,155.65753,134.21353,168.97893,175.48476,4.5313253,3.214835
2026-10-06 16:23:50,no_kick_34.mp4,13,0,152.12453,135.954,164.51195,176.33585,12.087226,8.139396
2026-10-06 16:23:50,no_kick_34.mp4,14,0,150.3177,149.01106,160.24849,177.69003,8.329684,6.1287766
2026-10-06 16:23:50,no_kick_34.mp4,15,0,147.89536,144.62755,153.04019,173.1862,6.55908,4.8904524
2026-10-06 16:23:50,no_kick_34.mp4,16,0,153.15381,149.94237,156.567,174.73027,4.581709,3.2519906
2026-10-06 16:23:50,no_kick_34.mp4,17,0,156.29565,145.66925,156.62863,170.82024,3.9865918,2.8154433
2026-10-06 16:23:50,no_kick_34.mp4,18,0,161.04152,139.92291,160.49452,170.60173,3.5391202,2.4521446
2026-10-06 16:23:50,no_kick_34.mp4,19,0,161.27022,139.30165,161.511,171.78232,3.4676402,2.411738
2026-10-06 16:23:50,no_kick_34.mp4,20,0,161.90793,141.91382,162.15858,174.68826,3.365681,2.433272
2026-10-06 16:23:50,no_kick_34.mp4,21,0,161.27666,141.96701,162.59229,175.91663,3.3871672,2.4732022
2026-10-06 16:23:50,no_kick_34.mp4,22,0,162.11653,134.1791,168.66946,174.63164,3.6617045,2.5012527
2026-10-06 16:23:50,no_kick_34.mp4,23,0,158.97353,138.69284,162.75098,174.11789,3.4502976,2.5428352
2026-10-06 16:23:50,no_kick_34.mp4,24,0,156.8137,134.50677,159.64409,171.40094,3.3981824,2.446127
2026-10-06 16:23:50,no_kick_34.mp4,25,0,154.24171,134.57019,158.26749,172.69307,3.703654,2.6634235
2026-10-06 16:23:50,no_kick_34.mp4,26,0,149.65187,132.87306,155.24225,173.91788,3.8065655,2.720575
2026-10-06 16:23:50,no_kick_34.mp4,27,0,150.16623,138.06474,154.96638,177.76532,5.386932,3.9977946
2026-10-06 16:23:50,no_kick_34.mp4,28,0,152.95715,149.81088,159.25165,172.5049,12.266073,8.668944
2026-10-06 16:23:50,no_kick_34.mp4,29,0,155.08221,152.97055,162.266,167.0946,14.252626,11.599372
2026-10-06 16:23:50,no_kick_34.mp4,30,0,155.65115,153.1032,163.92775,167.59642,7.0683484,5.497221
2026-10-06 16:23:50,no_kick_34.mp4,31,0,155.9551,152.81963,160.69704,167.00655,4.649827,3.8719149
2026-10-06 16:23:50,no_kick_34.mp4,32,0,155.67508,152.7504,159.94136,167.28111,3.7054148,3.1776085
2026-10-06 16:23:51,no_kick_34.mp4,33,0,156.35486,154.10129,159.62764,165.19373,3.3959336,2.9467907
2026-10-06 16:23:51,no_kick_34.mp4,34,0,152.35329,157.18619,160.61671,161.14166,3.3169708,2.846597
2026-10-06 16:23:51,no_kick_34.mp4,35,0,154.10213,158.42673,163.14806,159.92618,3.2796223,2.7299218
2026-10-06 16:23:51,no_kick_34.mp4,36,0,154.22504,159.90518,164.66797,157.54883,3.4312124,2.73134
2026-10-06 16:23:51,no_kick_34.mp4,37,0,155.69846,158.47423,165.30664,160.2782,3.4900382,2.727503
2026-10-06 16:23:51,no_kick_34.mp4,38,0,156.05109,155.71585,165.85081,161.73462,3.4480457,2.626345
2026-10-06 16:23:51,no_kick_34.mp4,39,0,156.14178,154.54681,165.44408,162.22455,3.3439212,2.5602026
2026-10-06 16:23:51,no_kick_34.mp4,40,0,156.08075,155.58064,164.32469,162.63554,3.357052,2.5881581
2026-10-06 16:23:51,no_kick_34.mp4,41,0,156.07025,154.73836,162.79295,164.01833,3.303781,2.5868027
2026-10-06 16:23:51,no_kick_34.mp4,42,0,157.28075,154.79869,162.89842,164.65996,3.3196995,2.629404
2026-10-06 16:23:51,no_kick_34.mp4,43,0,156.9995,152.20572,161.36748,167.62994,3.2947915,2.6096427
2026-10-06 16:23:51,no_kick_34.mp4,44,0,158.23712,153.45564,161.44589,166.71042,3.2392693,2.5665781
2026-10-06 16:23:51,no_kick_34.mp4,45,0,159.65628,156.35527,161.24042,167.04114,3.3480806,2.662921
2026-10-06 16:23:51,no_kick_34.mp4,46,0,161.38742,156.11841,162.34428,169.3501,3.7229254,2.7120535
2026-10-06 16:23:51,no_kick_34.mp4,47,0,164.59007,164.18066,163.77962,163.44597,3.5025835,2.7972002
2026-10-06 16:23:51,no_kick_34.mp4,48,0,165.5589,163.63832,166.03049,165.52379,3.881241,2.86145
2026-10-06 16:23:51,no_kick_34.mp4,49,0,168.616,168.43988,165.81142,159.66647,3.7599754,3.06426
2026-10-06 16:23:51,no_kick_34.mp4,50,0,169.26144,169.07758,166.06387,159.61679,3.8757055,3.1382833
2026-10-06 16:23:51,no_kick_34.mp4,51,0,170.06548,167.45818,165.29053,162.01031,4.027453,3.262474
2026-10-06 16:23:51,no_kick_34.mp4,52,0,165.52856,165.11343,165.68907,166.78485,4.6994157,3.4438326
2026-10-06 16:23:51,no_kick_34.mp4,53,0,163.49254,164.55376,165.38527,166.1965,5.301869,3.9503052
2026-10-06 16:23:51,no_kick_34.mp4,54,0,162.97221,164.4322,164.40723,166.19398,6.175517,4.723753
2026-10-06 16:23:51,no_kick_34.mp4,55,0,161.10678,159.67958,160.79697,170.04886,6.846049,5.322097
2026-10-06 16:23:51,no_kick_34.mp4,56,0,160.33751,157.05858,157.98045,172.64336,8.3990345,6.6345305
2026-10-06 16:23:51,no_kick_35.mp4,1,0,164.75798,171.0074,172.05946,174.56616,14.294026,13.924473
2026-10-06 16:23:51,no_kick_35.mp4,2,0,164.4972,169.34555,171.80142,173.93077,18.44996,18.392609
2026-10-06 16:23:51,no_kick_35.mp4,3,0,168.25186,172.39845,178.26944,179.79156,34.19534,34.551117
2026-10-06 16:23:51,no_kick_35.mp4,4,0,169.0953,168.469,177.25047,178.43564,15.61856,15.374494
2026-10-06 16:23:51,no_kick_35.mp4,5,0,169.50931,169.82048,179.57802,179.27881,11.941524,11.977682
2026-10-06 16:23:51,no_kick_35.mp4,6,0,169.25458,169.95262,179.5515,180.0,7.026214,7.1158457
2026-10-06 16:23:51,no_kick_35.mp4,7,0,172.83313,163.12216,176.29181,169.3277,4.8031793,4.7595115
2026-10-06 16:23:52,no_kick_35.mp4,8,0,173.2328,166.0654,177.12015,171.83618,4.8915076,4.8152323
2026-10-06 16:23:52,no_kick_35.mp4,9,0,171.68578,165.66338,179.5244,174.47997,5.5851765,5.46175
2026-10-06 16:23:52,no_kick_35.mp4,10,0,170.53107,170.31302,177.95856,178.14616,6.6239085,6.5698457
2026-10-06 16:23:52,no_kick_35.mp4,11,0,169.59631,163.5825,178.82495,176.59912,12.3839245,11.74092
2026-10-06 16:23:52,no_kick_35.mp4,12,0,167.29143,165.36214,177.67358,175.4859,24.77711,23.679585
2026-10-06 16:23:52,no_kick_35.mp4,13,0,164.05005,164.84227,172.58542,172.73949,18.377012,17.076706
2026-10-06 16:23:52,no_kick_35.mp4,14,0,167.46362,172.27771,170.28682,174.07272,35.65725,33.30301
2026-10-06 16:23:52,no_kick_35.mp4,15,0,165.31618,172.10765,173.874,176.63844,29.01223,26.111492
2026-10-06 16:23:52,no_kick_35.mp4,16,0,169.01486,170.22998,177.93758,176.08807,12.774675,11.263568
2026-10-06 16:23:52,no_kick_35.mp4,17,0,168.56964,172.16656,173.6496,175.75262,20.377916,18.328218
2026-10-06 16:23:52,no_kick_35.mp4,18,0,163.33853,169.49016,172.3338,175.73946,29.296146,26.584736
2026-10-06 16:23:52,no_kick_35.mp4,19,0,166.10487,169.78711,175.10905,178.32005,20.69039,19.051207
2026-10-06 16:23:52,no_kick_35.mp4,20,0,165.90878,170.33229,176.58154,179.59747,24.595293,24.155874
2026-10-06 16:23:52,no_kick_35.mp4,21,0,169.41757,168.44385,178.9246,179.28671,25.94327,25.229027
2026-10-06 16:23:52,no_kick_35.mp4,22,0,167.44212,167.08165,176.74033,176.9969,24.578686,24.392134
2026-10-06 16:23:52,no_kick_35.mp4,23,0,172.2798,171.2961,178.296,178.11082,15.012927,15.140422
2026-10-06 16:23:52,no_kick_35.mp4,24,0,172.72797,168.62791,178.74539,175.90982,9.383702,9.248751
2026-10-06 16:23:52,no_kick_35.mp4,25,0,170.7075,170.34187,175.54904,176.60217,7.3473735,7.5139937
2026-10-06 16:23:52,no_kick_35.mp4,26,0,175.22902,169.23088,173.01167,171.59311,5.7255497,5.8648863
2026-10-06 16:23:52,no_kick_35.mp4,27,0,175.52568,170.8208,171.11618,170.88795,6.0234566,6.213693
2026-10-06 16:23:52,no_kick_35.mp4,28,0,173.7116,170.76201,174.08844,174.47443,7.153552,7.3030047
2026-10-06 16:23:52,no_kick_35.mp4,29,0,173.31137,174.44284,179.83098,178.06224,8.064254,8.106245
2026-10-06 16:23:52,no_kick_35.mp4,30,0,171.23851,170.55055,177.30579,178.06537,15.080969,15.037404
2026-10-06 16:23:52,no_kick_35.mp4,31,0,167.11028,172.6597,177.56763,179.60632,22.886633,22.45423
2026-10-06 16:23:52,no_kick_35.mp4,32,0,168.6983,168.1934,176.40604,176.64952,24.875788,23.77344
2026-10-06 16:23:52,no_kick_35.mp4,33,0,170.009,174.6469,175.30768,178.52275,16.25373,15.671009
2026-10-06 16:23:52,no_kick_35.mp4,34,0,171.24294,176.14928,173.6749,177.47183,33.182796,30.516321
2026-10-06 16:23:52,no_kick_35.mp4,35,0,171.0196,177.64066,176.65472,179.67015,54.635933,48.932407
2026-10-06 16:23:52,no_kick_35.mp4,36,0,172.61716,177.48633,177.07503,179.49835,26.950655,24.156582
2026-10-06 16:23:52,no_kick_35.mp4,37,0,166.45793,172.82085,175.09618,176.8348,21.470291,19.310295
2026-10-06 16:23:52,no_kick_35.mp4,38,0,167.24333,175.75508,176.22705,179.8264,25.219742,24.120838
2026-10-06 16:23:52,no_kick_35.mp4,39,0,166.9608,174.08707,174.61168,178.03128,22.294092,21.960014
2026-10-06 16:23:52,no_kick_35.mp4,40,0,168.25558,170.18413,174.1794,176.07574,29.13355,28.525772
2026-10-06 16:23:53,no_kick_35.mp4,41,0,172.78003,176.76274,178.53726,176.05324,22.199263,21.939734
2026-10-06 16:23:53,no_kick_35.mp4,42,0,171.02284,174.11507,178.95563,176.99495,17.831205,17.687181
2026-10-06 16:23:53,no_kick_35.mp4,43,0,173.38692,169.21898,179.70392,178.98085,17.541224,17.535273
2026-10-06 16:23:53,no_kick_35.mp4,44,0,177.48238,170.8622,177.24721,178.72604,12.211591,12.529262
2026-10-06 16:23:53,no_kick_35.mp4,45,0,171.62779,171.12395,176.95468,176.68842,9.628688,9.588026
2026-10-06 16:23:53,no_kick_35.mp4,46,0,174.23285,173.59013,177.51564,178.03854,6.497561,6.700758
2026-10-06 16:23:53,no_kick_35.mp4,47,0,177.65372,173.69724,178.30891,177.7945,5.317591,5.538879
2026-10-06 16:23:53,no_kick_35.mp4,48,0,179.3611,174.67023,178.46327,177.76085,5.1635003,5.3510885
2026-10-06 16:23:53,no_kick_35.mp4,49,0,179.10757,174.88013,177.95876,179.29584,5.4558916,5.5894485
2026-10-06 16:23:53,no_kick_35.mp4,50,0,179.14568,174.7886,179.11662,179.66957,5.3313546,5.5386205
2026-10-06 16:23:53,no_kick_35.mp4,51,0,176.93451,174.20575,177.73936,177.56947,6.5099897,6.5002317
2026-10-06 16:23:53,no_kick_35.mp4,52,0,175.95639,172.55128,178.41193,178.68684,7.2825623,7.419863
2026-10-06 16:23:53,no_kick_35.mp4,53,0,176.11748,172.11725,177.62018,178.27841,8.691759,8.602284
2026-10-06 16:23:53,no_kick_35.mp4,54,0,176.48463,172.59166,179.14453,179.44221,9.019931,9.060118
2026-10-06 16:23:53,no_kick_35.mp4,55,0,176.04947,174.53632,177.32115,177.53844,10.505764,10.360509
2026-10-06 16:23:53,no_kick_35.mp4,56,0,175.78288,179.79251,176.51085,173.93169,10.810916,10.69326
2026-10-06 16:23:53,no_kick_35.mp4,57,0,175.13135,175.43561,177.21785,176.8686,12.644633,12.312223
2026-10-06 16:23:53,no_kick_35.mp4,58,0,173.12509,179.58788,177.81339,174.31178,13.487561,13.311628
2026-10-06 16:23:53,no_kick_35.mp4,59,0,172.80289,175.5767,179.92087,178.76312,19.624376,18.832195
2026-10-06 16:23:53,no_kick_35.mp4,60,0,170.10786,174.17102,176.87964,179.3076,20.81413,19.97396
2026-10-06 16:23:53,no_kick_35.mp4,61,0,166.54317,173.75925,173.7853,177.96904,22.338017,21.524893
2026-10-06 16:23:53,no_kick_35.mp4,62,0,167.23004,175.756,173.8348,178.68611,20.062784,19.09013
2026-10-06 16:23:53,no_kick_35.mp4,63,0,167.4332,174.24115,173.54407,178.46672,21.003714,19.638033
2026-10-06 16:23:53,no_kick_35.mp4,64,0,165.61948,174.74628,173.58533,178.01239,36.098843,34.05592
2026-10-06 16:23:53,no_kick_35.mp4,65,0,167.68167,176.17749,177.01192,178.28056,31.916931,29.65429
2026-10-06 16:23:53,no_kick_35.mp4,66,0,164.98346,173.0699,175.47289,179.75055,39.1752,36.927002
2026-10-06 16:23:53,no_kick_36.mp4,1,0,143.21613,155.43497,143.3783,170.22472,6.0008245,5.252539
2026-10-06 16:23:53,no_kick_36.mp4,2,0,135.49925,152.54199,135.26263,168.16649,5.810553,5.368951
2026-10-06 16:23:53,no_kick_36.mp4,3,0,142.92319,166.59148,137.66853,178.73157,6.6050186,6.3394737
2026-10-06 16:23:53,no_kick_36.mp4,4,0,151.30263,179.5007,139.21928,174.14366,6.452381,6.171744
2026-10-06 16:23:53,no_kick_36.mp4,5,0,158.81133,173.55115,141.2243,168.83548,9.659139,9.452554
2026-10-06 16:23:54,no_kick_36.mp4,6,0,154.01558,175.19983,144.72606,167.09116,8.674017,8.615644
2026-10-06 16:23:54,no_kick_36.mp4,7,0,154.42793,177.07677,146.58104,167.0459,9.487507,8.958658
2026-10-06 16:23:54,no_kick_36.mp4,8,0,153.94489,177.97308,151.35974,160.00682,9.537157,9.013217
2026-10-06 16:23:54,no_kick_36.mp4,9,0,153.52368,177.11723,148.0466,163.33438,7.607465,7.125854
2026-10-06 16:23:54,no_kick_36.mp4,10,0,145.48744,167.41634,149.62495,164.73619,6.0778127,5.8008313
2026-10-06 16:23:54,no_kick_36.mp4,11,0,143.41426,162.19934,150.30893,167.25594,5.602446,5.137094
2026-10-06 16:23:54,no_kick_36.mp4,12,0,137.67401,147.2013,142.46605,176.93222,4.46738,3.8964925
2026-10-06 16:23:54,no_kick_36.mp4,13,0,132.63043,138.0812,137.79646,176.18314,4.434755,3.6488264
2026-10-06 16:23:54,no_kick_36.mp4,14,0,131.32263,139.48372,136.9347,177.2994,4.896604,4.0679874
2026-10-06 16:23:54,no_kick_36.mp4,15,0,135.28706,142.78845,140.90067,177.35136,4.5958385,4.2505174
2026-10-06 16:23:54,no_kick_36.mp4,16,0,142.82115,155.96594,138.4336,176.5289,5.9876285,5.4921856
2026-10-06 16:23:54,no_kick_36.mp4,17,0,141.70432,167.00256,142.6515,169.95662,6.6563234,6.6199365
2026-10-06 16:23:54,no_kick_36.mp4,18,0,147.62694,154.1367,128.96481,154.15617,4.9359927,4.6371784
2026-10-06 16:23:54,no_kick_36.mp4,19,0,144.28807,167.77325,141.3279,171.91225,9.02175,8.510176
2026-10-06 16:23:54,no_kick_36.mp4,20,0,143.18153,168.45375,141.51971,174.93987,8.29073,7.736994
2026-10-06 16:23:54,no_kick_36.mp4,21,0,147.39629,169.11107,143.63672,175.02086,8.005839,7.264281
2026-10-06 16:23:54,no_kick_36.mp4,22,0,145.4332,173.4313,148.03482,166.9376,7.723035,6.917652
2026-10-06 16:23:54,no_kick_36.mp4,23,0,145.42249,156.75174,146.79787,175.80972,5.1143026,4.475122
2026-10-06 16:23:54,no_kick_36.mp4,24,0,148.88959,152.9298,149.0297,173.8226,5.1661158,4.468777
2026-10-06 16:23:54,no_kick_36.mp4,25,0,152.19272,149.76393,150.9375,173.8136,5.4284925,4.591123
2026-10-06 16:23:54,no_kick_36.mp4,26,0,154.47424,148.77147,151.6797,172.69832,5.294611,4.4271884
2026-10-06 16:23:54,no_kick_36.mp4,27,0,155.7594,147.95631,153.1289,172.7333,4.736716,3.8497005
2026-10-06 16:23:54,no_kick_36.mp4,28,0,152.31621,152.27061,153.11795,169.31946,4.7187448,4.127221
2026-10-06 16:23:54,no_kick_36.mp4,29,0,145.15155,148.95554,148.11371,172.75943,4.148173,3.7862623
2026-10-06 16:23:54,no_kick_36.mp4,30,0,139.80301,153.19948,146.50453,169.34822,4.1552143,4.118572
2026-10-06 16:23:54,no_kick_36.mp4,31,0,140.68953,159.89104,145.75775,161.81726,3.93424,4.0255013
2026-10-06 16:23:54,no_kick_36.mp4,32,0,144.27711,162.87067,143.82292,162.6795,3.47065,3.466734
2026-10-06 16:23:54,no_kick_36.mp4,33,0,151.19662,155.83191,144.01178,169.68777,3.256574,2.94858
2026-10-06 16:23:54,no_kick_36.mp4,34,0,157.48424,156.34235,149.27942,167.35457,3.4706757,2.983798
2026-10-06 16:23:54,no_kick_36.mp4,35,0,156.96637,153.2546,148.49287,169.75761,3.620592,2.9795403
2026-10-06 16:23:54,no_kick_36.mp4,36,0,161.49388,156.13452,151.63962,167.0262,3.738854,3.0613866
2026-10-06 16:23:54,no_kick_36.mp4,37,0,163.88092,155.52339,153.21242,167.89468,3.5736523,2.9826171
2026-10-06 16:23:55,no_kick_36.mp4,38,0,160.5767,163.5302,148.59966,169.07082,3.9528198,3.4729726
2026-10-06 16:23:55,no_kick_36.mp4,39,0,160.48161,169.82574,145.6243,168.83147,5.923367,5.207051
2026-10-06 16:23:55,no_kick_36.mp4,40,0,149.87598,170.1877,143.83344,170.28618,9.596771,9.054747
2026-10-06 16:23:55,no_kick_36.mp4,41,0,144.61734,176.13228,145.21252,165.65671,9.596286,9.820719
2026-10-06 16:23:55,no_kick_36.mp4,42,0,145.19579,173.38287,144.64018,170.87024,10.811479,11.178678
2026-10-06 16:23:55,no_kick_36.mp4,43,0,145.87602,161.60362,141.32178,177.60207,7.438303,7.0905533
2026-10-06 16:23:55,no_kick_36.mp4,44,0,143.85364,158.45647,142.2067,176.9913,8.419592,7.863096
2026-10-06 16:23:55,no_kick_36.mp4,45,0,137.3314,161.30704,142.03934,179.15604,7.142548,6.386075
2026-10-06 16:23:55,no_kick_36.mp4,46,0,140.28166,151.90366,140.04514,171.74422,4.804662,4.056745
2026-10-06 16:23:55,no_kick_36.mp4,47,0,144.88182,138.11115,141.56078,162.38719,4.1037893,3.0832608
2026-10-06 16:23:55,no_kick_36.mp4,48,0,143.35829,128.29005,142.10826,161.0515,4.2948074,3.1019168
2026-10-06 16:23:55,no_kick_36.mp4,49,0,145.41374,126.59435,143.26385,159.64928,5.1003675,3.618529
2026-10-06 16:23:55,no_kick_36.mp4,50,0,147.3915,128.91484,142.64703,157.49461,5.575722,3.9853168
2026-10-06 16:23:55,no_kick_36.mp4,51,0,154.44104,132.37692,147.32538,160.23137,5.5600576,3.80874
2026-10-06 16:23:55,no_kick_36.mp4,52,0,156.6933,139.23305,146.41179,164.19415,5.2110696,3.8360791
2026-10-06 16:23:55,no_kick_36.mp4,53,0,157.47975,145.17015,146.6527,170.42163,4.9664226,4.1160474
2026-10-06 16:23:55,no_kick_36.mp4,54,0,162.29921,156.83707,150.41634,179.5244,5.661991,4.746139
2026-10-06 16:23:55,no_kick_36.mp4,55,0,158.78136,155.39912,149.31952,177.09377,8.086736,7.0218353
2026-10-06 16:23:55,no_kick_36.mp4,56,0,152.62361,150.81264,144.52191,168.44589,7.3171825,6.1883283
2026-10-06 16:23:55,no_kick_36.mp4,57,0,151.01279,151.83238,146.88448,169.95976,9.688633,8.287244
2026-10-06 16:23:55,no_kick_36.mp4,58,0,143.56993,147.87894,148.3027,168.70984,10.998185,9.646797
2026-10-06 16:23:55,no_kick_36.mp4,59,0,146.17184,150.25957,154.05492,170.35626,9.535088,8.056959
2026-10-06 16:23:55,no_kick_36.mp4,60,0,144.79681,148.17975,154.23882,167.84462,9.171458,7.9191904
2026-10-06 16:23:55,no_kick_36.mp4,61,0,143.38686,148.72333,157.8274,169.03552,9.064532,8.789997
2026-10-06 16:23:55,no_kick_36.mp4,62,0,146.78473,152.00755,161.63159,169.66318,8.462839,8.2783375
2026-10-06 16:23:55,no_kick_36.mp4,63,0,149.73715,155.27698,164.74501,170.86423,10.749598,10.575441
2026-10-06 16:23:55,no_kick_36.mp4,64,0,153.48871,160.79659,168.16075,172.90614,10.962644,10.5639925
2026-10-06 16:23:55,no_kick_36.mp4,65,0,157.71188,165.85529,171.41753,175.01398,16.72082,16.550848
2026-10-06 16:23:55,no_kick_36.mp4,66,0,155.58366,165.31627,171.55896,175.74715,33.956085,33.39734
2026-10-06 16:23:55,no_kick_36.mp4,67,0,150.09767,159.6008,167.19064,173.27663,26.986366,25.015268
2026-10-06 16:23:55,no_kick_36.mp4,68,0,154.14436,158.78676,167.44377,176.58504,35.979042,31.439991
2026-10-06 16:23:55,no_kick_36.mp4,69,0,152.7715,156.97173,167.65193,179.25742,31.825525,27.48255
2026-10-06 16:23:55,no_kick_36.mp4,70,0,152.91743,155.6274,166.34099,178.76503,28.870861,25.309233
2026-10-06 16:23:56,no_kick_36.mp4,71,0,154.82855,155.19278,166.00516,179.7561,27.78369,24.885807
2026-10-06 16:23:56,no_kick_36.mp4,72,0,153.74962,154.21176,163.95459,178.11165,19.528646,17.712988
2026-10-06 16:23:56,no_kick_36.mp4,73,0,153.0511,157.522,162.32529,176.00163,25.356062,24.279707
2026-10-06 16:23:56,no_kick_36.mp4,74,0,150.46472,163.03094,159.16263,174.74586,43.697506,44.980396
2026-10-06 16:23:56,no_kick_36.mp4,75,0,149.96573,164.21007,155.06815,176.17259,43.076115,44.026043
2026-10-06 16:23:56,no_kick_37.mp4,1,0,151.99574,170.72232,135.43561,175.55255,6.4179,6.0009575
2026-10-06 16:23:56,no_kick_37.mp4,2,0,149.27805,171.82388,134.40794,173.5867,7.048735,6.733114
2026-10-06 16:23:56,no_kick_37.mp4,3,0,150.92062,173.51276,135.80887,170.03745,5.62391,5.3543224
2026-10-06 16:23:56,no_kick_37.mp4,4,0,149.72429,175.55353,137.36967,168.59709,4.652594,4.3767905
2026-10-06 16:23:56,no_kick_37.mp4,5,0,153.9031,169.6569,141.98172,167.67102,3.9624383,3.7124639
2026-10-06 16:23:56,no_kick_37.mp4,6,0,162.0016,170.97781,147.52284,164.04103,3.5045102,3.3611135
2026-10-06 16:23:56,no_kick_37.mp4,7,0,170.10136,166.27,153.46614,163.4743,3.443766,3.1432571
2026-10-06 16:23:56,no_kick_37.mp4,8,0,168.84163,158.27396,151.94522,170.32916,3.3436573,2.8109882
2026-10-06 16:23:56,no_kick_37.mp4,9,0,169.20969,160.43585,145.41357,174.51115,4.2728467,3.3273942
2026-10-06 16:23:56,no_kick_37.mp4,10,0,170.39517,164.09271,147.1687,168.20575,4.078411,3.3282998
2026-10-06 16:23:56,no_kick_37.mp4,11,0,170.89699,162.00595,146.28543,168.30902,3.738257,3.0301864
2026-10-06 16:23:56,no_kick_37.mp4,12,0,169.28017,165.83772,147.62578,163.52048,3.2636864,2.9026818
2026-10-06 16:23:56,no_kick_37.mp4,13,0,164.27399,168.90536,148.72304,159.2461,3.2245963,3.1780965
2026-10-06 16:23:56,no_kick_37.mp4,14,0,158.48659,170.23196,143.17708,163.96378,3.7265594,3.8691175
2026-10-06 16:23:56,no_kick_37.mp4,15,0,160.16643,171.2426,142.60239,170.67252,4.5663614,4.633524
2026-10-06 16:23:56,no_kick_37.mp4,16,0,163.1284,176.99007,142.35101,169.99144,7.3730674,7.435746
2026-10-06 16:23:56,no_kick_37.mp4,17,0,156.77948,174.9941,136.2129,173.9161,7.6327915,7.511009
2026-10-06 16:23:56,no_kick_37.mp4,18,0,152.36835,171.03357,133.23273,176.89523,7.509223,7.3629847
2026-10-06 16:23:56,no_kick_37.mp4,19,0,156.00845,179.26671,132.48279,174.1212,11.911253,12.05786
2026-10-06 16:23:56,no_kick_37.mp4,20,0,156.88689,176.02156,134.98914,170.6027,12.603989,12.682452
2026-10-06 16:23:56,no_kick_37.mp4,21,0,148.24065,176.74063,132.84189,176.94885,10.537464,9.957798
2026-10-06 16:23:56,no_kick_37.mp4,22,0,145.32874,169.83664,130.5424,179.86295,7.9266853,7.1837583
2026-10-06 16:23:56,no_kick_37.mp4,23,0,147.28885,169.9914,135.43634,173.45755,8.3118,8.128918
2026-10-06 16:23:56,no_kick_37.mp4,24,0,145.1076,168.60242,132.76866,174.75378,4.253853,4.0440264
2026-10-06 16:23:56,no_kick_37.mp4,25,0,153.36002,166.20686,140.70712,168.32703,2.8894453,2.894006
2026-10-06 16:23:56,no_kick_37.mp4,26,0,162.99687,165.22946,147.81424,164.848,2.9866805,2.7283676
2026-10-06 16:23:57,no_kick_37.mp4,27,0,163.3176,159.0417,143.33783,176.09766,3.3305414,2.8140888
2026-10-06 16:23:57,no_kick_37.mp4,28,0,159.69218,153.10336,138.99106,176.92705,3.318211,2.716646
2026-10-06 16:23:57,no_kick_37.mp4,29,0,159.58795,154.61769,137.33015,177.83237,3.2809834,2.8255112
2026-10-06 16:23:57,no_kick_37.mp4,30,0,157.39288,169.3282,132.72238,179.11353,3.459522,3.1922858
2026-10-06 16:23:57,no_kick_37.mp4,31,0,163.8169,168.54385,137.20972,178.44052,3.8634737,3.866152
2026-10-06 16:23:57,no_kick_37.mp4,32,0,155.25253,168.48523,131.78447,177.67517,8.69387,8.703437
2026-10-06 16:23:57,no_kick_37.mp4,33,0,158.7564,175.4455,133.5978,179.01582,7.872,8.095429
2026-10-06 16:23:57,no_kick_37.mp4,34,0,156.08441,176.83064,131.89189,179.81868,10.402304,10.798947
2026-10-06 16:23:57,no_kick_37.mp4,35,0,153.66959,177.52914,130.94667,179.65564,21.921074,23.71924
2026-10-06 16:23:57,no_kick_37.mp4,36,0,148.79065,174.4549,129.05907,179.9802,27.202532,29.365078
2026-10-06 16:23:57,no_kick_37.mp4,37,0,149.07481,171.23602,131.13197,179.0527,28.295656,31.027378
2026-10-06 16:23:57,no_kick_37.mp4,38,0,150.84984,169.79077,133.61934,177.77383,28.793741,31.043022
2026-10-06 16:23:57,no_kick_37.mp4,39,0,151.16148,163.32838,133.47179,179.55325,15.372476,15.558018
2026-10-06 16:23:57,no_kick_37.mp4,40,0,150.98322,163.41478,133.04744,179.38802,18.38556,18.169128
2026-10-06 16:23:57,no_kick_37.mp4,41,0,156.73955,162.42896,136.3573,179.46953,12.858817,12.635153
2026-10-06 16:23:57,no_kick_37.mp4,42,0,160.03972,162.6751,138.50677,178.93135,11.59871,11.08821
2026-10-06 16:23:57,no_kick_37.mp4,43,0,157.52061,160.34952,134.85284,173.26291,11.828102,10.6108265
2026-10-06 16:23:57,no_kick_37.mp4,44,0,155.71333,157.98274,135.29666,172.93677,8.472419,7.9272466
2026-10-06 16:23:57,no_kick_37.mp4,45,0,156.01662,159.12723,134.98936,173.42584,8.234682,7.6939154
2026-10-06 16:23:57,no_kick_37.mp4,46,0,157.84026,162.9201,132.73236,173.83186,9.319091,8.473622
2026-10-06 16:23:57,no_kick_37.mp4,47,0,153.1997,162.11478,130.77553,173.2354,8.203966,7.4347854
2026-10-06 16:23:57,no_kick_37.mp4,48,0,146.44829,160.76527,126.400375,168.64551,9.082309,8.143921
2026-10-06 16:23:57,no_kick_37.mp4,49,0,146.07924,161.61946,130.42918,172.96611,10.254605,9.295846
2026-10-06 16:23:57,no_kick_37.mp4,50,0,144.77863,160.26863,133.32433,174.38771,7.9695363,7.443277
2026-10-06 16:23:57,no_kick_37.mp4,51,0,149.62776,162.33476,142.02934,178.58017,6.550687,6.2038207
2026-10-06 16:23:57,no_kick_37.mp4,52,0,151.57927,162.57344,147.29344,179.05208,6.9875693,6.632004
2026-10-06 16:23:57,no_kick_37.mp4,53,0,153.9234,161.45238,152.03296,179.22746,6.374022,6.0461426
2026-10-06 16:23:57,no_kick_37.mp4,54,0,154.43677,159.7133,153.68756,178.31088,6.53363,6.1277213
2026-10-06 16:23:57,no_kick_37.mp4,55,0,153.49335,156.49931,155.41382,177.65355,6.6598945,6.216274
2026-10-06 16:23:57,no_kick_37.mp4,56,0,153.75732,157.20993,156.63458,179.26724,6.7362056,6.2946568
2026-10-06 16:23:57,no_kick_37.mp4,57,0,151.00108,158.5634,155.82137,179.70325,7.3364778,7.1241317
2026-10-06 16:23:58,no_kick_37.mp4,58,0,150.34795,159.65973,154.12807,178.78163,7.5914464,7.2866726
2026-10-06 16:23:58,no_kick_37.mp4,59,0,146.18396,159.74278,148.70204,179.68224,8.23711,7.9362197
2026-10-06 16:23:58,no_kick_37.mp4,60,0,136.03368,150.58081,143.3753,175.128,7.7350264,7.8172274
2026-10-06 16:23:58,no_kick_37.mp4,61,0,141.99025,155.40523,143.87044,178.54962,6.987414,6.8432126
2026-10-06 16:23:58,no_kick_37.mp4,62,0,147.10783,159.31674,147.54488,177.44609,6.966664,6.6642528
2026-10-06 16:23:58,no_kick_37.mp4,63,0,152.68349,166.71114,146.27869,175.36497,8.968947,8.317418
2026-10-06 16:23:58,no_kick_37.mp4,64,0,158.32652,169.46228,153.51831,169.94572,11.16375,10.14405
2026-10-06 16:23:58,no_kick_37.mp4,65,0,152.67955,159.90982,151.90456,175.53874,9.248063,8.313262
2026-10-06 16:23:58,no_kick_37.mp4,66,0,147.80566,154.98514,152.61728,177.05382,9.280901,8.3139105
2026-10-06 16:23:58,no_kick_37.mp4,67,0,146.46121,152.49892,151.71678,178.02403,11.926917,10.331791
2026-10-06 16:23:58,no_kick_37.mp4,68,0,148.60411,156.74133,156.25595,175.7312,9.423578,8.06106
2026-10-06 16:23:58,no_kick_37.mp4,69,0,149.5817,160.00632,155.5083,177.68988,9.747489,9.0850315
2026-10-06 16:23:58,no_kick_37.mp4,70,0,146.23254,152.6623,150.45618,171.95946,11.115216,9.627988
2026-10-06 16:23:58,no_kick_37.mp4,71,0,150.78867,157.9158,151.61478,170.84615,9.388501,8.234888
2026-10-06 16:23:58,no_kick_37.mp4,72,0,153.82683,158.90121,151.75926,167.98099,8.8040085,7.8085756
2026-10-06 16:23:58,no_kick_37.mp4,73,0,156.88441,163.23245,154.55069,168.98248,8.214796,7.3442364
2026-10-06 16:23:58,no_kick_37.mp4,74,0,155.63022,165.82834,154.98865,167.31725,8.340016,7.9126663
2026-10-06 16:23:58,no_kick_37.mp4,75,0,157.48398,167.64044,157.337,167.50125,8.60125,8.132371
2026-10-06 16:23:58,no_kick_37.mp4,76,0,157.95296,166.89536,159.56227,166.53459,8.765613,8.4083805
2026-10-06 16:23:58,no_kick_37.mp4,77,0,160.94513,167.84909,161.43188,166.9817,9.236305,8.619915
2026-10-06 16:23:58,no_kick_37.mp4,78,0,158.88326,167.10649,161.58916,166.74402,10.238897,9.8067
2026-10-06 16:23:58,no_kick_37.mp4,79,0,155.4413,164.56546,160.7966,166.19473,13.387217,12.880099
2026-10-06 16:23:58,no_kick_37.mp4,80,0,151.80064,163.85155,160.24825,165.97343,16.088404,15.635273
2026-10-06 16:23:58,no_kick_37.mp4,81,0,151.26936,158.80646,161.55757,164.6644,32.426273,31.93368
2026-10-06 16:23:58,no_kick_37.mp4,82,0,152.23618,161.11485,167.66397,171.48141,36.16894,36.213135
2026-10-06 16:23:58,no_kick_37.mp4,83,0,151.65198,162.02466,168.96788,172.40791,29.405294,29.352146
2026-10-06 16:23:58,no_kick_37.mp4,84,0,148.2215,157.45912,166.9689,169.70348,26.140438,26.013153
2026-10-06 16:23:58,no_kick_4.mp4,1,0,147.25392,142.13213,167.42311,152.24585,2.659271,2.3683336
2026-10-06 16:23:58,no_kick_4.mp4,2,0,147.6545,140.38942,168.28476,150.27637,2.6458266,2.4233482
2026-10-06 16:23:58,no_kick_4.mp4,3,0,150.4129,146.09348,166.61543,152.0013,2.6442897,2.3810906
2026-10-06 16:23:58,no_kick_4.mp4,4,0,153.37158,150.10376,164.85283,154.57257,2.6572466,2.451551
2026-10-06 16:23:58,no_kick_4.mp4,5,0,163.0784,157.8741,159.49527,158.81992,2.6952467,2.4970393
2026-10-06 16:23:58,no_kick_4.mp4,6,0,163.64697,161.45892,159.09195,160.58046,2.732615,2.6023018
2026-10-06 16:23:59,no_kick_4.mp4,7,0,164.52437,161.26785,159.20824,160.32597,2.7302833,2.6477988
2026-10-06 16:23:59,no_kick_4.mp4,8,0,166.1608,164.00346,159.47961,160.61258,2.7819018,2.7044222
2026-10-06 16:23:59,no_kick_4.mp4,9,0,165.56886,168.47278,158.48032,163.56416,2.8416138,2.829675
2026-10-06 16:23:59,no_kick_4.mp4,10,0,165.50778,164.73499,159.58603,159.07031,2.8305585,2.8768282
2026-10-06 16:23:59,no_kick_4.mp4,11,0,165.28812,166.80688,159.14415,160.50212,2.8025978,2.8951907
2026-10-06 16:23:59,no_kick_4.mp4,12,0,161.96596,168.87752,160.85474,160.83362,2.7562556,2.8408353
2026-10-06 16:23:59,no_kick_4.mp4,13,0,162.91588,168.37805,160.36055,160.73312,2.6882274,2.7895472
2026-10-06 16:23:59,no_kick_4.mp4,14,0,162.369,168.40695,162.62105,159.48093,2.7003639,2.8106017
2026-10-06 16:23:59,no_kick_4.mp4,15,0,162.9696,164.79195,166.13387,154.64409,2.6548526,2.761943
2026-10-06 16:23:59,no_kick_4.mp4,16,0,165.43231,166.29709,164.83092,155.54851,2.626495,2.7003515
2026-10-06 16:23:59,no_kick_4.mp4,17,0,163.93091,164.70552,166.42195,154.62743,2.60345,2.6776257
2026-10-06 16:23:59,no_kick_4.mp4,18,0,166.11627,165.81587,165.54956,156.31226,2.5978665,2.692345
2026-10-06 16:23:59,no_kick_4.mp4,19,0,165.84523,165.3501,165.6037,157.15448,2.6434407,2.7171109
2026-10-06 16:23:59,no_kick_4.mp4,20,0,165.33936,164.6906,166.33443,157.4891,2.6663632,2.7588463
2026-10-06 16:23:59,no_kick_4.mp4,21,0,165.58762,163.14822,166.92809,157.47723,2.718728,2.8601615
2026-10-06 16:23:59,no_kick_4.mp4,22,0,163.58737,160.01622,168.2286,156.96791,2.7628183,2.8824532
2026-10-06 16:23:59,no_kick_4.mp4,23,0,161.15388,157.92424,169.32925,157.65273,2.80239,2.882274
2026-10-06 16:23:59,no_kick_4.mp4,24,0,160.36932,158.41699,169.84734,157.74089,2.8590302,2.918859
2026-10-06 16:23:59,no_kick_4.mp4,25,0,160.55704,159.63445,169.30121,158.01295,2.8758419,2.9640155
2026-10-06 16:23:59,no_kick_4.mp4,26,0,161.10806,160.91771,168.77701,158.50429,2.907931,2.9793036
2026-10-06 16:23:59,no_kick_4.mp4,27,0,159.53087,157.74477,170.25069,156.4071,2.886892,2.9318287
2026-10-06 16:23:59,no_kick_4.mp4,28,0,163.0911,157.1432,168.72885,155.46437,2.8726408,2.9131444
2026-10-06 16:23:59,no_kick_4.mp4,29,0,162.77397,155.06535,169.22409,153.96086,2.825894,2.8442752
2026-10-06 16:23:59,no_kick_4.mp4,30,0,158.00531,152.19788,171.6818,153.0453,2.8560872,2.8463335
2026-10-06 16:23:59,no_kick_4.mp4,31,0,162.22029,153.28601,169.51501,152.84044,2.8045144,2.81663
2026-10-06 16:23:59,no_kick_4.mp4,32,0,159.1706,152.96893,172.12578,151.96895,2.8621042,2.8275352
2026-10-06 16:23:59,no_kick_4.mp4,33,0,161.45209,155.45908,171.444,152.32411,2.842585,2.7962804
2026-10-06 16:23:59,no_kick_4.mp4,34,0,166.14108,158.40768,169.2023,152.80365,2.8850167,2.8144662
2026-10-06 16:23:59,no_kick_4.mp4,35,0,161.14981,156.62126,171.19626,152.03784,2.88924,2.762599
2026-10-06 16:23:59,no_kick_4.mp4,36,0,161.27347,156.91154,170.28387,152.38956,2.870037,2.7332149
2026-10-06 16:23:59,no_kick_4.mp4,37,0,162.69946,156.40532,169.46048,151.47186,2.8174343,2.6694963
2026-10-06 16:23:59,no_kick_4.mp4,38,0,163.71196,154.72192,168.81555,150.39221,2.7804203,2.6433842
2026-10-06 16:23:59,no_kick_4.mp4,39,0,168.12804,158.52245,166.63664,151.93854,2.8173645,2.7393134
2026-10-06 16:24:00,no_kick_4.mp4,40,0,168.47966,160.82306,166.32349,152.7307,2.842085,2.7825663
2026-10-06 16:24:00,no_kick_4.mp4,41,0,164.39754,158.15033,168.68968,151.19684,2.8692472,2.8145406
2026-10-06 16:24:00,no_kick_4.mp4,42,0,164.07848,159.76688,168.75209,152.20322,2.8830655,2.848359
2026-10-06 16:24:00,no_kick_4.mp4,43,0,164.95091,161.86754,168.04541,153.723,2.8913097,2.8634243
2026-10-06 16:24:00,no_kick_4.mp4,44,0,165.807,161.07849,168.37393,153.3238,2.8865576,2.8618262
2026-10-06 16:24:00,no_kick_4.mp4,45,0,165.97331,159.28494,168.75903,152.68454,2.8793998,2.8709004
2026-10-06 16:24:00,no_kick_4.mp4,46,0,166.59322,159.94287,167.42514,154.15543,2.9053984,2.9076395
2026-10-06 16:24:00,no_kick_4.mp4,47,0,167.45529,160.99547,166.84361,155.07101,2.87558,2.8292117
2026-10-06 16:24:00,no_kick_4.mp4,48,0,167.37521,162.58116,166.02634,156.32248,2.8615546,2.8293235
2026-10-06 16:24:00,no_kick_4.mp4,49,0,166.89537,163.08994,165.50653,156.90414,2.849584,2.8484595
2026-10-06 16:24:00,no_kick_4.mp4,50,0,166.44916,161.69495,165.56982,157.29791,2.874347,2.877264
2026-10-06 16:24:00,no_kick_4.mp4,51,0,167.799,162.37361,164.55693,157.97102,2.9407477,2.9556494
2026-10-06 16:24:00,no_kick_4.mp4,52,0,167.83499,163.28816,163.94063,158.79211,2.9559808,2.970568
2026-10-06 16:24:00,no_kick_4.mp4,53,0,166.47559,163.07108,163.87312,159.02167,2.9392772,2.960772
2026-10-06 16:24:00,no_kick_4.mp4,54,0,165.21935,162.54398,164.4782,158.8599,2.921197,2.9486697
2026-10-06 16:24:00,no_kick_4.mp4,55,0,164.80096,162.12961,164.3262,159.03479,2.9218683,2.9550881
2026-10-06 16:24:00,no_kick_4.mp4,56,0,165.20526,162.8053,163.70187,159.62581,2.9392774,2.9617472
2026-10-06 16:24:00,no_kick_4.mp4,57,0,164.774,161.9011,164.09874,158.6955,2.9285672,2.9413397
2026-10-06 16:24:00,no_kick_4.mp4,58,0,165.32234,161.41228,164.21426,157.97931,2.9038866,2.902065
2026-10-06 16:24:00,no_kick_4.mp4,59,0,163.59752,162.40697,165.02664,157.88666,2.9083068,2.9124374
2026-10-06 16:24:00,no_kick_4.mp4,60,0,163.17038,160.05472,165.26253,156.74802,2.8888338,2.8999667
2026-10-06 16:24:00,no_kick_4.mp4,61,0,162.37045,159.69257,165.3701,156.33725,2.8966556,2.9353907
2026-10-06 16:24:00,no_kick_4.mp4,62,0,163.31776,160.85631,164.217,157.5955,2.899663,2.9149745
2026-10-06 16:24:00,no_kick_4.mp4,63,0,161.87125,160.56595,164.73738,157.84929,2.8782067,2.8953087
2026-10-06 16:24:00,no_kick_4.mp4,64,0,160.83241,160.29008,165.41016,157.6086,2.8785994,2.9071927
2026-10-06 16:24:00,no_kick_4.mp4,65,0,163.4706,165.79932,162.80923,160.87051,2.9014978,2.982632
2026-10-06 16:24:00,no_kick_4.mp4,66,0,159.5915,165.40044,164.13225,160.3494,2.9729524,3.0185719
2026-10-06 16:24:00,no_kick_4.mp4,67,0,158.98628,163.90302,164.29213,159.86134,2.9843667,2.9964726
2026-10-06 16:24:00,no_kick_4.mp4,68,0,162.24353,165.39192,163.46837,159.75728,2.9406931,2.941754
2026-10-06 16:24:00,no_kick_4.mp4,69,0,158.0963,161.45892,168.14343,155.75438,2.9374866,2.829912
2026-10-06 16:24:00,no_kick_4.mp4,70,0,154.5886,160.83105,170.26189,155.14822,2.91256,2.7845232
2026-10-06 16:24:00,no_kick_4.mp4,71,0,155.44653,163.96172,171.52438,155.57762,3.045604,2.8093028
2026-10-06 16:24:00,no_kick_4.mp4,72,0,159.04366,167.87886,173.2538,157.17845,3.0218391,2.7872636
2026-10-06 16:24:01,no_kick_4.mp4,73,0,157.74182,162.40714,175.86359,157.0393,3.2661555,2.9311454
2026-10-06 16:24:01,no_kick_4.mp4,74,0,161.04663,165.82616,176.6077,157.6531,3.4902058,3.2215743
2026-10-06 16:24:01,no_kick_4.mp4,75,0,155.82509,161.47377,178.84663,158.92671,3.7255182,3.459383
2026-10-06 16:24:01,no_kick_4.mp4,76,0,159.52872,158.45503,179.88295,157.03592,3.961525,3.5105107
2026-10-06 16:24:01,no_kick_5.mp4,1,0,151.3692,148.19337,158.50429,178.38165,8.000302,6.3462844
2026-10-06 16:24:01,no_kick_5.mp4,2,0,152.26973,145.93388,159.02217,179.11,7.790196,6.1466994
2026-10-06 16:24:01,no_kick_5.mp4,3,0,152.60414,146.00511,159.62598,179.5725,8.333255,6.612725
2026-10-06 16:24:01,no_kick_5.mp4,4,0,151.37971,139.52168,159.54352,175.41533,8.311908,6.5029693
2026-10-06 16:24:01,no_kick_5.mp4,5,0,151.72281,139.78508,159.14183,176.34065,7.4491634,5.932802
2026-10-06 16:24:01,no_kick_5.mp4,6,0,153.52167,144.65811,159.6167,178.09998,8.268715,6.7590947
2026-10-06 16:24:01,no_kick_5.mp4,7,0,156.3815,148.02783,160.30891,179.45105,8.843304,7.230515
2026-10-06 16:24:01,no_kick_5.mp4,8,0,159.02988,153.08244,160.6624,177.26146,8.976599,7.419333
2026-10-06 16:24:01,no_kick_5.mp4,9,0,162.38419,158.26051,161.3821,175.82378,9.291843,7.8507185
2026-10-06 16:24:01,no_kick_5.mp4,10,0,166.78905,162.88243,161.77292,175.46342,9.587351,8.218785
2026-10-06 16:24:01,no_kick_5.mp4,11,0,168.39813,169.4684,162.31493,172.27296,10.09673,8.602235
2026-10-06 16:24:01,no_kick_5.mp4,12,0,170.82877,172.833,163.73425,171.38647,9.877593,8.318483
2026-10-06 16:24:01,no_kick_5.mp4,13,0,171.08768,172.0203,163.13994,173.23482,9.603713,8.093417
2026-10-06 16:24:01,no_kick_5.mp4,14,0,168.27432,167.42464,162.58733,176.52052,8.400924,6.9555755
2026-10-06 16:24:01,no_kick_5.mp4,15,0,161.64204,165.27145,159.04356,179.70062,8.65638,7.7163105
2026-10-06 16:24:01,no_kick_5.mp4,16,0,159.66739,164.03197,161.20125,178.35265,8.580449,7.7659454
2026-10-06 16:24:01,no_kick_5.mp4,17,0,158.44753,161.67854,162.67345,176.81432,7.964439,7.2688475
2026-10-06 16:24:01,no_kick_5.mp4,18,0,158.0985,155.52196,164.69571,172.79619,6.572726,6.0593953
2026-10-06 16:24:01,no_kick_5.mp4,19,0,158.37439,155.02815,166.2162,170.45795,5.8248377,5.624872
2026-10-06 16:24:01,no_kick_5.mp4,20,0,157.54265,154.14046,167.8225,169.33276,5.398619,5.4503336
2026-10-06 16:24:01,no_kick_5.mp4,21,0,156.4238,153.44151,173.42062,174.31165,5.326368,5.3231583
2026-10-06 16:24:01,no_kick_5.mp4,22,0,156.57202,151.67047,176.31102,174.72827,5.2935295,5.233654
2026-10-06 16:24:01,no_kick_5.mp4,23,0,155.48218,146.22836,177.24408,172.20221,4.8628426,4.590921
2026-10-06 16:24:01,no_kick_5.mp4,24,0,159.2327,150.45251,179.7302,176.62483,4.989135,4.7863684
2026-10-06 16:24:01,no_kick_5.mp4,25,0,162.71748,151.38507,176.97171,177.16592,4.495133,4.1848855
2026-10-06 16:24:01,no_kick_5.mp4,26,0,163.44868,151.15004,176.76534,176.33044,4.405009,3.9856265
2026-10-06 16:24:01,no_kick_5.mp4,27,0,164.24542,153.96245,176.23224,176.81935,4.4403524,3.8580787
2026-10-06 16:24:02,no_kick_5.mp4,28,0,166.26355,155.36322,175.84549,176.38403,4.4154496,3.813631
2026-10-06 16:24:02,no_kick_5.mp4,29,0,166.40839,156.79442,175.46153,177.22702,4.373225,3.761975
2026-10-06 16:24:02,no_kick_5.mp4,30,0,165.86314,153.91774,175.61436,175.43996,4.400794,3.7703114
2026-10-06 16:24:02,no_kick_5.mp4,31,0,167.40031,155.97478,174.58965,176.53795,4.4988427,3.8139243
2026-10-06 16:24:02,no_kick_5.mp4,32,0,167.54424,155.72943,174.57411,176.7941,4.4103746,3.732952
2026-10-06 16:24:02,no_kick_6.mp4,1,0,150.0546,148.84027,144.58228,172.21463,12.058913,8.839466
2026-10-06 16:24:02,no_kick_6.mp4,2,0,151.2554,152.4894,149.64363,178.79065,7.2744036,5.4052877
2026-10-06 16:24:02,no_kick_6.mp4,3,0,148.46713,149.71835,147.99149,175.96452,7.2454915,5.506945
2026-10-06 16:24:02,no_kick_6.mp4,4,0,148.91693,156.21596,146.19452,179.59026,8.950616,6.8341556
2026-10-06 16:24:02,no_kick_6.mp4,5,0,145.63507,156.87935,146.69527,177.4671,12.449497,9.206197
2026-10-06 16:24:02,no_kick_6.mp4,6,0,145.69556,153.63388,147.63792,178.52448,8.276395,6.4171143
2026-10-06 16:24:02,no_kick_6.mp4,7,0,144.04463,163.23389,143.18042,176.74916,16.48269,12.415821
2026-10-06 16:24:02,no_kick_6.mp4,8,0,149.76376,163.22151,151.83116,169.98097,6.856304,5.587805
2026-10-06 16:24:02,no_kick_6.mp4,9,0,150.89064,166.97812,150.52432,175.56482,7.1390533,7.408529
2026-10-06 16:24:02,no_kick_6.mp4,10,0,151.1959,158.6768,153.20355,176.68169,5.79765,5.438451
2026-10-06 16:24:02,no_kick_6.mp4,11,0,155.41039,160.43677,153.62549,178.94667,7.196194,7.0285063
2026-10-06 16:24:02,no_kick_6.mp4,12,0,155.84427,163.99295,155.56616,175.83772,8.136379,7.819036
2026-10-06 16:24:02,no_kick_6.mp4,13,0,155.38367,161.77928,155.16403,176.5921,8.304176,6.92908
2026-10-06 16:24:02,no_kick_6.mp4,14,0,156.02678,161.6511,156.48546,177.95099,6.0403147,5.240569
2026-10-06 16:24:02,no_kick_6.mp4,15,0,156.16254,162.8384,155.7222,178.16965,6.6962557,5.6546645
2026-10-06 16:24:02,no_kick_6.mp4,16,0,158.07109,157.56117,157.5341,178.58154,7.291184,5.6473455
2026-10-06 16:24:02,no_kick_6.mp4,17,0,157.5847,160.6227,153.7143,178.28046,14.636608,11.321145
2026-10-06 16:24:02,no_kick_6.mp4,18,0,153.09811,155.12671,146.99066,175.28549,13.3804865,10.174443
2026-10-06 16:24:02,no_kick_6.mp4,19,0,146.27922,149.67453,144.64081,170.69376,9.953059,7.606877
2026-10-06 16:24:02,no_kick_6.mp4,20,0,149.25238,151.13809,143.67894,171.78545,7.0420127,5.037093
2026-10-06 16:24:02,no_kick_6.mp4,21,0,151.38504,151.09665,144.23299,171.74553,8.241439,5.9276433
2026-10-06 16:24:02,no_kick_6.mp4,22,0,152.43497,153.4623,144.7502,173.24518,7.8497124,5.5195074
2026-10-06 16:24:02,no_kick_6.mp4,23,0,154.59164,157.55295,145.1926,175.55295,8.753958,6.1401906
2026-10-06 16:24:02,no_kick_6.mp4,24,0,151.5682,157.83652,147.0839,175.92464,8.392065,6.052923
2026-10-06 16:24:02,no_kick_6.mp4,25,0,156.34619,163.84203,151.9093,178.13376,15.231861,10.850661
2026-10-06 16:24:02,no_kick_6.mp4,26,0,159.9512,169.42844,157.01982,170.94838,11.228518,8.166345
2026-10-06 16:24:03,no_kick_6.mp4,27,0,158.38745,172.15643,156.33661,170.81769,7.565538,5.5184617
2026-10-06 16:24:03,no_kick_6.mp4,28,0,157.47372,166.43642,156.07082,175.13658,7.595294,5.608399
2026-10-06 16:24:03,no_kick_6.mp4,29,0,156.283,162.8961,155.10077,178.71884,7.1864195,5.2348127
2026-10-06 16:24:03,no_kick_6.mp4,30,0,155.7665,158.27826,154.17279,178.49518,7.370524,5.1837287
2026-10-06 16:24:03,no_kick_6.mp4,31,0,154.71698,153.94116,154.98624,179.45177,5.8559732,4.205192
2026-10-06 16:24:03,no_kick_6.mp4,32,0,152.80325,166.45909,149.40579,177.99414,7.83287,5.251748
2026-10-06 16:24:03,no_kick_6.mp4,33,0,154.23877,165.22166,151.08719,177.40836,14.786534,9.992985
2026-10-06 16:24:03,no_kick_6.mp4,34,0,152.52138,163.8936,147.60454,178.17575,12.012153,8.045265
2026-10-06 16:24:03,no_kick_6.mp4,35,0,152.40477,156.3117,147.37524,173.83762,9.311092,6.532907
2026-10-06 16:24:03,no_kick_6.mp4,36,0,159.54948,159.62003,151.81572,178.18102,8.291456,5.838954
2026-10-06 16:24:03,no_kick_6.mp4,37,0,159.78415,159.25198,152.73923,179.89165,7.152726,5.027198
2026-10-06 16:24:03,no_kick_6.mp4,38,0,162.29988,161.83221,152.61534,178.72742,10.104417,6.9156966
2026-10-06 16:24:03,no_kick_6.mp4,39,0,159.14764,168.21266,151.4545,178.44743,8.09695,5.6121306
2026-10-06 16:24:03,no_kick_6.mp4,40,0,159.5607,171.66455,152.1767,175.52151,9.95856,7.0022855
2026-10-06 16:24:03,no_kick_6.mp4,41,0,164.79337,168.68246,158.54393,173.72145,12.940565,8.938618
2026-10-06 16:24:03,no_kick_6.mp4,42,0,164.64651,170.97412,158.37738,172.02794,12.4733,8.390423
2026-10-06 16:24:03,no_kick_6.mp4,43,0,165.81335,174.32753,161.08359,168.82559,7.747911,5.3738394
2026-10-06 16:24:03,no_kick_6.mp4,44,0,166.50154,174.15533,162.75357,169.56238,6.9951625,5.0164933
2026-10-06 16:24:03,no_kick_6.mp4,45,0,167.88521,168.17967,162.31584,174.42485,6.1785545,4.361582
2026-10-06 16:24:03,no_kick_6.mp4,46,0,168.4362,164.25525,162.64815,176.06352,5.8589406,4.03883
2026-10-06 16:24:03,no_kick_6.mp4,47,0,167.94617,163.91768,163.49988,174.27306,5.8193836,4.0882106
2026-10-06 16:24:03,no_kick_6.mp4,48,0,168.15686,164.68756,163.5103,171.98248,6.1296797,4.2462163
2026-10-06 16:24:03,no_kick_6.mp4,49,0,165.52905,167.64754,161.74417,170.6242,7.093779,5.066284
2026-10-06 16:24:03,no_kick_6.mp4,50,0,167.34694,167.18468,162.81487,170.50131,6.893677,5.0538096
2026-10-06 16:24:03,no_kick_6.mp4,51,0,168.83884,166.45029,162.50746,170.518,6.6680064,4.8402796
2026-10-06 16:24:03,no_kick_7.mp4,1,0,173.67531,171.6837,173.8545,176.91777,5.709625,4.7890964
2026-10-06 16:24:03,no_kick_7.mp4,2,0,170.0459,168.18246,174.05142,177.7891,7.15213,5.9685907
2026-10-06 16:24:03,no_kick_7.mp4,3,0,173.44691,171.58612,172.10086,179.61183,6.552102,5.6786413
2026-10-06 16:24:03,no_kick_7.mp4,4,0,168.06294,174.42851,172.27127,178.60997,5.9071007,5.2197185
2026-10-06 16:24:03,no_kick_7.mp4,5,0,168.72314,175.82747,172.04372,178.227,5.2279544,4.657622
2026-10-06 16:24:03,no_kick_7.mp4,6,0,170.18579,178.52394,169.08295,175.75752,4.6648164,4.221686
2026-10-06 16:24:03,no_kick_7.mp4,7,0,169.69972,179.20253,168.05013,174.86644,4.3004785,4.0134063
2026-10-06 16:24:03,no_kick_7.mp4,8,0,170.24258,177.29904,168.02661,175.90604,4.0285115,3.7978754
2026-10-06 16:24:04,no_kick_7.mp4,9,0,170.58734,174.76999,168.10165,177.20067,3.7957478,3.6243863
2026-10-06 16:24:04,no_kick_7.mp4,10,0,170.68839,176.04506,167.1667,176.37744,3.7047415,3.5641756
2026-10-06 16:24:04,no_kick_7.mp4,11,0,172.14354,176.65642,166.68228,176.46924,3.6147134,3.4571965
2026-10-06 16:24:04,no_kick_7.mp4,12,0,173.63501,178.02086,165.93765,175.74521,3.5647588,3.3940506
2026-10-06 16:24:04,no_kick_7.mp4,13,0,174.39832,179.49641,165.31801,174.3111,3.5962012,3.43214
2026-10-06 16:24:04,no_kick_7.mp4,14,0,174.80426,179.07845,165.66862,175.04092,3.64404,3.4454415
2026-10-06 16:24:04,no_kick_7.mp4,15,0,175.64095,179.15721,165.76418,174.59103,3.6477003,3.4689803
2026-10-06 16:24:04,no_kick_7.mp4,16,0,176.0161,179.2753,165.37628,174.04472,3.614998,3.4217892
2026-10-06 16:24:04,no_kick_7.mp4,17,0,177.45908,180.0,163.85262,172.49118,3.6340783,3.3415172
2026-10-06 16:24:04,no_kick_7.mp4,18,0,179.08891,177.89883,164.94669,173.96268,3.5906093,3.2979724
2026-10-06 16:24:04,no_kick_7.mp4,19,0,179.60385,177.37802,164.63576,173.72676,3.6240351,3.323337
2026-10-06 16:24:04,no_kick_7.mp4,20,0,178.55652,176.35373,164.67102,173.93579,3.693587,3.327911
2026-10-06 16:24:04,no_kick_7.mp4,21,0,178.39427,174.79764,164.73221,174.39174,3.7200058,3.3225348
2026-10-06 16:24:04,no_kick_7.mp4,22,0,177.55806,179.77443,161.93085,170.16238,3.763182,3.3567383
2026-10-06 16:24:04,no_kick_7.mp4,23,0,178.30997,176.92921,164.14261,173.05058,4.1602726,3.7221258
2026-10-06 16:24:04,no_kick_7.mp4,24,0,179.31328,174.4531,163.5454,172.29205,4.2746143,3.7765627
2026-10-06 16:24:04,no_kick_7.mp4,25,0,176.93797,177.83633,161.77522,169.91786,3.8980045,3.5064774
2026-10-06 16:24:04,no_kick_7.mp4,26,0,179.23128,177.06688,163.80466,173.15959,4.0187635,3.5899622
2026-10-06 16:24:04,no_kick_7.mp4,27,0,179.5893,177.86053,164.14284,172.78932,3.8733187,3.431296
2026-10-06 16:24:04,no_kick_8.mp4,1,0,153.00381,159.9,147.003,166.1341,5.71332,5.2077575
2026-10-06 16:24:04,no_kick_8.mp4,2,0,145.60149,147.9931,144.73062,163.17223,5.509058,5.104572
2026-10-06 16:24:04,no_kick_8.mp4,3,0,143.34953,146.4297,145.75095,166.10886,5.2257648,4.9190865
2026-10-06 16:24:04,no_kick_8.mp4,4,0,137.83423,142.49448,144.42105,165.95395,4.848074,4.6047893
2026-10-06 16:24:04,no_kick_8.mp4,5,0,134.68706,140.24515,142.95656,166.70819,4.6742783,4.575948
2026-10-06 16:24:04,no_kick_8.mp4,6,0,126.72916,132.19493,137.91626,163.7566,4.0451994,4.12093
2026-10-06 16:24:04,no_kick_8.mp4,7,0,129.38782,136.03763,138.43047,168.20534,3.4666986,3.6715646
2026-10-06 16:24:04,no_kick_8.mp4,8,0,135.64607,137.58698,138.96379,169.06427,3.3849518,3.4490175
2026-10-06 16:24:04,no_kick_8.mp4,9,0,145.99963,137.98549,139.05673,165.94604,3.2519743,3.0520408
2026-10-06 16:24:04,no_kick_8.mp4,10,0,151.09615,138.44307,141.10439,167.21213,3.4164393,3.0300877
2026-10-06 16:24:04,no_kick_8.mp4,11,0,154.71179,143.58423,140.70125,171.21907,3.431418,3.0826933
2026-10-06 16:24:04,no_kick_8.mp4,12,0,154.80095,153.11707,139.13432,177.99796,3.6248496,3.2886796
2026-10-06 16:24:04,no_kick_8.mp4,13,0,153.30858,150.70505,139.59447,178.12527,4.235324,3.7618186
2026-10-06 16:24:05,no_kick_8.mp4,14,0,156.13347,155.81993,146.45961,169.89482,4.7384033,4.4637933
2026-10-06 16:24:05,no_kick_8.mp4,15,0,156.5517,166.8598,151.48576,160.34415,7.1276197,6.5883737
2026-10-06 16:24:05,no_kick_8.mp4,16,0,151.10236,173.72026,152.10733,153.60454,10.584483,10.116533
2026-10-06 16:24:05,no_kick_8.mp4,17,0,151.76353,178.9715,152.24777,152.00652,33.81058,33.02997
2026-10-06 16:24:05,no_kick_8.mp4,18,0,149.2013,176.35641,149.84108,155.70258,17.468395,18.108337
2026-10-06 16:24:05,no_kick_8.mp4,19,0,145.0798,170.09491,147.21425,159.74492,12.462835,13.896129
2026-10-06 16:24:05,no_kick_8.mp4,20,0,143.96977,168.29596,142.98778,163.72424,10.404199,11.404454
2026-10-06 16:24:05,no_kick_8.mp4,21,0,145.25319,166.99394,144.14378,165.15993,13.507218,14.289535
2026-10-06 16:24:05,no_kick_8.mp4,22,0,147.62086,167.23517,143.46109,171.03807,52.799435,50.467823
2026-10-06 16:24:05,no_kick_8.mp4,23,0,148.51971,163.78758,143.86885,171.68993,17.164762,16.667456
2026-10-06 16:24:05,no_kick_8.mp4,24,0,147.86913,158.05638,141.93599,176.05826,14.137829,13.439584
2026-10-06 16:24:05,no_kick_8.mp4,25,0,144.68642,152.5371,136.85823,178.54706,12.334636,11.609489
2026-10-06 16:24:05,no_kick_8.mp4,26,0,142.01573,143.63547,130.76997,171.81293,5.273247,4.99238
2026-10-06 16:24:05,no_kick_8.mp4,27,0,145.84894,149.17659,135.90619,179.67253,4.863657,4.8495593
2026-10-06 16:24:05,no_kick_8.mp4,28,0,139.53612,151.32812,129.76256,178.59555,3.2770832,3.5143878
2026-10-06 16:24:05,no_kick_8.mp4,29,0,139.63144,151.12862,130.43266,178.06001,2.6951878,2.903128
2026-10-06 16:24:05,no_kick_8.mp4,30,0,141.642,149.31218,129.93399,177.81143,2.5963848,2.7093005
2026-10-06 16:24:05,no_kick_8.mp4,31,0,152.41736,146.00278,133.35826,178.43927,2.6794217,2.4784596
2026-10-06 16:24:05,no_kick_8.mp4,32,0,164.36176,153.44539,136.8756,176.22705,2.8369682,2.4125135
2026-10-06 16:24:05,no_kick_8.mp4,33,0,168.51292,157.08115,136.76535,174.11887,2.9900918,2.461945
2026-10-06 16:24:05,no_kick_8.mp4,34,0,169.62813,160.61324,138.43483,170.29898,2.9058328,2.4578235
2026-10-06 16:24:05,no_kick_8.mp4,35,0,169.55055,158.23485,138.73198,170.18686,2.7092555,2.3649752
2026-10-06 16:24:05,no_kick_8.mp4,36,0,160.22215,154.51985,136.08575,171.74213,2.6094687,2.408077
2026-10-06 16:24:05,no_kick_8.mp4,37,0,146.74632,156.15474,132.99376,169.33449,2.601871,2.6250331
2026-10-06 16:24:05,no_kick_8.mp4,38,0,152.4458,166.22925,133.19421,164.06448,2.6959822,2.7433932
2026-10-06 16:24:05,no_kick_8.mp4,39,0,147.15063,159.58653,132.18419,167.07771,3.1243064,3.2298403
2026-10-06 16:24:05,no_kick_8.mp4,40,0,156.03975,170.6907,133.7404,163.50336,4.631005,4.548729
2026-10-06 16:24:05,no_kick_8.mp4,41,0,160.40463,177.68268,136.50627,164.24202,5.944845,5.7806215
2026-10-06 16:24:05,no_kick_8.mp4,42,0,161.31062,178.68373,142.32549,160.99477,8.603754,8.325196
2026-10-06 16:24:05,no_kick_8.mp4,43,0,158.82309,177.78468,145.69225,161.4091,9.477681,9.263164
2026-10-06 16:24:05,no_kick_8.mp4,44,0,161.44778,179.78148,147.00723,164.0986,15.061154,15.400849
2026-10-06 16:24:05,no_kick_8.mp4,45,0,158.47343,177.87007,143.50314,167.96062,35.28295,36.65047
2026-10-06 16:24:05,no_kick_8.mp4,46,0,153.94705,175.99953,144.56757,166.19728,30.774094,32.200836
2026-10-06 16:24:06,no_kick_8.mp4,47,0,150.22514,170.00214,145.34024,166.36305,12.836851,13.315005
2026-10-06 16:24:06,no_kick_8.mp4,48,0,148.92268,166.83252,146.34468,165.12602,10.663639,11.075208
2026-10-06 16:24:06,no_kick_8.mp4,49,0,149.45366,166.65677,145.35423,165.92775,8.678468,8.9951935
2026-10-06 16:24:06,no_kick_8.mp4,50,0,149.3978,163.45563,142.37834,169.90668,10.750597,11.189795
2026-10-06 16:24:06,no_kick_8.mp4,51,0,149.5517,160.10544,141.50343,169.5053,10.819638,11.199483
2026-10-06 16:24:06,no_kick_8.mp4,52,0,138.50514,153.18642,138.07812,172.81679,11.614896,12.308315
2026-10-06 16:24:06,no_kick_8.mp4,53,0,150.98347,158.22531,139.07535,172.71109,24.553652,24.801363
2026-10-06 16:24:06,no_kick_8.mp4,54,0,156.55571,163.48985,143.28163,168.27586,14.720115,15.248222
2026-10-06 16:24:06,no_kick_8.mp4,55,0,158.38606,168.18091,145.42278,165.53262,17.842999,18.356863
2026-10-06 16:24:06,no_kick_8.mp4,56,0,156.19582,170.25343,144.3147,166.69164,20.442469,20.741232
2026-10-06 16:24:06,no_kick_8.mp4,57,0,156.50768,171.38725,142.63731,163.83987,14.7105665,15.970314
2026-10-06 16:24:06,no_kick_8.mp4,58,0,156.14952,172.8967,143.88611,163.0514,15.090917,16.128988
2026-10-06 16:24:06,no_kick_8.mp4,59,0,154.68118,170.35005,144.34012,162.57133,18.015686,18.782501
2026-10-06 16:24:06,no_kick_8.mp4,60,0,151.02802,166.99669,143.56317,164.41258,22.347837,22.437754
2026-10-06 16:24:06,no_kick_8.mp4,61,0,155.10497,163.98044,146.65115,164.12015,25.040815,24.88918
2026-10-06 16:24:06,no_kick_8.mp4,62,0,160.89325,161.11588,148.55373,166.88084,14.850389,13.902015
2026-10-06 16:24:06,no_kick_8.mp4,63,0,163.71013,166.79013,146.20987,167.8306,23.969553,21.844164
2026-10-06 16:24:06,no_kick_8.mp4,64,0,169.58241,163.51967,148.25397,169.48705,23.228361,20.874718
2026-10-06 16:24:06,no_kick_8.mp4,65,0,171.67384,164.35211,145.77528,171.1585,25.495728,23.097557
2026-10-06 16:24:06,no_kick_8.mp4,66,0,161.72334,161.66081,139.66603,176.90654,14.594497,13.644245
2026-10-06 16:24:06,no_kick_8.mp4,67,0,160.79286,157.34537,140.72801,178.24062,9.841846,8.975373
2026-10-06 16:24:06,no_kick_8.mp4,68,0,156.77647,155.21954,142.15024,176.4364,6.134796,5.7222886
2026-10-06 16:24:06,no_kick_8.mp4,69,0,151.82642,157.10307,143.84824,176.61174,5.5413733,5.2052155
2026-10-06 16:24:06,no_kick_8.mp4,70,0,152.29349,156.14749,146.6398,176.05916,4.860743,4.6191406
2026-10-06 16:24:06,no_kick_8.mp4,71,0,149.30281,153.51581,145.95328,169.65562,4.970748,4.777295
2026-10-06 16:24:06,no_kick_8.mp4,72,0,150.83253,154.33098,150.95853,170.9576,4.3677917,4.21381
2026-10-06 16:24:06,no_kick_8.mp4,73,0,150.6382,153.55678,151.63329,170.19489,4.1078176,3.936867
2026-10-06 16:24:06,no_kick_8.mp4,74,0,152.54495,153.73921,154.79793,171.71674,4.089716,3.7269368
2026-10-06 16:24:06,no_kick_8.mp4,75,0,156.50958,152.03517,159.71454,172.80943,4.3320065,3.7001429
2026-10-06 16:24:06,no_kick_8.mp4,76,0,157.87807,151.89635,161.2373,175.1438,4.3769298,3.6949296
2026-10-06 16:24:06,no_kick_8.mp4,77,0,161.82935,156.1127,163.88957,179.02141,4.4524355,3.7616477
2026-10-06 16:24:06,no_kick_8.mp4,78,0,165.38734,161.19237,166.13016,173.64655,4.4341416,3.9016337
2026-10-06 16:24:06,no_kick_8.mp4,79,0,168.1013,165.12549,166.17586,172.3471,4.415253,3.9940765
2026-10-06 16:24:07,no_kick_8.mp4,80,0,168.04684,167.63815,162.97563,174.49173,4.4371824,4.074216
2026-10-06 16:24:07,no_kick_8.mp4,81,0,160.18617,163.04297,159.4877,177.1275,5.630604,5.4023046
2026-10-06 16:24:07,no_kick_8.mp4,82,0,159.91797,161.71893,155.96008,179.7451,6.051687,5.873292
2026-10-06 16:24:07,no_kick_8.mp4,83,0,153.40007,156.25014,150.15625,174.51315,6.0058303,5.885574
2026-10-06 16:24:07,no_kick_8.mp4,84,0,148.58707,153.79224,146.95584,172.13432,6.530127,6.458382
2026-10-06 16:24:07,no_kick_8.mp4,85,0,143.4789,151.99532,145.88263,172.34317,6.592474,6.6284127
2026-10-06 16:24:07,no_kick_8.mp4,86,0,142.23712,156.073,144.37294,173.57141,7.0180926,6.944379
2026-10-06 16:24:07,no_kick_8.mp4,87,0,142.7399,153.43686,145.40338,172.77292,7.2853374,7.3171825
2026-10-06 16:24:07,no_kick_8.mp4,88,0,143.59837,154.4911,147.29578,173.56711,9.643989,9.605553
2026-10-06 16:24:07,no_kick_8.mp4,89,0,147.27051,159.96289,151.87656,178.2324,12.36976,12.155278
2026-10-06 16:24:07,no_kick_8.mp4,90,0,151.19638,160.47897,152.90201,178.90836,17.097122,16.69757
2026-10-06 16:24:07,no_kick_8.mp4,91,0,157.63129,159.83423,163.9425,176.23817,78.142365,78.759254
2026-10-06 16:24:07,no_kick_8.mp4,92,0,162.08385,163.88269,164.05548,175.58696,19.622469,19.149136
2026-10-06 16:24:07,no_kick_8.mp4,93,0,163.0202,166.07147,164.33925,175.87126,24.381199,23.707623
2026-10-06 16:24:07,no_kick_9.mp4,1,0,154.53279,165.11424,165.3511,176.11752,10.096547,9.799115
2026-10-06 16:24:07,no_kick_9.mp4,2,0,152.10443,171.52675,166.69154,178.9096,16.537241,16.0238
2026-10-06 16:24:07,no_kick_9.mp4,3,0,148.277,168.0765,163.97476,176.13551,21.651026,20.35929
2026-10-06 16:24:07,no_kick_9.mp4,4,0,148.41434,158.54395,164.77084,172.82954,23.239946,20.793043
2026-10-06 16:24:07,no_kick_9.mp4,5,0,148.57358,160.33551,167.66379,175.77885,22.335941,19.547386
2026-10-06 16:24:07,no_kick_9.mp4,6,0,146.05771,150.92236,164.97699,169.16898,34.07568,31.5515
2026-10-06 16:24:07,no_kick_9.mp4,7,0,143.43571,156.69089,166.93544,173.94339,23.363573,22.583878
2026-10-06 16:24:07,no_kick_9.mp4,8,0,138.57462,151.22433,166.06123,172.45071,29.792307,28.630703
2026-10-06 16:24:07,no_kick_9.mp4,9,0,133.75497,156.57329,164.92471,176.94398,12.986269,12.812503
2026-10-06 16:24:07,no_kick_9.mp4,10,0,134.55284,157.72073,164.7888,176.69032,11.629256,11.304184
2026-10-06 16:24:07,no_kick_9.mp4,11,0,138.52141,156.61407,166.57692,174.72392,11.007727,10.174707
2026-10-06 16:24:07,no_kick_9.mp4,12,0,145.2428,155.22525,169.56926,172.70721,16.462831,15.321215
2026-10-06 16:24:07,no_kick_9.mp4,13,0,151.57224,161.62831,172.67673,176.69653,22.215322,20.687096
2026-10-06 16:24:07,no_kick_9.mp4,14,0,152.90695,157.31245,170.55928,172.19409,36.736393,33.547825
2026-10-06 16:24:07,no_kick_9.mp4,15,0,148.77364,146.92476,167.8577,164.4393,17.050476,13.853731
2026-10-06 16:24:07,no_kick_9.mp4,16,0,148.51021,146.18694,167.81422,162.82393,16.848518,13.786474
2026-10-06 16:24:08,no_kick_9.mp4,17,0,145.6778,140.26288,165.33664,158.74446,16.607319,13.3953285
2026-10-06 16:24:08,no_kick_9.mp4,18,0,146.8144,142.0575,163.272,158.8544,18.508165,15.09397
2026-10-06 16:24:08,no_kick_9.mp4,19,0,145.5684,136.06676,164.43816,156.07632,27.691483,22.099876
2026-10-06 16:24:08,no_kick_9.mp4,20,0,147.95264,144.07307,166.45485,161.7265,21.917109,18.55122
2026-10-06 16:24:08,no_kick_9.mp4,21,0,151.91098,152.8446,169.17021,167.41293,11.555272,10.039234
2026-10-06 16:24:08,no_kick_9.mp4,22,0,148.734,149.52113,164.78227,162.1922,9.20282,8.162377
2026-10-06 16:24:08,no_kick_9.mp4,23,0,147.10875,139.20909,164.98439,160.15012,14.296506,11.896683
2026-10-06 16:24:08,no_kick_9.mp4,24,0,144.04971,132.0282,160.68376,151.55397,13.591091,11.446774
2026-10-06 16:24:08,no_kick_9.mp4,25,0,149.58267,136.22032,162.7681,156.47893,18.888323,15.49075
2026-10-06 16:24:08,no_kick_9.mp4,26,0,148.78525,133.13287,162.40108,153.51015,17.375338,13.980161
2026-10-06 16:24:08,no_kick_9.mp4,27,0,147.89996,139.15208,159.7131,154.94182,21.216072,17.362827
2026-10-06 16:24:08,no_kick_9.mp4,28,0,150.20367,145.30609,161.95526,157.54451,25.423061,20.462328
2026-10-06 16:24:08,no_kick_9.mp4,29,0,156.21428,156.51141,168.10013,166.50877,25.331947,21.527102
2026-10-06 16:24:08,no_kick_9.mp4,30,0,161.5781,166.11487,171.43375,173.77654,30.365501,28.12704
2026-10-06 16:24:08,no_kick_9.mp4,31,0,163.51479,167.20753,170.53787,174.27498,25.96047,24.793901
2026-10-06 16:24:08,no_kick_9.mp4,32,0,165.53947,168.09706,172.86206,176.1687,24.601915,23.725222
2026-10-06 16:24:08,no_kick_9.mp4,33,0,164.5871,164.10463,174.28275,175.90115,19.29773,17.00468
2026-10-06 16:24:08,no_kick_9.mp4,34,0,163.8209,164.55751,170.64987,174.14915,18.65527,17.806532
2026-10-06 16:24:08,no_kick_9.mp4,35,0,163.50595,163.86237,169.18918,172.31094,16.670677,16.021605
2026-10-06 16:24:08,no_kick_9.mp4,36,0,158.56874,160.63881,164.96924,168.44516,12.119522,12.182041
2026-10-06 16:24:08,no_kick_9.mp4,37,0,161.2377,164.8829,171.30023,174.39134,10.8046875,10.368453
2026-10-06 16:24:08,no_kick_9.mp4,38,0,163.12625,166.46497,170.90115,173.47383,8.455971,8.061333
2026-10-06 16:24:08,no_kick_9.mp4,39,0,163.979,164.29745,171.1737,170.81624,7.269615,6.359909
2026-10-06 16:24:08,no_kick_9.mp4,40,0,169.59938,168.85515,173.26862,173.12059,6.7530456,6.0135756
2026-10-06 16:24:08,no_kick_9.mp4,41,0,173.39519,172.16089,173.71118,173.6525,6.236781,5.5605927
2026-10-06 16:24:08,no_kick_9.mp4,42,0,174.3453,175.00557,173.8245,173.57059,6.0387,5.7455463
2026-10-06 16:24:08,no_kick_9.mp4,43,0,177.39503,176.31815,175.77426,173.97925,5.881385,5.758297
2026-10-06 16:24:08,no_kick_9.mp4,44,0,178.50601,178.12349,179.96042,177.28545,5.569137,5.479413
2026-10-06 16:24:08,no_kick_9.mp4,45,0,178.41698,171.59474,178.36229,172.67043,5.491274,5.377706
2026-10-06 16:24:08,no_kick_9.mp4,46,0,177.88806,171.44519,178.00815,174.6911,5.134895,4.9803567
2026-10-06 16:24:08,no_kick_9.mp4,47,0,178.44606,172.41731,178.02661,172.82741,5.0716643,4.958551
2026-10-06 16:24:08,no_kick_9.mp4,48,0,179.84804,174.58508,174.27313,176.40315,4.8729997,4.8452177
2026-10-06 16:24:08,no_kick_9.mp4,49,0,175.20256,172.61441,176.68884,173.62932,5.1140747,5.1582274
2026-10-06 16:24:08,no_kick_9.mp4,50,0,172.97575,172.51564,177.1448,172.67165,5.494582,5.5232406
2026-10-06 16:24:09,no_kick_9.mp4,51,0,173.40042,172.51695,176.35245,172.0064,5.5435634,5.544634
